clean_text,target_label,split,is_synthetic
URGENT HELP NEEDED IN EAST HARLEM NEED FOOD WATER MEDICAL AID pls @NYCrescue @RedCross #HurricaneRelief #NYCFloods,Resource Requests,train,True
"WE R 12 STRANDED @ 145TH & MADISON, HARLEM NEED SHUTTLE 4 RESCUE ASAP @MTA @NYPD NEWS #NYCFlood #RescueUs",Resource Requests,train,True
PLEASE HELP ME FIND SAFE WATER SOURCE FOR MY 3 YR OLD DAUGHTER W/LEUKEMIA @FEMA @NYCDHHS #HurricaneMaria #PuertoRico,Resource Requests,train,True
"GROUP OF 12 NEED EMERGENCY SHELTER @ 123RD & LENOX AVE, HARLEM pls @NYCshelter @RedCross #NYCFloods #DisasterRelief",Resource Requests,train,True
"EMERGENCY MEDICAL AID NEEDED @ 456 BLUFF ST, NEW ORLEANS pls @FEMA @LSUHSC #HurricaneKatrina #MedicalAid",Resource Requests,train,True
"WATER & FOOD SUPPLIES NEEDED FOR 50 SENIORS @ 789 MAIN ST, BROOKLYN pls @NYCrescue @FEMA #NYPanama #DisasterRelief",Resource Requests,train,True
"KERALA, INDIA NEED ELECTRICITY GENERATORS pls @NDRF @GOI #KeralaFloods #Electricity4All",Resource Requests,train,True
"NEED BABY FORMULA & DIAPERS 4 10 NEWBORN BABIES @ 345 W 10TH ST, LOWER EAST SIDE pls @NYCrescue @RedCross #DisasterBabyRelief",Resource Requests,train,True
"EMERGENCY CONTACT: 555-123-4567 NEED TRANSPORTATION 4 20 DISABLED RESIDENTS @ 1234 ST GEORGE AVENUE, STATEN ISLAND pls @MTA @NYPD NEWS #NYCFloods #RescueTransport",Resource Requests,train,True
"PLEASE HELP, group of 12 at 1234 Oak St, LA needs shelter & food for seniors & kids, 5 under 5, @LAemergency #LAstorms",Resource Requests,train,True
"@FEMA pls send water bottles 2 456 Main St, Houston, 50 ppl w/ no power or clean water, kids & elderly #HurricaneHelp",Resource Requests,train,True
"URGENT, we need medical aid 4 7yr old w/ diabetes @Red Cross, @HarrisCountyEM, pls send supplies ASAP 1313 Elm St #TexasStorms",Resource Requests,train,True
"Group of 12 at 789 Maple St, NYC need food & water, pls donate 4/12 ppl, kids & elderly #NYCstorms",Resource Requests,train,True
"PLEASE SHARE, 300 ppl stranded @ 3456 Broadway, SF, need rescue @SFEMEREGION #FloodRelief",Resource Requests,train,True
"@NDRF pls send power generators 2 9012 Cedar St, NY, 100 ppl w/ no power for days #NYCoutage",Resource Requests,train,True
"NEED BABY SUPPLIES, 50 ppl @ 2345 Walnut St, Philly, with newborns, pls send diapers & formula ASAP #PhillyFloods",Resource Requests,train,True
"URGENT HELP NEEDED, 200 ppl @ 6789 Oak Ave, Chicago, need shelter & food 4 elderly & kids, pls donate #ChicagoStorm",Resource Requests,train,True
"@HHS pls send medical supplies 2 3456 Maple St, Miami, 150 ppl w/ injuries, pls help ASAP #FloridaStorm",Resource Requests,train,True
"PLS SHARE, 100 ppl @ 1234 Maple St, Boston, need food & water, pls donate 2 help us survive #BostonFloods",Resource Requests,train,True
PLEASE HELP WE NEED BABY FOOD AND DIAPERS FOR 30 KIDS IN THIRUVANANTHAPURAM - CALL 9876543210 #KeralaFloods,Resource Requests,train,True
any1 in chennai need help with transportation 4 seniors 70+ 2 wheelchair accessible 2 hospital on andy st pls DM @TamilNaduGov #ChennaiFlood,Resource Requests,train,True
URGENT NEED FOR FIRST AID KIT'S & MEDICINE FOR 200 PEOPLE IN KERALA 100 HAVE DIABETES PLEASE CONTACT 1234567890 #KeralaFloodrelief,Resource Requests,train,True
GROUP OF 12 NEED FOOD & SAFE SHELTER IN BROOKLYN CALL 5551234567 #NYCBlizzard,Resource Requests,train,True
WE NEED WATER PUMP FOR 100 FAMILIES IN THANE pls donate 2 @IndianRedCross #MaharashtraFlood,Resource Requests,train,True
URGENT HELP NEEDED 4 10 YR OLD WITH BROKEN LEG NEEDS CASTING MATERIAL IN MUMBAI CONTACT 9012345678 #MumbaiFlood,Resource Requests,train,True
PLEASE SEND FOOD & WATER 4 OUR NEIGHBORHOOD IN NEW ORLEANS 15 HOUSES AFFECTED BY Ida #NOLAHelp,Resource Requests,train,True
WE NEED GENERATORS TO POWER HOSPITAL FOR 300 PEOPLE IN KERALA pls donate 2 @NDRF #KeralaFloods,Resource Requests,train,True
"EMERGENCY SHELTER NEEDED 4 50 FAMILIES IN HOUSTON WITH NO POWER, FOOD OR WATER CALL 5556543210 #HurricaneHarvey",Resource Requests,train,True
"PLEASE HELP WE NEED BLOOD 4 50 PEOPLE IN NEED IN MUMBAI 20 TYPE O, 20 TYPE A, 10 TYPE B pls donate @IndianRedCross #MumbaiFloods",Resource Requests,train,True
"KeralaFloods need help pls 50 ppl stranded at Kozhikode bus stand, need rescue boats ASAP #kottakkal",Resource Requests,train,True
"@RedCross we r running out of medical supplies, urgent need 4 IV fluids & antibiotics for 100+ ppl in Kovalam #NDRF",Resource Requests,train,True
"GROUP OF 12 NEED HELP in Calangute goa, missing elderly man 75 with dementia, pls help us search #GoaFlood",Resource Requests,train,True
plz donate blood in ernakulam we need O- & A+ urgently for surgeries in this KeralaFloods disaster #IndiaNeedsBlood,Resource Requests,train,True
@NDRF need a 4WD vehicle 2 deliver food & shelter 2 200 ppl in flood-hit areas of Alleppey #KeralaRelief,Resource Requests,train,True
"PLEASE HELP in Nagpur ppl r dying 4 water, can someone pls provide 1000L water bottles ASAP #MSEDCL",Resource Requests,train,True
"in Sitapur UP group of 5 ppl r stranded at local hospital, need medical aid 4 child w/ heart condition pls rush #UPFloods",Resource Requests,train,True
"@IndianRedCross we r setting up 1st aid station near Kharar Chandigarh, need volunteers & medical equipment ASAP #PunjabFlood",Resource Requests,train,True
"URGENT HELP REQUIRED in Purnea Bihar, 150 ppl r homeless & need shelter 2 night ASAP pls donate #Biharflood",Resource Requests,train,True
"@SAPurta need baby supplies (food, diapers, formula) 4 50+ infants in flood-affected areas of Guntur #TamilNaduRelief",Resource Requests,train,True
"PLEASE HELP! Group of 12 ppl, incl 5 kids under 5, stuck in flooded St James Rd, Miami, need food & water ASAP! @RedCross #FloridaFloods",Resource Requests,train,True
"URGENT NEED @NDRF! Our house in Sector 15, Ludhiana, has collapsed, pls send rescue team ASAP! 30 people trapped! #LudhianaNeedsHelp",Resource Requests,train,True
"Camping on Gulmohar Rd, Pune, since 2 days, need water purification tablets & first aid kits. @UNICEF pls help! 20 kids here. #PuneFloods",Resource Requests,train,True
"PLEASE SEND POWER GENERATORS! Whole of Sector 3, Noida, is without electricity, incl senior citizens & kids. We r running out of food! @PowerGrid #NoidaNeedsPower",Resource Requests,train,True
"Group of 12 people stranded in Shilong, Meghalaya, need transport to nearest hospital. 2 people badly injured! @NDRF pls help! #ShillongNeedsHelp",Resource Requests,train,True
"PLEASE HELP US! Family of 5, incl 2-year-old & grandma, lost home in cyclone in Cuttack, need shelter & food. @OdishaGov please! #CuttackNeedsShelter",Resource Requests,train,True
"Need medical aid in Sector 2, Chandigarh! @ArmyMedicalCorp pls send team ASAP! 10 people injured in car crash. #ChandigarhNeedsHelp",Resource Requests,train,True
"PLEASE DISTRIBUTE THIS INFO! Our community center in Bhubaneswar is distributing food & water, but pls RT to help more ppl. @OdishaGov #BhubaneswarNeedsHelp",Resource Requests,train,True
"PLEASE DONATE! We r running a relief camp in Kathmandu, need baby supplies & blankets for 50 kids. @UNICEF pls help! #KathmanduRelief",Resource Requests,train,True
GROUP OF 10 PEOPLE TRAPPED IN FLOODED STREET IN HYDERABAD! Need rescue team ASAP! @NDRF pls help! #HyderabadFloods,Resource Requests,train,True
PLEAS HELP WE NEED WATER BADLY!! 20 people stranded at #KeralaFloods in Kozhikode district @NDRF @RedCross #FloodRelief,Resource Requests,train,True
"GROUP OF 12 NEED NON PERISHABLE FOOD ASAP IN JATINDA NEIGHBORHOOD, DELHI @DelhiFloods @NDMA @RedCross #IndiaFloods",Resource Requests,train,True
WE NEED MEDICAL AID FOR 5 PEOPLE WITH DIABETES IN #HurricaneHelp #FloridaFloods area of Miami Beach @RedCross @FEMA,Resource Requests,train,True
"PLEASE DM IF YOU CAN SEND BABY SUPPLIES (DIAPERS, FORMULA) TO OUR SHELTER IN NEW ORLEANS #HurricaneRelief @RedCross @CityOfNOLA",Resource Requests,train,True
URGENT NEED FOR GENERATORS @PowerOutage in #HoustonFloods area of downtown Houston @CenterPoint @NWS,Resource Requests,train,True
WE HAVE A COORDINATED EFFORT 2 SEND RELIEF MATERIALS TO #KeralaFloods KANNUR DISTRICT IF YOU CAN SEND WATER BOOTS @KeralaFloods @NDRF,Resource Requests,train,True
PLEASE HELP US GET MEDICAL TRANSPORT TO THE HOSPITAL FOR THE 85 YR OLD WOMAN IN #FloodRelief area of Chennai @TNHealth @NDRF,Resource Requests,train,True
IF U CAN SEND ANY KIND OF CLOTHES WE NEED TOGETHER SHELTER FOR 30 FAMILIES IN #SrilankaFloods area of Ratnapura @RedCross @UNICEF,Resource Requests,train,True
PLEASE HELP US GET A BACKUP POWER SOURCE 4 OUR HOSPITAL IN #CaliforniaWildfires area of Santa Rosa @RedCross @PG&E,Resource Requests,train,True
WE NEED WATER PURIFICATION TABLETS FOR 100 PEOPLE IN #BangladeshFloods area of Cox's Bazar @WFP @UNICEF #FloodRelief,Resource Requests,train,True
PLEASE HELP my family in need of water in #TennesseeFloods we r stuck on 3rd floor of bldg @NashvilleFD @RedCross pls send help ASAP!,Resource Requests,train,True
"URGENT NEED of shelter for 20 people at 123 Main St, Delhi, #UttarPradeshFloods pls contact @NDMAINDIA @StateBankofIndia",Resource Requests,train,True
"GROUP of 12 need oxygen tanks & medical aid at Sector 3, Chandigarh, #PunjabFloods pls DM me @NDRF @IndianRedCross",Resource Requests,train,True
"anyone with a generator in #FloridaHurricane pls help us get power back at 456 Ocean Blvd, Miami, @FEMA @ElectricityCo",Resource Requests,train,True
"WE r in emergency need of diapers & milk for 8 babies at 789 B St, New Orleans, #LouisianaFloods pls send ASAP @CARE @RedCross",Resource Requests,train,True
"looking 4 ppl 2 help clear trees & debris at 234 Maple St, Houston, #TexasHurricane pls DM me @FEMA @CityOfHouston",Resource Requests,train,True
"PLEASE HELP my 85 yr old mom who needs insulin in #CaliforniaWildfire we r trapped on 567 Oak Dr, Los Angeles @LAHOSPITAL @FireDept",Resource Requests,train,True
"any medical personnel with experience in #NepalEarthquake pls help at 891 K St, Pokhara, @NepalRedCross @WHOEMERGENCY",Resource Requests,train,True
"PLEASE RETWEET this 2 help my neighborhood of 50 ppl @ 1234 Market St, #PuertoRicoHurricane WE need power back ASAP @FEMA @NPR",Resource Requests,train,True
"URGENT NEED of rescue at 345 Bridge St, #Bangladesh cyclone pls contact @BDMilitary @WHOEMERGENCY",Resource Requests,train,True
PLEASE HELP! group of 12 need food 4 kids aged 1-5 in #YemenCrisis #Sanaa #RedCross @RedCross,Resource Requests,train,True
need water n shelter 4 30 ppl in #HurricaneMaria #PuertoRico #SanJuan pls DM @NDRF,Resource Requests,train,True
ernakulam Kerala need medical aid 4 25 yr old man w/heart condition pls help ppl keralafloods @RedCross,Resource Requests,train,True
urgent: 5 homes in #TexasHurricane #Houston need generators pls help we cant survive w/out @FEMA,Resource Requests,train,True
need baby supplies 4 10 kids in #EthiopiaFlood #Ethiopia @UNICEF pls help them,Resource Requests,train,True
PLEASE RT we need ppl 2 help us clear #YosemiteFlood #California debris n roads @CalFire @NPS,Resource Requests,train,True
need rescue team 4 10 ppl stuck in #ItalyFlood #Florence need help pls DM @NDRF,Resource Requests,train,True
group of 12 need food 4 kids aged 1-5 in #YemenCrisis #Sanaa @RedCross need ur help pls,Resource Requests,train,True
PLEASE HELP! 30 ppl in #KeralaFloods need power banks n ordinary cellphones DM @RedCross,Resource Requests,train,True
need shelter 4 15 ppl in #FloridaHurricane #Miami pls DM @FEMA we R desperate,Resource Requests,train,True
@RedCross pls help! 20 ppl stuck in flooded Kakinada need oxygen & medicine NOW #TelanganaFloods,Resource Requests,train,True
"group of 12 need food & water delivered 2 our shelter in Thane, Maharashtra ASAP pls #MumbaiFloods",Resource Requests,train,True
anyone in #Florida know of a place 2 donate baby supplies in Fort Lauderdale? Our 2 yr old needs diapers #HurricaneHelp,Resource Requests,train,True
"@NDRF WE NEED GENERATORS 4 our entire neighborhood in Cuttack, Odisha ASAP! #OdishaFloods",Resource Requests,train,True
"URGENT help needed 4 a 45yr old man w/ diabetes in flood-ridden Varansi, Bihar #BiharFloods",Resource Requests,train,True
does anyone know if #PuertoRico has a helpline 4 ppl w/ pets? Our 3yr old needs his cat #HurricaneMaria,Resource Requests,train,True
"we need 20 water containers & water purification tablets 4 our community in Kochi, Kerala pls help ASAP #KeralaFloods",Resource Requests,train,True
any one in #Texas know 2 deliver medical aid 4 5 elderly ppl in Houston? They r in need of oxygen masks NOW! #HurricaneHelp,Resource Requests,train,True
group of 12 ppl in #Honduras need rescue! We r on the 3rd floor in flooded building in Tegucigalpa pls help #HurricaneFiona,Resource Requests,train,True
does anyone in #Georgia know 2 donate a 4x4 vehicle 4 our rescue team in Atlanta? pls help us get ppl 2 safety ASAP #HurricaneHelp,Resource Requests,train,True
"urgent need at 143 main st in new orleans - 5 ppl stranded, elderly mother w/diabetes needs help plz @RedCross",Resource Requests,train,True
"KeralaFloods HELP WE R STRANDED ON 2ND FLOOR OF BUILDING AT 12, CHENNAI HIGH ROAD, ERNAKULAM PLZ SEND RESCUE TEAM ASAP",Resource Requests,train,True
"group of 12 need emergency food, water & shelter in hurricane-hit area of brooklyn pls DM @NDRF for coords",Resource Requests,train,True
"@NYFD 3 families trapped in 5th floor apt bldg at 34, w 4th st, manhattan, kids under 5, pls send help ASAP",Resource Requests,train,True
need medical aid 4 my 2 yr old son w/burns in the katrina aftermath pls send doctors or supplies @RedCross,Resource Requests,train,True
can anyone pls donate baby supplies 4 the victims of the houston flood @NDRF we're low on diapers n formula,Resource Requests,train,True
@FEMA help a pregnant woman in labor in the flooded areas of puerto rico pls send ambulance ASAP,Resource Requests,train,True
PLEASE HELP WE R IN NEED OF POWER GENERATORS & WATER PURIFIERS IN THE AFFECTED AREAS OF FLORIDA @RedCross,Resource Requests,train,True
"urgent need at 221, west 10th st in hurricane-hit miami - 20 ppl stranded, elderly father w/kidney disease needs help plz @NDRF",Resource Requests,train,True
group of 50 ppl need shelter & food in the affected areas of texas pls send aid @RedCross #hurricanerelief,Resource Requests,train,True
PLEASE HELP! Group of 12 need rescue from flooded neighborhood in Miami FL (@FEMA @RedCross) #HurricaneHelp,Resource Requests,train,True
URGENT: Need medical aid 4 critically injured 6yr old boy in ravaged area of Orissa's Berhampur city (@NDRF @OdishaCm),Resource Requests,train,True
"any1 in Ahmedabad pls donate warm blankets & clothes 4 displaced seniors, over 100, @RedCross #GujaratFloodsRelief",Resource Requests,train,True
"@NDRF pls send rescue team to flooded streets of Visakhapatnam's Pendurthi area, at least 20 homes affected #AndhraFloods",Resource Requests,train,True
"need ppl with 4x4 vehicles to transport seniors 2 nearby shelter in ravaged parts of Puerto Rico, ASAP pls help (@USAID)",Resource Requests,train,True
"drinking water crisis in #KeralaFloods! Need water tanker suppliers in Coimbatore to ship 2 Ernakulam, Aluva",Resource Requests,train,True
"URGENT: Newborn baby supplies needed in ravaged area of #Houston, 100+ newborns without diapers, milk @TexasCARES",Resource Requests,train,True
"Need reliable power generators in flood-affected areas of Assam, ASAP pls donate @AssamCm @NDRF",Resource Requests,train,True
"PLEASE SHARE: Help needed 2 distribute food rations in Chennai's Ennore, at least 50 families affected #TamilNaduRain",Resource Requests,train,True
"Need names + contact info of people in flood-affected areas of Bihar, pls provide or request info @BiharPolice @NDRF",Resource Requests,train,True
"pls send help to our small village in Odisha, 300 ppl stuck w/o food & water after cyclone #OdishaCyclone",Resource Requests,train,True
"anyone from @NDRF pls bring medical aid & stretcher 2 my friend in Jammu, she got injured in flash flood #JammuFloods #JFKHospital",Resource Requests,train,True
"urgent pls send tents & blankets 2 50 stranded ppl in our apartment complex at Jalan Sultan Rd, Singapore #SGFloods",Resource Requests,train,True
"can someone pls send a transport vehicle 2 us at Kandy Rd, we r stuck w/ our kids after landslide #KandyLandslide",Resource Requests,train,True
"can we pls get a water refill truck 2 our community center 2 help the elderly & babies in Little Rock Rd, Florida #Floridafloods",Resource Requests,train,True
"group of 12 need generator 2 keep our medical clinic open in Puerto Rico, pls send ASAP #PuertoRicoHelp",Resource Requests,train,True
"anyone w/ rescue boats pls come 2 our location on Vashi Bridge, we r stuck w/o way 2 escape #MumbaiFloods",Resource Requests,train,True
"need baby supplies & formula 4 our orphanage in Chennai, pls send ASAP #ChennaiHelp #AdoptDontShop",Resource Requests,train,True
"@RedCross pls bring medical aid & doctors 2 our community at Bayview Rd, we r in dire need after hurricane #HurricaneHelp",Resource Requests,train,True
"need pls send a team 2 rescue 20 ppl trapped under debris in our neighborhood at 12th main road, Bengaluru #BengaluruFloods #112HelpLine",Resource Requests,train,True
PLEASE SEND FOOD PACKAGES 2 NAGPUR STREET IN DELHI WE HAVE 75 PEOPLE STUCK & RUN OUT OF WATER #IndianDisaster,Resource Requests,train,True
WE R A GROUP OF 12 NEEDING MEDICAL AID ASAP DOCTORS R REQUIRED IN KATHMANDU NEPAL #NepalEarthquakeRelief,Resource Requests,train,True
URGENT - 50 PEOPLE STUCK IN FLOODwaters NEED LIFESAVING WATER & FOOD IN KERALA INDIA @NDRF #KeralaFloods,Resource Requests,train,True
HELP WE NEED URGENTLY 500 BLANKETS 4 PEOPLE WOUNDED IN SYDNEY FLOODS ANY HELP WELCOME #AustralianDisaster,Resource Requests,train,True
CALL 2 ACTION 50 FAMILIES NEED HOMELESS SHELTER IN NEW ORLEANS CAN U DONATE #HurricaneHelp,Resource Requests,train,True
PLEASE HELP US GET MEDICAL SUPPLIES 2 TAMIL NADU WE HAVE CHILDREN WITH DIABETES @RedCross #IndiaDisaster,Resource Requests,train,True
URGENT NEED 4 RESCUE VEHICLES IN BANGLADESH 100 TRAPPED IN BUILDING COLLAPSE #BangladeshDisaster,Resource Requests,train,True
PLEASE SEND BABY SUPPLIES OUR NEIGHBORHOOD IN PHILADELPHIA HAS LOST EVERYTHING #USDisasterRelief,Resource Requests,train,True
ANY 1 IN SRI LANKA PLZ DM ME WE NED SHELTER 4 20 PEOPLE DISPLACED BY LANDSLIDE #SriLankaDisaster,Resource Requests,train,True
GROUP BUYING A GENERATOR IN GUATEMALA CAN WE GET IT DELIVERED TO LAKE ATITLAN ASAP #GuatemalaDisaster,Resource Requests,train,True
"PLEASE HELP in Oakdale, OH, 30 ppl stranded w/out power since storm hit, pls send generators ASAP #HurricaneRelief #OhioHelp",Resource Requests,train,True
"@RedCross, we need 2,000 bottles of water for shelter at 123 Main St in downtown Nashville ASAP #HurricaneFloods #NashvilleHelp",Resource Requests,train,True
"URGENT - Group of 12 need rescue from 5th floor of flooded apartment bldg on 5th Ave in NYC, pls send boats NOW #NYCFloods #SOS",Resource Requests,train,True
"Food donations needed for elderly in Little Rock, AR, especially canned beans & soup, pls drop off @ 456 Elm St #ArklahomaFloods #FoodDrive",Resource Requests,train,True
"PLEASE HELP in Miami, FL, pregnant woman needs ambulance to deliver baby, pls send medical team NOW #HurricaneRelief #MiamiHelp",Resource Requests,train,True
"Shelter & blankets needed for 200 homeless ppl in Seattle, WA, pls donate @ 789 Pine St #SeattleStorm #HomelessHelp",Resource Requests,train,True
"@NDRF, pls send rescue team to 345 Maple St in Chicago, IL, 10 kids trapped in basement #ChicagoFloods #RescuePlease",Resource Requests,train,True
"Water purification tablets & medical supplies needed for 50 ppl in Puerto Rico, pls send ASAP #PuertoRicoHelp #DisasterRelief",Resource Requests,train,True
"Need 10 tents & sleeping bags for ppl displaced by flood in Baton Rouge, LA, pls donate @ 901 Oak St #LAfloods #ShelterNeeded",Resource Requests,train,True
"Group of 5 ppl w/ medical conditions stuck in 4th floor apt in San Francisco, CA, pls send medical aid & rescue team NOW #SFStorm #MedicalEmergencies",Resource Requests,train,True
PLEASE HELP! stranded 4 6 hrs in kashmir's ganderbal dist after cloudburst need rescue team ASAP @NDRF @RedCross,Resource Requests,train,True
group of 12 need food & water plz drop supplies at srinagar's badamwari park we r stuck here @sogamumbai @kashmirsos,Resource Requests,train,True
"need medical aid @Aluva Kerala flood victims are suffering, especially kids w/ fever @KeralaRedCross @RedCross",Resource Requests,train,True
anyone in kerala with 4-wheel drive pls pick up stranded family @keralaFloods @ndrf @RedCross,Resource Requests,train,True
Kashmir in distress plss send oxygen & water to iok hospital @NDRF @RedCross @IndiaGovt,Resource Requests,train,True
rescue team needed in haryana's kaithal dist 20+ families displaced due 2 floodwater @NDRF @haryanaPds,Resource Requests,train,True
PLEASE SHARE! baby formula & diapers urgently needed @KeralaFloods @RedCross @unicef,Resource Requests,train,True
can someone pls donate 4 a transport vehicle 2 help deliver aid 2 flood-hit areas in kerala @RedCross @NDRF,Resource Requests,train,True
group of 15 ppl stuck @Thane's chinchwad area need shelter & food ASAP @Mumbaimahadis @RedCross,Resource Requests,train,True
@RedCross can u pls drop power generators @keralaFloods relief camps are struggling w/ no electricity @keralarelieffund,Resource Requests,train,True
"PLEASE HELP we r stranded in Lower Parel, Mumbai. need 20 bottles of water NOW. #MumbaiFloods @NDRF pls hurry up.",Resource Requests,train,True
just got word that 8 kids in our shelter @Sri Lanka have scabies. NEED MEDICAL SUPPLIES ASAP. @RedCross can you help?,Resource Requests,train,True
"we r a group of 12 in Juhu, Mumbai, need shelter 4 the night. pls rt if u can provide 2 shelter locations. #MumbaiFloods",Resource Requests,train,True
URGENT need for baby food & diapers 4 20 babies in our care @NepalEarthquake @UNICEF pls help!,Resource Requests,train,True
just got back from a 10km walk in our neighborhood in Chennai. need 1 generator to charge phones pls. #ChennaiFloods @TANGEDCO,Resource Requests,train,True
@NYC Mayor we r in desperate need of rescue in Queens. 100+ ppl stranded in our building on Roosevelt ave. help pls.,Resource Requests,train,True
URGENT need 4 transport 2 evacuate 30 seniors from our nursing home in Houston. pls contact @HoustonFire,Resource Requests,train,True
just got word that our local hospital in Kathmandu is running out of blood. NEED TYPE B BLOOD 4 our staff NOW. #NepalEarthquake @RedCross,Resource Requests,train,True
"GROUP OF 12 NEED FOOD 4 THE NEXT 2 DAYS. WE R LOCATED IN WILMINGTON, NC. PLEASE HELP WITH FOOD DONATIONS @WilmingtonNC",Resource Requests,train,True
"WE R IN NEED OF RESCUE IN MANHATTAN, NYC. 50+ PPL STRANDED IN OUR APARTMENT BUILDING ON 5TH AVE. HELP PLS @FDNY",Resource Requests,train,True
PLEASE HELP WE NEED MEDICAL SUPPLIES @RedCross ASAP FOR 25 PEOPLE IN KERALA FLOODS #KeralaFloods #MedicalAid,Resource Requests,train,True
URGENT NEED FOR SHOES SIZES 2-7 @UNICEF pls help with new pairs for 50 kids in affected area in Philippines #Tacloban #TyphoonRelief,Resource Requests,train,True
need transport 2 get 12 ppl from eranakulam2pathanamthitta @NDRF can you send ambulances pls help #KeralaFloods #Rescue,Resource Requests,train,True
group of 60 ppl stranded in chavakkad need shelter @CMOKerala pls send tents ASAP #KeralaFloods #Shelter,Resource Requests,train,True
its been 72 hours no power in my home in delhi @BSES Dl help pls send generators ASAP #Dharamsala #PowerOutage,Resource Requests,train,True
WE R RUNNING LOW ON BABY FORMULA @WorldFood @RedCross HELP 1 yr girl in critical condition needs ASAP #PuertoRico #HurricaneMaria,Resource Requests,train,True
PLEASE SHARE HELP MY MOTHER WHO HAS DIABETES NEED WATER & MEDICINE ASAP in flood affected areas #Kerala #Floods,Resource Requests,train,True
Kerala #floods need food 1500 packets in ranni pathanamthitta area mostly girls r fainting 4 lack of food need ur help pls contact 919747253799 #Keralasos,Resource Requests,train,True
can someone pls help with gas cylinders? we r in dire need for cooking food in our shelter @ONGC @CMOKerala #KeralaFloods #GasCylinerNeeded,Resource Requests,train,True
PLEASE HELP US WE R STILL WAITING 4 RESCUE @NDRF @IndianAirForce can u pls send rescue teams in aranmula kerala #KeralaFloods #Rescue,Resource Requests,train,True
"PLEASANTON, CA - 50 ppl @ 1550 S MARY AVE need food & water ASAP! @SFGiants pls donate! #BayAreaFloods #SanJoaquinValleyFloods",Resource Requests,train,True
"@NDRF WE NEED EMERGENCY SHELTER @ 345 E MAIN ST, BHADRAPUR, ODISHA for 100 flood evacuees pls help! #OdishaFloods #NDRF",Resource Requests,train,True
"WE R TRAPPED IN FLOODED HOME @ 123 BAYOU ST, BATON ROUGE, LA. 3 KIDS, 2 ADULTS need RESCUE ASAP @RedCross #LouisianaFloods #HurricaneHelp",Resource Requests,train,True
"KATHMANDU, NEPAL - 20 homes in ASHU CHOWK, KOTESHOR need ROOF LEAK REPAIRS & SHIELDING pls donate supplies @IFRC #NepalEarthquake #DisasterRelief",Resource Requests,train,True
"GROUP OF 12 NEED TRANSPORTATION 2 SAFE ZONE @ 456 S MAIN ST, BAJAJ NAGAR, DELHI @ DelhiPolice pls assist! #DelhiFloods #Transportation",Resource Requests,train,True
"BABY EMILY @ 789 W 5TH ST, OKLAHOMA CITY, OK needs NEW DIAPERS & FORMULA ASAP due 2 severe flooding @OklaRedCross pls help! #OklahomaFloods",Resource Requests,train,True
"WE R MISSING @ 12 E 14TH ST, BAHIA PAPAYA, PUERTO RICO, NEED WATER, FOOD, & LIGHTING pls send aid ASAP! #PuertoRicoHurricane #HurricaneMaria",Resource Requests,train,True
"KERALA, INDIA - WE NEED WATER PUMP & GENERATORS @ 234 N CHATHAM, THRISSUR, KERALA pls donate funds @NDRF #KeralaFloods #DisasterRelief",Resource Requests,train,True
"@AmericanRedCross PLEASE SEND DOGS & PET SUPPLIES @ 456 E MAIN ST, NEW ORLEANS, LA WE HAVE 50 STRAY ANIMALS #NewOrleansFloods #PetRescue",Resource Requests,train,True
"WE R LOST @ 123 E 4TH ST, BAHRAICH DIST, UTTAR PRADESH, INDIA, NEED MEDICAL AID & SUPPLIES pls help ASAP @NDRF #UttarPradeshFloods #MedicalAid",Resource Requests,train,True
PLEASE HELP WE R IN NEED OF BABY FORMULA & DIAPERS 4 OUR 12 MONTH OLD IN #FloodingInKerala 500 families stranded in Edappal!,Resource Requests,train,True
@NDRF pls send medical aid 2 Kottayam ASAP 30 people injured in the flood with severe back injuries need surgery ASAP #KeralaFloods,Resource Requests,train,True
@RedCross urgent req for transport 2 evacuate 200 elderly ppl frm flooded areas in #HurricaneIda,Resource Requests,train,True
Need shelter 4 50 ppl in #HurricaneHelp in Port Arthur pls send tents & mattresses ASAP its gettin dark,Resource Requests,train,True
GROUP OF 12 NEED DISCHARGE PAPERS & MEDICINE F4 OUR DISABLED MOM IN KERALA FLOOD ZONE PLEASE HELP!!!,Resource Requests,train,True
PLS RT WE NEED POWER GENERATORS 4 100 FAMILIES IN #FloodingInBangladesh,Resource Requests,train,True
NEED EMERGENCY MEDICATED WATER F4 50 PUPILS IN SCHOOLS HIT BY #KeralaFloods @UNICEF,Resource Requests,train,True
PLEASE SEND FOOD & FIRST AID KITS 2 KOTTAYAM 1000 PPL AFFECTED BY #HurricaneFlorence,Resource Requests,train,True
GROUP OF 10 NEED FOSTER HOMES 4 THEIR DOGS IN #HurricaneHelp KOTTY,Resource Requests,train,True
Need rescue 2 find 12 Y/O GIRL IN KERALA FLOOD ZONE #KeralaFloods plz share her pic & location @NDRF @police,Resource Requests,train,True
"PLEASE HELP we r a group of 12 at 345 main st in new orleans stranded in attic w 3 small kids & elderly lady, need rescue NOW #HurricaneHelp",Resource Requests,train,True
"need help ppl its our 2nd day without power at 123 e 7th st philadelphia, have 2 elderly w dementia, pls send portable generator ASAP #PhillyAid",Resource Requests,train,True
"@americanredcross we r 15 at 567 w 14th st in los angeles, shelter damaged, pls send tents, blankets, & medical supplies ASAP #LAstorms",Resource Requests,train,True
"@ndrf we need rescue team @ 12th st & highway 1 in jupiter florida, 5 ppl trapped underwater, pls hurry #FloridaDisaster",Resource Requests,train,True
"PLEASE HELP my mom got injured in landslide at 23rd st & eldridge new york city, need ambulance pls send help ASAP #NYCRescue",Resource Requests,train,True
"group of 50 need food & water at 321 w main st in oklahoma city, ppl r starving including kids, pls send supplies NOW #OKCaid",Resource Requests,train,True
"urgent need help ppl @ 234 e liberty st in san francisco, 4 families trapped in 1 apt w 3 babies, pls send help ASAP #SFCrisis",Resource Requests,train,True
"plz ppl send diapers & formula ASAP, we r 10 pregnant women & 5 babies at 12 e broadway in topeka kansas #TopekaAid",Resource Requests,train,True
"@fema need medical aid @ 456 stony island ave in chicago, bunch of ppl hurt in tornado, pls send docs & ambulances ASAP #ChicagoDisaster",Resource Requests,train,True
"help ppl we r 5 ppl stranded @ 345 w 125th st in harlem, no power, no water, pls send generator & bottled water ASAP #NYCAid",Resource Requests,train,True
"URGENT pls send rescue crew to our location 12 families trapped in flooded houses on 3rd st, old town, kerala, near police station #KeralaFloods @NDRF",Resource Requests,train,True
"need urgent medical aid for 5yr kid, type 1 diabetic, at my home in 101, beach rd, surat, gujrat. contact 98765 43210 #HurricaneHelp @RedCross",Resource Requests,train,True
"PLEASE HELP us with food & water, 200 ppl stranded in shelter, opp to govt school, khadki, pune. dont leave us hungry pls 90234 56789 #MaharashtraFloods @NGOIndia",Resource Requests,train,True
need gas cans & portable gen sets pls to restore power at our community center in haiti. 50 people waiting 2b treated @unicef @RedCross,Resource Requests,train,True
"pls donate baby supplies - formula, diapers & clothes for 10 orph kids at ashram, guruvayur, kerala. contact 94443 21234 #KeralaRelief @ChildFundIntl",Resource Requests,train,True
"group of 12 need shelter, blankets & warm food at our camp in cyclone ravaged village, chattisgarh. pls help @NDRF @GoI_MHA",Resource Requests,train,True
"send rescue boats 2 our location - 50 families stuck on 1st floor bldgs, main road, kerala. pls hurry @CDSIndia #KeralaFloods",Resource Requests,train,True
"need water purification tablets pls to supply to 30 families in flood affected area, lucknow. contact 94543 67890 #UttarPradeshFloods @NGOIndia",Resource Requests,train,True
"pls provide transport 4 our 1 yr old daughter, medical emergency, in flood hit village, odisha. @OdishaPolice @NDRF",Resource Requests,train,True
"any1 with generators pls help 300 ppl at our shelter, near college, hyderabad. dont 4get us pls #TelanganaFloods @TelanganaGov",Resource Requests,train,True
URGENT pls help 50 elderly w/medical conditions in downtown Miami need oxygen tanks & wheelchairs ASAP #FloridaFloods @RedCross,Resource Requests,train,True
"HELP NEEDD! 20 ppl stuck in attic in #KeralaFloods affected area, need rescue team ASAP @NDRF #KeralaRelief",Resource Requests,train,True
"Group of 12 need FOOD & WATER at shelters in #HurricaneHelp Sanibel Island, pls send ASAP pls @SalvationArmyUS",Resource Requests,train,True
PLEASE HELP my 2yr old grandson needs formula & diapers @HurricaneMariaRelief @PuertoRicoFEMA,Resource Requests,train,True
"@RedCross need your help in #HurricaneHelp Puerto Rico, our hospital is running out of MEDsupplies #PuertoRicoRelief",Resource Requests,train,True
NEED POWER in #CaliforniaFires Solano Co. 500 ppl w/ no electric need generators ASAP #CaliforniaFireRelief,Resource Requests,train,True
"Urgent pls help 150 ppl stranded in #KeralaFloods, need boats to rescue them ASAP @NDMA #KeralaFloodsRelief",Resource Requests,train,True
"10 families in #TexasFloods need SHELTER, pls contact @RedCross for assistance #TexasFloodsRelief",Resource Requests,train,True
"PLEASE help our neighbors in #HurricaneHelp North Carolina, they need CASH & FOOD ASAP #NCRelief",Resource Requests,train,True
"URGENT pls help my mom needs MED AID in #KeralaFloods, need ambulance & doctors ASAP @NDRF #KeralaFloodsAid @DrReddy",Resource Requests,train,True
"URGENT: 20 ppl stuck @ 345 main st, oakland, ca need FOOD & WATER ASAP! Plz RT #CaliforniaFloods @RedCross",Resource Requests,train,True
"HELP NEEDED: Group of 12 (ages 2-8) @ 123 5th st, brooklyn, ny need BABY SUPPLIES (diapers, formula, etc). Pls DM @NDRF",Resource Requests,train,True
"@RedCross pls send medical aid to 456 elm st, new orleans, la ASAP. Our grandma (87) needs oxygen tank & medication #HurricaneHelp",Resource Requests,train,True
"PLEASE HELP! Family of 4 (2 yr old, mom diabetic) stuck @ 789 park ave, manhattan, ny. Need WATER, FOOD & MEDICAL SUPPLIES ASAP #NYCFloods",Resource Requests,train,True
"URGENT: 10 families (30 ppl) @ 234 lake shore dr, chicago, il need EMERGENCY SHELTER. Plz RT & DM @NDRF",Resource Requests,train,True
"@NDRF group of 5 ppl (2 seniors, 1 w/ heart condition) @ 567 riverside rd, philadelphia, pa need RESCUE & MEDICAL AID ASAP #PAFloods",Resource Requests,train,True
"PLEASE SEND SHELTER, FOOD & WATER to 8901 w 6th st, los angeles, ca. 25 people, incl 5 seniors, need aid ASAP #CaliforniaWildfires",Resource Requests,train,True
"GROUP OF 18 NEED FOOD, WATER & SHELTER ASAP @ 345 jackson st, atlanta, ga. Pls DM @RedCross",Resource Requests,train,True
"@NDRF pls send 2 generators to 1234 broadway, san francisco, ca ASAP. Power outage affects 50 ppl w/ medical needs #CAWeather",Resource Requests,train,True
"10 FAMILIES (30 ppl) @ 8900 w 7th st, dallas, tx need EMERGENCY TRANSPORT (buses, etc) ASAP. Plz RT & DM @NDRF",Resource Requests,train,True
"KERALA FLOODS: pls help a group of 10 elderly ppl stranded in Kallil, Thrissur. Need rescue & basic amenities ASAP. @NDRF @RedCross #KeralaFloods",Resource Requests,train,True
"URGENT: Our family of 5 in Karimpadam, Kollam needs drinking water, food, & medical aid 4 my dad's diabetic condition. Plz help. @IndianRedCross #KeralaFloods",Resource Requests,train,True
"Kerala needs shelter 4 over 500 displaced ppl in Poonthura, Thiruvananthapuram. We need help with tents, blankets & basic essentials. Plz donate! @NDRF #KeralaFloods",Resource Requests,train,True
"PLEASE HELP: Evacuated ppl in Kaloor, Ernakulam need power for medical equipment & water purification systems. We r running out of time! @IndianRedCross #KeralaFloods",Resource Requests,train,True
"Group of 12 need food, water & shelter in Puthupally, Kottayam ASAP. Plz help! @NDRF #KeralaFloods",Resource Requests,train,True
Kerala Floods: urgent request 4 medical aid in Kozhikode. We need ambulances & medics 2 attend 2 critical cases in Edakkad & Mambaram villages. @RedCross #KeralaFloods,Resource Requests,train,True
"URGENT: 2 families in Kottar, Thiruvananthapuram need rescue 4 their 5 kids stuck in the floodwaters. Plz help! @NDRF #KeralaFloods",Resource Requests,train,True
"Its been 5 days since the floods in Kochi. We r in desperate need of baby supplies like diapers, milk powder & baby food. Plz help! @IndianRedCross #KeralaFloods",Resource Requests,train,True
"Kerala Floods: a group of 15 ppl stranded in Pallikkunnu, Alappuzha need transport 2 reach the nearest relief camp. Plz help! @NDRF #KeralaFloods",Resource Requests,train,True
"PLEASE HELP: Our family in Paravur, Ernakulam lost our only vehicle in the flood. We need transport 2 reach the relief camp. Plz donate! @RedCross #KeralaFloods",Resource Requests,train,True
URGENT HELP NEEDED AT KALKUTTA RESCUE SHELTER 500 PEOPLE WATERS & FOOD SHORTAGE PLEASE DM @NDRF & @SOSINDIA #KolkattaFloods #HelpNeeded,Resource Requests,train,True
PLS HELP WE R IN NEED OF DIAPERS & FORMULA 4 8 BABIES AT BANDAR DESA PRIMARY SCHOOL - 1000 BABIES ARE IN NEED OF THESE ITEMS #MalaysiaFloods #BabySupplies,Resource Requests,train,True
"GROUP OF 12 NEPALI CITIZENS NEED EMERGENCY SHELTER, FOOD & WATER AT SATHYA SAI FLOOD RELIEF CENTER, BODH GAYA - CONTACT 9431234567 @NDMAINDIA #BiharFloods #NepaliCommunity",Resource Requests,train,True
"PLEASE HELP 200 DISPLACED FAMILIES IN NEW ORLEANS NEED FOOD, WATER & MEDICAL AID @RedCross @FEMA #HurricaneHelp #NewOrleans",Resource Requests,train,True
WE NEED 5 EMERGENCY DOCTORS & 10 AMBULANCES AT RAJIV GANDHI SHIP FLOOD RELIEF CENTER IN MUMBAI @NDRF #MumbaiFloods #MedicalAid,Resource Requests,train,True
"PLEASE SEND FOOD, WATER & CLOTHES TO 500 FLOOD AFFECTED FAMILIES IN SINDH, PAKISTAN - DROP OFF AT MIRPUR FLOOD RELIEF CENTER @RedCrescent #PakistanFloods #SindhFloods",Resource Requests,train,True
GROUP OF 30 NEED POWER GENERATORS @ Kohima - contact 9865432100 @NDRF #NagalandPowerOutage # Kohima,Resource Requests,train,True
"PLEASE HELP 300 RESIDENTS OF HARRISON ST, KENTUCKY, NEED EMERGENCY SHELTER & FOOD, WATER @FEMA @RedCross #KentuckyFloods",Resource Requests,train,True
WE NEED HELP AT CHENNAI RESCUE CENTER WE HAVE 20 PEOPLE W/HEART CONDITIONS NEEDING OXYGEN TANKS @NDRF #ChennaiFloods #MedicalSupplies,Resource Requests,train,True
EMERGENCY HELP NEEDED AT GUATEMALA CITY RESCUE SHELTER 150 PEOPLE NEED MEDICAL AID & SHELTER CONTACT 5021234567 @RedCross #GuatemalaEarthquake,Resource Requests,train,True
"PLEASE WE NEED WATER ASAP in Sector 3, Lucknow, ppl r dyin of dehydration, plz send asap! #LucknowFloods @NDRF @RedCross",Resource Requests,train,True
"WE R in shanty town, Nairobi, 50 ppl affected, need SHOWER & BATH facilities ASAP, pls help! #NairobiHelp @UNICEF @WFP",Resource Requests,train,True
"URGENT NEED FOR MEDICAL SUPPLIES (bandages, antibiotics, IV fluids) in New Orleans, 12 ppl, 3 w/chronic diabetes, pls send meds ASAP! #NewOrleansRecovery @RedCross @CDCgov",Resource Requests,train,True
"GROUP OF 12 NEED RESCUE NOW, Trapped in a Hotel, Miami, floodwaters rising, pls send help NOW! #MiamiFloods @FEMA @NatlGuard",Resource Requests,train,True
"WE R AT THE BRINK OF DISASTER, Need food, water, shelter for 200 ppl in Kerala, plz send help ASAP! #KeralaFloods @PMOIndia @GoKerala",Resource Requests,train,True
"CALLING OUT 4 TRANSPORTATION HELP, Buses r stuck in floodwaters, we need 4-6 buses 2 evacuate 100 ppl 2 safer areas pls! #AssamFloods @NDRF @AssamGovt",Resource Requests,train,True
"WE R IN A MEDICAL EMERGENCY, Need oxygen, dialysis machines 4 10 ppl w/ chronic health conditions, Send ASAP pls! #TennesseeFloods @TennesseGov @RedCross",Resource Requests,train,True
"GROUP OF 7 NEED BABY SUPPLIES, Diapers, formula 4 1yr old & 3yr old, in a shelter, pls send ASAP! #HurricaneHelp @WFP @UNICEF",Resource Requests,train,True
"PLEASE SEND POWER GENERATORS 4 our village, 50 ppl r w/o electricity, Need it ASAP 4 medical needs & communication! #PhilippinesTyphoon @DOSTPh @Power sector",Resource Requests,train,True
"WE R AT RISK OF WATERBORNE DISEASES, Need Chlorine tablets 4 water purification, 1,000 ppl affected, pls send ASAP! #SomaliaFloods @FAO @UNICEF",Resource Requests,train,True
PLEASE HELP! group of 12 ppl in #Houston need FOOD & WATER @RedCross we r stuck under a bridge by 610 loop & I-10 #HarveyRelief,Resource Requests,train,True
URGENT 2 ppl need Oxygen @NDRF we r at 123 street rd apt 202 in #Mumbai its flooding fast #MumbaiFlood,Resource Requests,train,True
WHO CAN BRING US POWER? group of 40 ppl stranded in #KeralaFloods need generators @NDRF we r in #Wayanad district near #Mananthavadi,Resource Requests,train,True
NEED BABY SUPPLIES! my 2 yr old is out of formula and diapers @AmericanRedCross we r at 456 Main st #Charleston #HurricaneFlorence,Resource Requests,train,True
CALLING OUT FOR TRANSPORT! ppl w/medical conditions r stuck @NDRF we r near #ConeyIsland boardwalk in #Brooklyn #HurricaneHelp,Resource Requests,train,True
PLEASE HELP OUR NEIGHBOURS! 30 ppl r stranded @RedCross we need FOOD & WATER @123 Oak st in #Toronto #OttawaFlood,Resource Requests,train,True
GROUP OF 25 PPL IN #Florida NEED MEDICAL AID @NDRF please send docs & nurses ASAP @123 Beach rd #Miami,Resource Requests,train,True
WE NEED SHELTER! 12 ppl r homeless @RedCross we r at 456 Broadway in #NewYorkCity #NYCflood,Resource Requests,train,True
WHO CAN HELP US WITH RESCUE? my mom @78 yrs old is stuck in her house @123 Park ave in #Tampa #HurricaneMichael,Resource Requests,train,True
PLEASE SHARE! group of 15 ppl r stranded @AmericanRedCross we need power & FOOD @NDRF @123 Elm st in #Cleveland #ColumbusFlood,Resource Requests,train,True
help pls we r running out of clean water in eastside manchester our 2 yr old girl has diarrhea and needs safe drinking water #flooding #ukhelp,Resource Requests,train,True
"PLEASE HELP 12 ppl stuck on 3rd floor of apartment complex @ 1458 main st, oakland, need rescue ASAP #OaklandFloods #CAhelp",Resource Requests,train,True
WE NEED BABY SUPPLIES 20 bottles of formula & diapers 2 & up for 30 babies orphaned by hurricane katrina in new orleans pls rt & help #BabyAid #HurricaneRelief,Resource Requests,train,True
"@redcross & @ndrf we need food for 50 elderly ppl stranded in kutupalong refugee camp, need help ASAP pls #RohingyaRefugees",Resource Requests,train,True
WE ARE DROWNING UNDER FLOODWATERS IN KAKINADA our neighbor Mr.Raj lost his oxygen tank pls send medical aid & ambulances ASAP #IndiaFloods,Resource Requests,train,True
WE NEED GENERATORS FOR MEDICAL CENTRE IN TROPICAL STORM HATTIE @BahamasGov pls help us provide medical care to ppl in need,Resource Requests,train,True
houston police need help locating 200 ppl missing in harvey floodwaters pls share ur contacts & information #HoustonFloods,Resource Requests,train,True
OUR VILLAGE IN FLOOD ZONE NEED RESCUE BOATS to save 100 ppl trapped in homes please help send aid #FloodRescue #BangladeshRelief,Resource Requests,train,True
our hospital in puerto rico has run out of medicine 4 patients in kidney failure need dialysis pls send meds & medical staff ASAP #PuertoRico #HurricaneRelief,Resource Requests,train,True
PLEASE WE NEED WATER ASAP in #HurricaneFlorence hit areas of #WilmingtonNC - 30 ppl stranded at 123 Main St. @FEMA pls help,Resource Requests,train,True
anyone in #Miami can pls help a group of 12 need food & shelter 4 the night @RedCross #HurricaneHelp,Resource Requests,train,True
our hospital in #KeralaFloods hit area of Thiruvananthapuram is running out of medical supplies pls donate ASAP @NDRF #KeralaFloodsRelief,Resource Requests,train,True
can someone pls bring us oxygen cylinders 2 #CycloneIdai hit town of Beira Mozambique? 50 people here need them @UNICEF #Mozambique,Resource Requests,train,True
@CityOfLagos if you have generators pls share w/ us here in #LagosFloods hit area of Ogudu - we r on 23rd & 42nd street need power ASAP #LagosFloods,Resource Requests,train,True
any medical professionals in #HurricaneMaria hit area of Bayamon pls help - 17 ppl here have diabetes & need insulin now @AmericanRedCross #HurricaneMaria,Resource Requests,train,True
can ppl in #Houston pls donate water & non-perishable food 2 our shelter on 4211 Bissonnet St - 75 ppl here need it ASAP #HurricaneHarvey,Resource Requests,train,True
group of 30 ppl need rescue in #TyphoonOmpong hit area of Cagayan Valley - pls contact @DOST_PHL for assistance ASAP #OmpongPH,Resource Requests,train,True
plz share this - we have 50 babies in NICU in #KeralaFloods hit area of Trivandrum need formula milk ASAP @WHO #KeralaFloodsRelief,Resource Requests,train,True
can someone pls help us get a generator 2 our school on 12th & Oak St in #HurricaneFlorence hit area of #WilmingtonNC - 200 kids here need power for laptops ASAP @FEMA #FlorenceRelief,Resource Requests,train,True
"HELP PLEASE @NDRF 100+ people stranded in Bhagalpur, need 4 boats 2 navigate to safety #BiharFloods",Resource Requests,train,True
URGENT @RedCross need medical aid 4 20 kids stuck in basement in Chennai #ChennaiFloods,Resource Requests,train,True
GROUP OF 12 NEED FOOD & WATER ASAP @WorldFoodProgram pls send aid 2 our addr #CalamityResponse,Resource Requests,train,True
@NDRF WE ARE IN UTTAR PRADESH FLOOD ZONE need rescue team ASAP #UttarPradeshFlood,Resource Requests,train,True
PLEASE HELP MY MOM IS IN LABOR need ambulance ASAP in Surat #SuratFloods,Resource Requests,train,True
@NDRF WE HAVE 50 PEOPLE SHELTERING IN SCHOOL NEED POWER FOR LIGHT #OdishaFloods,Resource Requests,train,True
WHO IS HELPING @RedCross need transport 2 evacuate elderly ppl in Kerala #KeralaFloods,Resource Requests,train,True
DESPERATE NEED OF BABY SUPPLIES @WorldVision need diapers & milk 4 50 infants #AssamFloods,Resource Requests,train,True
PLEASE DM IF YOU CAN SEND POWER GENERATORS to our area in Haryana #HaryanaFloods,Resource Requests,train,True
@WorldFoodProgram PLEASE HELP WE ARE STUCK IN JHARKHAND FLOOD NEED FOOD & WATER #JharkhandFlood,Resource Requests,train,True
"PLEASE HELP @NDRF our neighbor's house is submerged in water in Sector 7, Meerut, need emergency rescue assistance ASAP #UttarPradeshFlooding",Resource Requests,train,True
"group of 12 need shelter pls @RedCross, have been stuck on Delhi-Mumbai highway for 24hrs, pls arrange tents & food ASAP #IndiaCyclone",Resource Requests,train,True
"WE NEED MEDICINE @WHO! 20 ppl in slum colony, Mumbai, got infected w/ cholera after monsoon, pls send meds ASAP #MumbaiFloods",Resource Requests,train,True
"plz pass on to anyone w/ 4WD vehicle, need transport from Gulmarg to Srinagar, 5 families with elderly & kids need rescue aid ASAP #JammuKashmirFlood",Resource Requests,train,True
"URGENT: need generators in Jharkhand's Palamu district, 300 ppl without power for 3days, pls send generators ASAP #JharkhandFlood",Resource Requests,train,True
"need diapers & formula ASAP, 10 newborns & kids in shelter in Odisha's Puri district, pls send baby supplies ASAP #OdishaFlood",Resource Requests,train,True
"HELP NEEDED in Kerala's Kozhikode district, 50 ppl trapped in flooded homes, pls send rescue teams ASAP #KeralaFloods",Resource Requests,train,True
"@IndianArmy pls send food, water & first aid kits to our village in Assam, 100 ppl stranded after floodwaters receded #AssamFlood",Resource Requests,train,True
"urgent need of clean water in Bihar's Saran district, 200 ppl suffering from waterborne diseases, pls send bottled water ASAP #BiharFlood",Resource Requests,train,True
"PLEASE HELP! 5 fams stranded in #KeralaFloods at Thiruvananthapuram, no food 4 kids <3 yrs & elderly ppl. We r dying of hunger @NDRF pls send help",Resource Requests,train,True
Need medical aid 4 10 yr old boy w/ broken leg @RedCross. We r stuck in #HurricaneHelp in 142 Oak St Orlando Pls send ambul or doc ASAP,Resource Requests,train,True
water & food needed ASAP 4 25 ppl @ SalvationArmyUS. We r on rooftop @ 1210 Oakwood DR #HurricaneDorian,Resource Requests,train,True
"Group of 12 need shelter, blankets & power 4 tonight @ FEMA. We r at 456 Maple St Miami Beach #Hurricane Irma",Resource Requests,train,True
"urgent - 2yr old baby needs milk & diapers ASAP @UNICEFMEDIA. We r stuck in 1234 Elm St Houston, TX #HurricaneHarvey",Resource Requests,train,True
anyone in #KeralaFloods with boat send to 4567 Cochin St - 15 ppl stuck @RescueServicesIndia pls help,Resource Requests,train,True
PLS HELP! Water rising fast in 789 Riverwood Dr. Need rescue ASAP @RedCross. 10 ppl including elderly & kids,Resource Requests,train,True
NEED TRANSPORT - 3 families at 2345 Lake St Chicago IL - flooded area. @AmericanRedCross pls arrange boat or car,Resource Requests,train,True
need generator power @ 4 5 families at 6789 Main St NYC. Lights gone out in #Hurricane Sandy,Resource Requests,train,True
5 pregnant women & kids need medical aid @WHO pls send doc or ambul 2 3456 Sunset St #HurricaneDorian,Resource Requests,train,True
"PLEASE HELP! group of 12 ppl stranded on 3rd flr of building on Main St, Oakdale, CA, need ROPE to escape #OakdaleFloods @CalEMergency",Resource Requests,train,True
"URGENT - 1000+ people in flood zone of Kerala, India, need CLEAN WATER ASAP, pls donate @KeralaFloods",Resource Requests,train,True
"WE R OUT OF FOOD in our shelter 4 families with kids 2-5yrs old @HoustonTX, pls SEND NON-PERISHABLES, diapers & formula #HoustonHurricane",Resource Requests,train,True
"HELP NEEDED! 15 ppl in our shelter on 15th St, downtown NYC, need ELECTRICITY, pls bring portable generators #NYCFloods @FDN Y",Resource Requests,train,True
"WHO CAN HELP? 50 ppl in our shelter in Little Rock, AR, need FOOD, pls send PIZZA, sandwiches & fruits #ArFloods @LRRedCross",Resource Requests,train,True
"WE GOT HIT BY HURRICANE in Bayshore Dr, FL, need ROOFING MATERIALS & TARP, pls send @FEMA",Resource Requests,train,True
"WE REACH OVER 100 PPL w/medical conditions in need of OXYGEN TANKS, pls help, @RedCross #FloridaFlood",Resource Requests,train,True
"PLEASE HELP SEND MEDS & BANDAGES, 300 people in our shelter on 12th St, downtown LA, need MEDICAL AID #LaFlood #LAFD",Resource Requests,train,True
"WHO CAN BRING WATER PUMPS? 500+ people in our shelter in coastal OR, need CLEAN WATER ASAP, pls help #OregonFlood",Resource Requests,train,True
"WE NEED GENERATORS 4 our shelter in downtown Chicago, 120 ppl need POWER, pls bring @ChicagoEMD",Resource Requests,train,True
"URGENT NEED 4 FOOD @RedCross pls help a fam of 4 stranded @ 123 Main St, Bay Shore, NY after Ida",Resource Requests,train,True
"PLEASE SHARE @NDRF @NDTV group of 12 need shelter, blankets & non perishable food items in Delhi's Noida area",Resource Requests,train,True
ANYONE IN KERALA pls RT @RedCross @NDRF urgent need of medicine 4 a 3yr old with asthma in Trivandrum's Vizhinjam Beach area #KeralaFloods,Resource Requests,train,True
"LOOKING 4 GENERATORS @RedCross & @AmercianRedCross need power in our neighborhood, 15 homes @ 456 Oak St, Houston, TX after Harvey",Resource Requests,train,True
NEED BABY SUPPLIES ASAP! @RedCross pls help a new mom w/ 6wk old in Chennai's Mylapore area #TamilNaduFloods,Resource Requests,train,True
PLEASE SEND HELP @NDRF & @NDTV 50 ppl stranded in Mumbai's Andheri area after heavy rains & need rescue,Resource Requests,train,True
"LOOKING 4 MEDICAL AID @AmericanRedCross pls help a 65yr old w/ diabetes in flood hit Pinar del Rio, Cuba #HurricaneHelp",Resource Requests,train,True
"GROUP OF 10 NEED TRANSPORTATION @RedCross pls help us reach our evacuation center @ 789 Beach Rd, Nassau, Bahamas",Resource Requests,train,True
"PLEASE HELP A FAM OF 5 @AmericanRedCross pls send us a tent & a 5kg bag of rice in flood hit Srinagar, Kashmir",Resource Requests,train,True
"WHERE CAN I FIND RESCUE CONTACT INFO? @UNICEF @AmericanRedCross pls help ppl in my area of Delhi's Rohini, India after heavy rains",Resource Requests,train,True
PLEASE HELP keralafloods keralaflood keralafloodrelief kerala NEED FOOD WATER FOR 150 PEOPLE IN THRIKKAKARA NEIGHBORHOOD ERNAKULAM DIST,Resource Requests,train,True
Urgenthelp! Koonammavu relief camps need bedsheets clothes pls contact shreyas 8921418834 keralafloods keralafloodrelief savekerala,Resource Requests,train,True
@NDRF WHERE ARE YOU? ppl in katihar bihar need shelter medical aid NOW! 200 families affected here!,Resource Requests,train,True
PLEASE SHARE keralafloodrelief we need generators for power in chalakkudy relief camps 300 displaced ppl rdy 2go,Resource Requests,train,True
group of 12 need rescue in kerala flood 3 kids under 5 pls send teams ASAP!,Resource Requests,train,True
@UNICEF WE NEED NAPPIES BABYFORMULA FOR 20 NEWBORNS IN THRISSUR RELIEF CAMPS #keralafloods,Resource Requests,train,True
@IndianRailways CAN U PLEASE SEND TRAINS FOR RESCUE IN KERALA FLOOD? ppl stuck in kottayam,Resource Requests,train,True
PLEASE HELP keralafloods we need medical supplies in munnar 50 ppl injured pls contact anurag 9876543210 keralafloodrelief,Resource Requests,train,True
@RedCross 500 PEOPLE NEED WATER IN KADAPA RELIEF CAMPS PLEASE SEND WATER TANKER ASAP! #telanganaflood,Resource Requests,train,True
@USAID WE NEED FOOD FOR 100 PREGNANT WOMEN IN KOLKATA PLEASE SEND PLACENTA GRAINS ASAP! #westbengalfloods,Resource Requests,train,True
PLEASE HELP! 200 ppl stuck in KeralaFloods #KeralaFloods @NDRF @RedCross need food n shelter pls!,Resource Requests,train,True
we r a family of 4 in ravaged st lucia need rescue ASAP! @StLuciaGov @UNICEF pls help!,Resource Requests,train,True
group of 12 need water & non perishable food in PuertoRico #HurricaneMaria @RedCross @FEMA need ur help ASAP!,Resource Requests,train,True
urgent: 15 elderly ppl in affected area need medical aid! @NYCHealth @NYC mayor pls send help!,Resource Requests,train,True
just got word that 20 families in flooded homes in Texas need baby supplies! @SAFoodBank @RedCross pls donate!,Resource Requests,train,True
need generators 4 entire neighborhood in affected zone in Houston! @FEMA @TexasElectric pls send help!,Resource Requests,train,True
its getting dark in Florida! anyone near me with a flashlight pls DM me @MiamiDadeGov @FEMA,Resource Requests,train,True
can someone pls send food n water 2 affected community in Gujarat? @NIDRF @UNICEF we r running out of options!,Resource Requests,train,True
our group needs rescue contact info! if anyone in #HurricaneIvan know pls DM @MiamiRescue @FEMA,Resource Requests,train,True
WE NEED URGENT AID! 10 families in affected area need clean water & shelter #HurricaneDorian @PalmBeachGov @FEMA,Resource Requests,train,True
PLEASE HELP WE NEED WATER ASAP IN KERALA FLOODS 50 PEOPLE ARE TRAPPED IN KOONAMMUVU NEED TRANSPORT TO SAFETY #KeralaFloods #RedCross,Resource Requests,train,True
urgent group of 12 need shelter pls in houston hurricane shelter need assistance ASAP @NDRF @FEMA,Resource Requests,train,True
NEED BABY FORMULA URGENTLY FOR 2-MONTH-OLD BOY IN NEW ORLEANS NEED HELP ASAP @AmericanRedCross,Resource Requests,train,True
we r stuck in mumbai need rescue team ASAP in kandivali our 2 kids r getting cold @NDMAINDIA #MumbaiFloods,Resource Requests,train,True
we have 100 people in a shelter in bangalore need medical aid pls ASAP many are injured #BangaloreFloods @Swasthya,Resource Requests,train,True
PLEASE HELP US WE'RE IN SRI LANKA NEED POWER SUPPLY ASAP FOR MEDICAL CENTRE @SLNavy #SrilankaFloods,Resource Requests,train,True
KURNOOL IS UNDERWATER NEED RESCUE TEAMS ASAP IN ANDHRA PRADESH @IndianNavy,Resource Requests,train,True
PLEASE SHARE WE'RE RUNNING OUT OF FOOD IN KERALA FLOODS NEED ASSISTANCE ASAP IN KAKKANAD @NDRFHQ,Resource Requests,train,True
"NEED HELP IN MARYVILLE, TENN NEED TRANSPORT FOR 10 PEOPLE WITH DISABILITIES @FEMA",Resource Requests,train,True
NEED CLOTHES &Blankets FOR 500 PEOPLE IN DELHI NEED HELP ASAP @NDMAINDIA,Resource Requests,train,True
PLEASE HELP WE NEED FOOD WATER EMERGENCY 20 PEOPLE TRAPPED UNDER DEBRIS IN BENGALURU KARNATAKA NEED RESCUE ASAP #BangaloreFloods @NDRF,Resource Requests,train,True
group of 12 need medical aid @RedCross pls send nurses doctors and first aid kits to #ChennaiFloods,Resource Requests,train,True
just saw the water level rising fast in #KeralaFloods pls send sandbags to Koothuparamba people are losing their homes ASAP!!,Resource Requests,train,True
need transport 30 elderly people stranded in #AssamFloods need help to reach hospital @NGO please donate vehicles #AssamFloodRelief,Resource Requests,train,True
baby supplies urgently needed in #HawaiiFloods 25 babies need diapers formula milk pls donate @AmericanRedCross,Resource Requests,train,True
shelter needed in #FloridaHurricane 50 families need a safe place to stay pls send tents @SDFloodRelief,Resource Requests,train,True
@RedCross need help with power generator in #OdishaFloods hospital is in darkness pls send a backup power source ASAP,Resource Requests,train,True
please send warm blankets to #PakistanFloods 10 kids are shivering pls help @UNICEF #FloodRelief,Resource Requests,train,True
need rescue team pls help 12 people trapped in #KeralaFloods need help to reach safety ASAP @NDRF,Resource Requests,train,True
pls share this post 15 people need medical aid in #AssamFloods pls contribute medical kits @NGO,Resource Requests,train,True
PLEASE HELP 100 PEOPLE IN JAKARTA NEED WATER ASAP OUR WELL IS FLOODED #JakartaFloods @RedCrossID,Resource Requests,train,True
URGENT CALL FOR DONATIONS TOOK OUT OF KITCHEN FURNITURE IN #TULSA TORNADO NEED CANS OF FOOD & CASH @OKEMEM @TulsaFireDept $20 = HOT MEAL,Resource Requests,train,True
"HELP PLEASE! MY PREGNANT SISTER IS IN LABOR & WE LOST POWER IN KATY, TX PLEASE SEND GENERATOR @RedCross @HoustonTX - SHE NEEDS MEDICAL HELP ASAP",Resource Requests,train,True
"GROUP OF 12 NEED SAFE SHelter IN BROOKLYN, NY - LOST APARTMENT IN FLOOD #NYCfloods @NYCgov @RedCrossNY",Resource Requests,train,True
PLEASE REPOST - INDIANAPOLIS NEEDS BULK WATER SUPPLY FOR THOUSANDS OF HOMES AFFECTED BY FLOOD #IndianapolisFloods @Indianapolis @RedCross,Resource Requests,train,True
"PLEASE HELP US IN LAGOS, 200 PEOPLE NEED FOOD & SHelter WE R NEED MEDICAL HELP ASAP #LAGOSFLOOD @NGRedCross @LagosGov",Resource Requests,train,True
"NEED URGENT TRANSPORT TO EVAC FAMILIES FROM STORM-DAMAGED AREAS IN NEW ORLEANS, LA #NOLA #HurricaneHelp @NOLAReady @LaRedCross",Resource Requests,train,True
"PLEASE SEND BABY SUPPLIES (DIAPERS, FORMULA, etc) TO #TACOMA, WA FLOOD VICTIMS - WE R IN NEED OF THESE ITEMS ASAP #TacomaFlood @RedCross @TacomaPD",Resource Requests,train,True
"IN KASHMIR, NEED 500 BLANKETS, 200 TENS SUPPLIES & 50 FIRST AID KITS FOR FLOOD VICTIMS @JKRedCross @JandK Gov",Resource Requests,train,True
"WE NEED ELECTRICITY BACK IN OUR NEIGHBORHOOD IN #HOUSTON, TX, PLEASE HELP US GET GENERATOR & BATTERY SUPPLIES @RedCross @HoustonTX",Resource Requests,train,True
"EMERGENCY NEED HELP at 123 Oak St, Oakville, 12 ppl stranded, no food or water pls call @RedCross 911",Resource Requests,train,True
"GROUP OF 20 NEED FOOD & WATER @ 456 Main St, New York, Medical emergency 5 ppl, age 2-10 yrs old, pls help #HurricaneRelief",Resource Requests,train,True
"WE NEED WATER ASAP AT 789 Church Rd, London, its 3pm & we hav no supply pls send help @NDRF @BBC 3 liters 4 each pls",Resource Requests,train,True
"PLEASE HELP, 100s displaced @ 234 Bridge St, Paris, Medical tent needed, 50 ppl w/ injuries & illnesses #FrenchDisaster",Resource Requests,train,True
"WE ARE STUCK @ 567 Elm St, San Francisco, No Power No Transport pls @PG&E help us #CaliforniaFire",Resource Requests,train,True
"NEED BABY SUPPLIES FAST @ 890 Maple St, Mumbai, 5 newborns & 10 toddlers stranded, diapers & milk pls help #KeralaFloods",Resource Requests,train,True
"CALLING ALL VOLUNTEERS @ 345 Park Ave, Los Angeles, Need rescue team 4 stranded ppl, 1 w/ dialysis & 1 w/ broken leg #CaliforniaWildfires",Resource Requests,train,True
"PLEASE HELP OUR SHELTER NEEDS @ 123 River St, Houston, 200 ppl w/ no roofs pls send tent & blankets @SamaritansPurse",Resource Requests,train,True
"CALL 2-1-1 FOR DISASTER AID @ 456 Beach Ave, Miami, Food, water, shelter, & medical aid available #HurricaneHelp",Resource Requests,train,True
"WE NEED TRANSPORT ASAP @ 890 Lake Rd, Toronto, 15 ppl stranded, 1 w/ oxygen tank, pls help @TTC help us get out #OnatrioDisaster",Resource Requests,train,True
"need help ASAP @NDRF, pls send rescue team 2 my area, 15 pple stranded in shah alam, dhaka #BangladeshFloods",Resource Requests,train,True
"URGENT WE NEED FOOD & WATER FOR 200 ppl in kerala, stuck in kalambattupuram, pls RT #KeralaFloods @RedCross",Resource Requests,train,True
"pls help my neighbor, elderly lady, needs dialysis in chennai, flooded in her flat #IndiaFloods @AIIMS",Resource Requests,train,True
"Group of 12 need shelter in New Orleans, lost home in hurricane, pls anyone with space pls DM me #HurricaneHelp @FEMA",Resource Requests,train,True
"need transport 2 get ppl 2 hospital in Jammu, roads blocked, 10 ppl need urgent medical aid #IndiaFloods @NDRF",Resource Requests,train,True
"KARACHI NEEDS HELP, WATER SHORTAGE GROWING, WE NEED WATER TANKERS ASAP pls @KMC Karachi #PakistanFloods",Resource Requests,train,True
"shelter & food needed 4 my family of 5, flooded in bangladesh, pls send help @NDRF #BangladeshFloods",Resource Requests,train,True
"need medical aid 4 5yr old, diabetic, stuck in Puerto Rico, pls send insulin & medical supplies #HurricaneHelp @RedCross",Resource Requests,train,True
"WE R STUCK, NO POWER 4 5 DAYS in houston, pls send generators & lamps ASAP @ERCOT #TexasFloods",Resource Requests,train,True
"URGENT, 20 ppl stranded in Nepal, need rescue, pls help @NDRF send team 2 kantipath, kathmandu #NepalFloods",Resource Requests,train,True
"PLEASE HELP! group of 12 ppl stranded in ravaged kerala village near kannur, food & water plz @KeralaCM @NDRF",Resource Requests,train,True
"need medical aid in vellore tamil nadu! 7yr old rahul has diabetes, no insulin in stock @redcrossindia #TamilNaduFloods",Resource Requests,train,True
"WE R in dire need of shelter in surat gujarat, 20 families @NDRFOfficial pls help us",Resource Requests,train,True
group of 12 need food & first aid supplies delivered 2 2nd floor apt in delhi's anand parbat colony @DelhiPolice,Resource Requests,train,True
"URGENT: need generator repair service 4 our hospital in floodhit chennai, life support equipment @chennainews",Resource Requests,train,True
"Kolkata neighborhood rajarhat 2 in dire need of baby supplies, diapers, milk powder @WestBengalCM",Resource Requests,train,True
"PLEASE DONATE! group of 60 elderly ppl stranded in andheri mumbai need rescue, medical aid @mumbaihelpline",Resource Requests,train,True
"need help to arrange transport 4 our medical team 2 reach kashmir valley, doctors & nurses @IAF_MCC #KashmirRelief",Resource Requests,train,True
"food, water, shelter, we need it all in flooded hyderabad, plz @TelanganaCM",Resource Requests,train,True
"WE R collecting sanitary items & clothing 4 flood hit areas in udupi karnatka, donate now & help ppl in need @KarnatakaCM",Resource Requests,train,True
PLEASE HELP WE NEED WATER ASAP IN RURAL KERALA FLOOD AREAS WHERE FAMILIES OF 5 ARE STRANDED ON ROADS #KeralaFloods @RedCrossIndia,Resource Requests,train,True
"group of 12 need food, blankets & first aid kits in devastated areas of NEW ORLEANS after hurricane landfall @NDRF_USA",Resource Requests,train,True
"NEED BABY SUPPLIES (diapers, formula, baby food) FOR 20 INFANTS IN FLOOD-AFFECTED ZONE A OF JALAN MERSING, MALAYSIA #MalaysiaFloods @MercyCorp",Resource Requests,train,True
URGENT HELP NEEDED FOR 30 FAMILIES W/O POWER IN SANTURCE AFTER HURRICANE DESTRUCTION @PowerAuthority,Resource Requests,train,True
PLZ RETWEET for ppl in my condo building NEED RESCUE AFTER HURRICANE LANDFALL IN PUNTA GORDA @RescueServices,Resource Requests,train,True
@UNICEF WE HAVE 50 YOUNG KIDS IN SHANTY TOWN NEEDING MEDICAL AID & SANITATION SUPPLIES AFTER CYCLONE LANDFALL #CycloneRelief,Resource Requests,train,True
"NEED TRANSPORT FOR FAMILIES OF 4 STRANDED IN WOODSIDE FLOOD ZONE, NEED RIDE TO SAFE AREA @RedCross @FEMAregion4",Resource Requests,train,True
"WE'RE ORGANIZING a local food drive in BAYAMON NEEDING DONATIONS OF CANNED FOOD, BOTTLED WATER & BLANKETS @FoodBankUSA",Resource Requests,train,True
"EMERGENCY CALL 4 HELP IN DAVAO, PHILIPPINES 200+ PEOPLE NEED RESCUE AFTER VOLCANO ERUPTION @NDRF_PH",Resource Requests,train,True
"NEED SOLAR CHARGERS & GENERATORS 4 FAMILIES IN SHEDDEN'S POINT, TRINIDAD AFTER HURRICANE LANDFALL #HurricaneRelief @SolarEmpowerment",Resource Requests,train,True
GROUP OF 12 NEED FOOD WATER + MEDICAL AID IN NEPONSET ST NEPTUNE BEACH 4 NEXT 48 HRS #HurricaneHelp @RedCross @NDRF,Resource Requests,train,True
PLEASE HELP WE R FAMILY OF 5 TRAPPED IN FLOODWATERS NEAR BAY STREET CHICAGO IL 60629 3 CHILDREN NEED MEDICAL ATTENTION IMMEDIATELY #KeralaFloods,Resource Requests,train,True
@NDRF ANYTHING FOR BABIES NEEDED WE HAVE 20 NEWBORNS IN NEED OF DIAPERS FORMULA & FOOD IN PUNJAB #BabyHelp,Resource Requests,train,True
ITS BEEN 3 HOURS SINCE TORNADO HIT OUR NEIGHBORHOOD IN OKLAHOMA CITY NEED HELP WITH RESCUE & SHELTER #TornadoAftermath,Resource Requests,train,True
NEED 100 LITERS OF WATER ASAP IN MARYLAND FOLKS WE R STRANDED WITH NO WATER FOR NEXT 3 DAYS #HurricaneRelief,Resource Requests,train,True
IF U CAN SPARE A HOT MEAL OR SLEEPING BAG PLS DM ME WE HAVE 50 PEOPLE SHELTERED AT LOCAL MUSEUM IN NYC #DisasterRelief,Resource Requests,train,True
WE NEED HELP WITH BABY SUPPLIES IN KERALA 20 MOTHERS NEED DIAPERS & FORMULA RAPIDLY #BabySupplies,Resource Requests,train,True
IF U CAN SPARE UR GENERATOR WE NEED IT FOR HOSPITAL USE IN BOSTON @RedCross @NDRF PLEASE HELP ASAP #PowerOutage,Resource Requests,train,True
PLEASE WE NEED HELP IN JESUPGA GA FOR RESCUE OPERATIONS & FOOD WATR 40 PPLES NEED IT IMMEDIATELY #HurricaneDorian,Resource Requests,train,True
NEED URGENT TRANSPORT TO HOSPITAL IN NEW ORLEANS WE HAVE 5 PEOPLE INJURED AFTER HURRICANE #TransportNeeded,Resource Requests,train,True
help pls! 12 ppl trapped in basement on 14th st in Brooklyn need rescue ASAP #NYCfloods @FEMA @NYPD,Resource Requests,train,True
"URGENT: 5 families at risk in flooded areas of Kochi need food, water & medical aid 2 children need insulin pls #KeralaFloods @RedCross @NDRF",Resource Requests,train,True
group of 12 need shelter in affected areas of Houston pls help we're on Cypress Rd with 3 elderly people #HurricaneHelp @SamaritansPurse @RedCross,Resource Requests,train,True
PLEASE HELP! my grandma on Dialysis in Calcutta needs medicine & power generator ASAP her address is 45 Vivekananda Rd #CycloneHelp @NDRF @StateGovtWB,Resource Requests,train,True
"anyone donating medical aid to the flood-hit areas of Kerala pls DM us we need bandages, gloves & masks #KeralaFloodRelief @MedecinsSansFront",Resource Requests,train,True
urgent! my cousin in Mexico city needs transportation to hospital with her 3 month old son pls help #M9Earthquake @SOSChildrensVillage @UNICEF,Resource Requests,train,True
kalady town aerial view is glimpse of the sinking state ppl need more help & attention #Keralafloods @StateGovtKerala @IndianRedCross,Resource Requests,train,True
need ppl with 4x4 vehicles 2 transport families from flooded areas of Chennai to shelter pls DM us #CycloneHelp @NDRF @TamilNaduGov,Resource Requests,train,True
"PLEASE WE NEED YOUR HELP! 20 families at risk in flood-affected areas of Maharashtra need baby food, diapers & clothes pls #IndiaFloods @SOSChildrensVillage @UNICEF",Resource Requests,train,True
anyone in Mumbai donating power generators pls DM us we need 5 units for hospitals in affected areas #MumbaiFloods @BSES @TataPower,Resource Requests,train,True
"PLEASE SEND DOCTORS TO 123 MAIN ST, BROOKLYN, NY 11201 ASAP, MOM 70 YRS OLD NEEDS MEDICAL ATTENTION!",Resource Requests,train,True
"@RedCross HELP GROUP OF 12 RESCUED FROM FLOODING IN KERALA, INDIA WE NEED FOOD & WATER NOW, ANY DONATIONS APPRECIATED",Resource Requests,train,True
"ITS 48HR SINCE WE'VE HAD POWER, PLEASE HELP US GET IT BACK UP IN THE NEIGHBORHOOD OF EAST HARLEM, NYC #HurricaneHelp",Resource Requests,train,True
"@NDRF WE R A FAMILY OF 4 WITH 2 YOUNG KIDS STUCK IN A FLOOD ZONE IN CHENNAI, TAMIL NADU, NEED BABY SUPPLIES ASAP PLZ",Resource Requests,train,True
"GROUP OF 50 NEED TRANSPORTATION TO SAFER ZONE IN HOUSTON, TX AFTER HURRICANE FLOODING, ANY TRUCKS OR CARS AVAILABLE? #HurricaneHarvey",Resource Requests,train,True
"HELP NEEDED @ 456 W ST, NEW ORLEANS, LA ASAP, DOCTORS REQUIRED FOR 3 YOUNG BROTHERS NEEDING IMMEDIATE MEDICAL ATTENTION",Resource Requests,train,True
"ANYONE IN THE BAY AREA WITH GENERATORS OR POWER UNITS PLS DM US, WE R IN A FLOOD ZONE IN OAKLAND, CA",Resource Requests,train,True
"PLEASE DONATE FOOD & WATER TO ST. JUDE'S CHURCH IN MANHATTAN, NY WE R EXPECTING A LARGE NUMBER OF REFUGES DUE TO HURRICANE FLOODING",Resource Requests,train,True
"WE HAVE A YOUNG MUM, 25 YRS OLD, NEAR BIRTH IN FLOOD ZONE OF HOUSTON, TX, NEED MIDWIFE OR DOCTOR ASAP, PLEASE HELP #HurricaneHouston",Resource Requests,train,True
"IF U HAVE A BOAT OR CAN PROVIDE RESCUE HELP IN THE FLOOD ZONE OF PUNE, INDIA, PLEASE DM US, WE R ASSISTING 20 STRANDED FAMILIES TODAY",Resource Requests,train,True
"PLEASE HELP @RedCross, a group of 12 ppl stuck in my neighborhood in #FloodedHouston need generators 2 provide power 4 med equipment!",Resource Requests,train,True
"water & food 4 #KeralaFloods victims @NDRF pls help @kerala relief @KeralaCM. in pattambi, 500 ppl in need, pls help ASAP #KeralaFloodRelief",Resource Requests,train,True
"we need baby supplies 4 the orphans @SOSChildrensVillage in #FloodedBangladesh @UNICEF pls send diapers, milk & formula #BangladeshFloods",Resource Requests,train,True
"group of 12 ppl need transportation 4 #HurricaneMaria relief efforts @RedCross @NYC311 in staten island, we r stuck, pls help! #NYCHurricane",Resource Requests,train,True
"water supply is cut off in #HurricaneIvan @RedCross @FEMA, pls send bottled water 2 key west, FL ASAP #FloridaHurricane",Resource Requests,train,True
"@RedCross, we r in need of medical aid 4 elderly ppl in #KeralaFloods @NDRF pls send doctors & nurses 2 pathanamthitta #KeralaFloodRelief",Resource Requests,train,True
if u have a 4x4 truck & can help us transport ppl & goods in #FloodedNashville @RedCross @NashvilleGov pls DM me! #NashvilleFloods,Resource Requests,train,True
"in #HurricaneHarvey hit areas, we need ppl 2 help with clearing debris, pls DM @RedCross @HarrisCountyPct1 #HarveyCleanup",Resource Requests,train,True
"@SOSChildrensVillage in #FloodedPakistan, the kids r in dire need of blankets & warm clothing @UNICEF pls send help! #PakistanFloods",Resource Requests,train,True
"pls send rescue teams 2 #FloodedJammu, we r in need of help ASAP @NDRF @JammuKashmirGov #JammuFloods",Resource Requests,train,True
"PLZ HELP @RedCross ppl r stranded in Queens, NYC, floodwaters r rising FAST! #HurricaneHelp",Resource Requests,train,True
"GROUP OF 12 NEED RESCUE AT 143 Main St, Brooklyn, NY, we r stuck w/2 kids & elderly ppl w/heart conditions #FloodRescue",Resource Requests,train,True
WE R LOW ON WATER IN #PuertoRico after #HurricaneMaria 4 pls donate 2 @RedCross ASAP,Resource Requests,train,True
"NEED FOOD SUPPLIES @ 456 Elm St, New Orleans, LA, 50 ppl w/young kids, pls send non-perishable items #HurricaneAid",Resource Requests,train,True
"URGENT HELP NEEDED @ 23rd & Main St, Baltimore, MD, ppl w/special needs stuck in 3rd floor apt #FloodRelief",Resource Requests,train,True
"IF ANYONE HAS EXTRA BABY CLOTHES OR FORMULA, pls DM me @ 123 Oak St, Houston, TX, we r in desperate need #HurricaneHarvey",Resource Requests,train,True
"@RedCross, PLEASE HELP w/rescue efforts at 789 Park Ave, Manhattan, NY, 20 ppl trapped in high-rise bldg #FloodRelief",Resource Requests,train,True
"NEBRASKA FLOOD VICTIMS NEED HELP! pls donate 2 @SalvationArmyUS 4 ppl w/food, water, shelter needs #Nebraskaflood",Resource Requests,train,True
"GROUP OF 6 NEED FOOD & SHELTER @ 321 Maple St, Florida, 3 kids, 1 elderly person, pls send help ASAP #FloridaFlood",Resource Requests,train,True
"PLEASE SEND WATER & FOOD TO @ 456 River Rd, Nashville, TN, ppl w/electric wheelchairs, pls consider their needs #WeatherAlert",Resource Requests,train,True
URGENT HELP NEEDED @NDRF 50 people stranded in Jharkhand village KALYANPUR need FOOD WATER pls contact 98920 54321 #JharkhandFloods,Resource Requests,train,True
"need help @RedCross! we r a group of 12 @ Kottayam Kerala in floods, need medical aid, pls help us ASAP! #KeralaFloods",Resource Requests,train,True
"PLEASE HELP @UNICEF we have 20 kids in our school @ Ahmedabad need shelter, blankets, diapers pls contact 90820 76543 #GujaratRains",Resource Requests,train,True
"@NDRF WE NEED POWER! entire street of 200 homes @ Kolkata in darkness, pls send generators! #KolkataPowerOut #WestBengalFloods",Resource Requests,train,True
need transport @Ola @Uber pls help us evacuate 100 people from Chennai to safer areas #ChennaiFloods #TNFloods,Resource Requests,train,True
"its raining heavily in Manipur, need HELP @NDRF @RedCross 15 people stuck in our home @ Imphal need food water shelter pls #ManipurFloods",Resource Requests,train,True
"URGENT HELP FOR BABY NEEDS @UNICEF pls send diapers, milk, formula for 50 newborns @ Bihar hospital in floods #BiharFloods",Resource Requests,train,True
@NDRF pls help us set up a camp @ Assam need volunteers medical aid FOOD WATER shelter pls contact 97650 32100 #AssamFloods,Resource Requests,train,True
WE R A GROUP OF 8 NEEDING HELP @RedCross pls send medical aid FOOD WATER shelter for 8 people @ Kerala #KeralaFloods,Resource Requests,train,True
PLEASE HELP @UNICEF we need RESCUE TEAM @ Maharashtra @ Mumbai need to save 50 people trapped in floodwaters #MaharashtraFloods #MumbaiFloods,Resource Requests,train,True
PLEDGE HELP ASAP we r in KAKINADA ANDURAS its raining heavily & our house is flooded need 5k for temporary shelter pls help #TelanganaFloods,Resource Requests,train,True
@NDRF pls send rescue team to our location 12th main st BANGALORE immediately my mom is in critical condition after fall pls help ASAP #BengaluruWeather,Resource Requests,train,True
URGENT HELP NEEDED we r a group of 12 need 3 generators & candles 4 our shelter in MUMBAI after power outage pls send help #MumbaiWeather,Resource Requests,train,True
anyone from GOA pls help we need 2 ambulances 2 evacuate elderly ppl from our village its in danger #GoaFloods,Resource Requests,train,True
our neighborhood in DELHI has no drinking water pls help us by sending water bottles ASAP we r 70 ppl & running out #DelhiWeather,Resource Requests,train,True
KASHMIRFLOODS my family & i r stranded in srinagar need 2 helicopters 2 evacuate us pls help ASAP #KashmirFloods,Resource Requests,train,True
GROUP OF 10 NEED HELP need 5 blankets & 2 gas stoves 4 our shelter in MYSORE pls send goods ASAP #MysoreWeather,Resource Requests,train,True
need BABY SUPPLIES ASAP in MUMBAI my baby needs diapers & milk powder pls help me ASAP #MumbaiWeather,Resource Requests,train,True
URGENT HELP NEEDED we r in PAKISTAN need 5 rescue teams 2 evacuate ppl from our village pls send help ASAP #PakistanFloods,Resource Requests,train,True
"PLEASE HELP @RedCross, we r stuck in basement @ 123 Elm St, Brooklyn, NYC, water risin FAST #HurricaneHelp",Resource Requests,train,True
"@SOSChildren, we r running out food in flood hit village of Thiruvalla, Kerala, need emergency aid 4 50 kids #FloodRelief",Resource Requests,train,True
"NEED @UNICEF help ASAP, baby formula & diapers 4 20 newborns in flooded areas of Matara #SriLankaFloods",Resource Requests,train,True
"@FEMA, pls send rescue team to 345 Maple St, New Orleans, we r trapped 4 nights w/ injured kid #HurricaneBetsy",Resource Requests,train,True
"PLEASE, WHO can help w/ transport 2 evacuate 50 seniors from nursing home in flooded Tampa? #HurricaneHelp",Resource Requests,train,True
"@Oxfam, we r low on medical supplies in Galle, 200+ ppl need antibiotics & painkillers ASAP #FloodRelief",Resource Requests,train,True
"NEED POWER GEN SET ASAP 4 critical care hosp in flooded Calcutta, pls DM @WestBengalGovt #FloodsIndia",Resource Requests,train,True
"URGENT, we r short on water & food 4 100 homeless ppl in flood hit Kochi, pls share this w/ @PMOIndia #KeralaFloods",Resource Requests,train,True
"@NDRF, need help w/ shelter 4 30 family members, including 2 critically injured kids, in flooded Trivandrum #FloodRelief",Resource Requests,train,True
"URGENT HELP NEEDED for 20 flood victims in #KeralaFloods, need food, water, shelter @RedCross @NDRF pls donate",Resource Requests,train,True
"My 5 yr old son is diabetic, we r stuck in #HurricaneHelp in Queens, need insulin & rescue pls @NYCFD @FEMA",Resource Requests,train,True
"Group of 12 need safe shelter in #FloodedNeighborhood, pls contact @AmericanRedCross if u can provide housing",Resource Requests,train,True
"PLEASE HELP! 10 people stuck in #Earthquake zone, 2 elderly need oxygen & medic support ASAP @SOSIntl @UNICEF",Resource Requests,train,True
"Need volunteers 2 help distribute food & water in #HoustonFlood, meet at 155 St @StPaulsChurch @SalvationArmyUS",Resource Requests,train,True
"2 families stuck in #CaliforniaWildfire, need basic first aid kit & shelter, pls DM for locations",Resource Requests,train,True
"My 80 yr old grandma is stuck in #Tsunami zone, need evacuation help, contact @NavyRescue @JapanGov",Resource Requests,train,True
URGENT: need transport 2 move food & medical supplies 2 #Hurricane zone in Miami @RedCross @MiamiDadeGov,Resource Requests,train,True
"Need baby supplies 4 our 3 wk old baby, stuck in #FloodedHosp, hospital is running out of diapers & formula @RedCross @Baby2Baby",Resource Requests,train,True
"WE HAVE FOOD SHORTAGE @ #KeralaFloods, pls rite 2 send food supplies, any amount helps, we r running out fast @FoodForThought",Resource Requests,train,True
"PLEA 4 WATER IN KAKINADA, 50 PEOPLE NEED REFILLS, PLEASE DM FOR DETAILS #TelanganaFloods",Resource Requests,train,True
"Group of 12 need rescue in flooded areas of Chennai, please call 9789553112 if u can help #CycloneTamilNadu",Resource Requests,train,True
"URGENT NEED 4 MEDICAL AID, 3 YR OLD GIRL HAS BURN INJURYS IN SURAT, PLEASE REACH OUT @RedCross @NDMA #GujaratFloods",Resource Requests,train,True
"Need transport 2 take elderly ppl out of flooded area in Mumbai, pls if u have a boat or a truck @MCGM @NDRF #MumbaiRains",Resource Requests,train,True
"PLEASE HELP, KERALA FLOOD RELIEF, WE NEED SHELTER 4 20 FAMILIES IN TRICHUR #KeralaFloods",Resource Requests,train,True
"EMERGENCY CALL 4 BABY SUPPLIES, 2ND FLOOR OF 1213 PUNJAB COLONY IN DELHI UNDER WATER #DelhiFloods",Resource Requests,train,True
"PLEASE SHARE, GROUP OF FRIENDS NEED ELECTRICITY, GENERATORS NEEDED IN ALAPPUZHA #KeralaFloods",Resource Requests,train,True
Urgent need 4 blood donations 4 critical patients in Hyderabad hospitals please go 2 nearest blood bank #TelanganaFloods,Resource Requests,train,True
"HELP NEEDED 4 KERALA FLOOD RELIEF, PLEASE DROP OFF WATER & FOOD AT CHATHAM PETROL BUNK, PALAKKAD #KeralaFloods",Resource Requests,train,True
"PLEASE HELP US, 5 FAMILIES NEED RESCUE IN FLOODED AREAS OF VISAKHAPATNAM, PLEASE CALL 7995511111 IF U CAN HELP #APFloods",Resource Requests,train,True
"PLEASE HELP WE R STUCK IN BAYONNE NJ, FLOODING IS RISING WATER LEVELS R LIFE THREATENING #HurricaneIrene @RedCross",Resource Requests,train,True
"just left #TexasFloods in Houston, found 300 people trapped @TDEM u pls send rescue team to 3457 Willowbrook Dr ASAP",Resource Requests,train,True
"HELP! 20 seniors stuck @NursingHome on 5th st, Lakewood NJ, NO power, no food #NJFloods @NJOEM @NJStatePolice",Resource Requests,train,True
"just got word that 50 kids @elementary school on E 16th st, Miami FL need diapers & formula ASAP #FloridaFloods @MiamiDadeGov",Resource Requests,train,True
"group of 25 ppl stuck @HotelAloha in Waikiki, need generators & food ASAP pls @FEMA @HawaiiNews",Resource Requests,train,True
"pls help, 75 people @senior center on 32nd st, Philly PA need medical aid & food NOW #PhillyFloods @PHEOC",Resource Requests,train,True
"just spoke to 40 ppl @mobilehome park on 12th st, Tampa FL, need water & shelter ASAP pls @RedCross @TampaGov",Resource Requests,train,True
"just got report of 80 ppl @hospital on 3rd st, New Orleans LA need oxygen & medical aid pls @NOLAReady @RedCross",Resource Requests,train,True
need transport 4 20 ppl to emergency shelter @SanDiegoCounty @SDOEM can u pls send team to 123 Main St ASAP #SanDiegoFloods,Resource Requests,train,True
"PLEASE HELP my mom, sister & 2 kids stuck on 4th flr of this apt building in Mumbai, India. Floodwaters r rising! We need evacuation ASAP. #MumbaiFloods @MumbaiPolice",Resource Requests,train,True
"KATHMANDU, NEPAL - group of 12 need food, water & 1st aid pls. We r stuck in Thamel area due to 5.8M quake & cant reach emergency services. Help plz! #NepalEarthquake #Help Needed",Resource Requests,train,True
"need WATER & non-perishable food 4 my family of 7 in New Orleans, LA. Floodwaters contaminated our water supply. Pls help ASAP. #HurricaneHelp @RedCross & @NOLAready",Resource Requests,train,True
anyone in #FloridaKnow anyone in the Miami area with a boat? We need a rescue boat to reach the stranded elderly lady in 1500 block of Ocean Dr. Her name is Mrs. Patel. #HurricaneHelp,Resource Requests,train,True
"GROUP OF 10 ADULTS & 5 KIDS NEED SHELTER in Bhubaneswar, Odisha, India. Our homes r destroyed due to Cyclone Fani, pls provide tents or shelter ASAP! #CycloneFani #OdishaHelp",Resource Requests,train,True
"PLEASE HELP my brother, a diabetic, needs insulin & medical supplies in Houston, TX. We r stranded due to Harvey flooding. @Americares & @RedCross pls help!",Resource Requests,train,True
"NEED BABY SUPPLIES - diapers, formula & baby food - in Puerto Rico. My cousin's newborn is out of supplies & they r struggling to keep her fed & clean. #PuertoRicoRelief",Resource Requests,train,True
"need ELECTRICITY & POWER SUPPLIES in Chennai, India. Our neighborhood of Mylapore is without electricity due to Cyclone Gaja. Pleas provide generators or power backup ASAP! #CycloneGaja",Resource Requests,train,True
"HELP WE NEED TRANSPORT in Dominica, Caribbean. A group of 20 people stuck in the south need a bus or van to reach the nearest shelter. #DOMINICA RELIEF",Resource Requests,train,True
"PLS SHARE we r looking for a medical team in earthquake-hit Kathmandu, Nepal. We need a doctor & nurse to treat my injured friend in Lazimpat area. #NepalEarthquake #MedicalHelp",Resource Requests,train,True
"PLEASE SEND FOOD & WATER 2 STREETS OF KERALA, OVER 50 PEOPLE AFFECTED, KIDS NEED MILK & BANANAS #KeralaFloods @NDRF",Resource Requests,train,True
"GROUP OF 12 NEED BABY SUPPLIES: DIAPERS, FORMULA & TOYS IN FLOOD HIT NEIGHBORHOOD OF PUNJAB, INDIA. DM FOR DETAILS #PunjabFloods @Unicef",Resource Requests,train,True
"URGENT CALL 4 MEDICAL AID IN MEXICO CITY, OVER 200 PEOPLE NEED BLOOD TRANFUSIONS & AMBULANCE SERVICES. @RedCross @MexRedCross",Resource Requests,train,True
"NEED RESCUE HELP IN CALIFORNIA, HOUSEFIRE EMERGENCY IN LOS ANGELES, 3 PEOPLE TRAPPED IN 2ND FLOOR. CALL 911 ASAP #LAHouseFire @LAFireDept",Resource Requests,train,True
"PLEASE HELP US GET POWER BACK ON IN BAHRAIN, OVER 500 PEOPLE NEED GENERATORS & FUEL. @BahrainGov",Resource Requests,train,True
WE NEED PEOPLE WITH BOATS 2 HELP TRANSPORT SUPPLIES 2 FLOOD HIT AREAS IN PAKISTAN. DM US 4 DETAILS. #PakistanFloods @UNICEF,Resource Requests,train,True
"PLEASE SEND MEDICAL SUPPLIES 2 KATHMANDU, NEPAL, WE NEED BANDAGES, ANTHIMYCOTICS & FIRST AID KITS 4 INJURED PEOPLE #NepalQuake @NepalRedCross",Resource Requests,train,True
"GROUP OF 15 NEED SHELTER IN TORNADO HIT OKLAHOMA, WE NEED TENTS, SLEEPING BAGS & WARM CLOTHES. DM FOR MORE INFO #OKTornado @AmericanRedCross",Resource Requests,train,True
"SENDING FOOD 2 JAKARTA, INDONESIA, WE NEED RICE, BREAD & VEGETABLES 4 OVER 200 PEOPLE AFFECTED #JakartaFloods @UNICEF",Resource Requests,train,True
PLEASE HELP US GET BABY FOOD & FORMULA 2 FLOOD HIT AREAS OF BANGLADESH. DM US 4 DETAILS. WE NEED IT ASAP. #BangladeshFloods @WorldFoodProgramme,Resource Requests,train,True
"PLEASE HELP we r stranded @ 123 Main St, flooded out of our homes, 15 ppl including 3 infants & 1 pregant woman, need WATER ASAP #HurricaneHelp",Resource Requests,train,True
"@NDRF we r a group of 12, need FOOD & SHELTER, currently in Shahjahanpur, UP, pls assist #UttarPradeshFloods",Resource Requests,train,True
"urgent pls we need ELECTRICITY back at 456 Elm St, our med equipment r dying, 2 ppl with renal failure need it BADLY #PuertoRicoRelief",Resource Requests,train,True
"its been 48 hrs since the quake, we r in dire need of MEDICAL SUPPLIES @ 789 Oak St, please send help #EarthquakeAid",Resource Requests,train,True
"need BABY FORMULA & DIAPERS ASAP, 5 families stuck in this shelter, 23 babies in need, pls HELP #HurricaneMariaRelief",Resource Requests,train,True
"@RedCross we r stranded on the roof of our apartment, 12 ppl, need RESCUE, currently at 901 Park Ave, NYC, pls assist #NYCFloods",Resource Requests,train,True
"we r in need of CLEAN WATER, food & shelter, 10 ppl including 2 elderly, stuck in this flood ravaged neighborhood, pls HELP #FloodSupport",Resource Requests,train,True
"@NDMA we r a group of 20, need TRANSPORTATION, currently in Nashik, need to evacuate elderly & kids to hospital, pls assist #MaharashtraFloods",Resource Requests,train,True
"PLEASE SHARE we r collecting donations for our REST STARTER PACKS, need TENT, BLANKETS, FIRST AID KIT & other essentials #FloodKindness",Resource Requests,train,True
"urgent pls we need RESCUE TEAM @ 345 Maple St, 3 ppl trapped, 1 with leg injury, need MEDICAL ATTENTION ASAP #CaliforniaWildfires",Resource Requests,train,True
"HELP! we r in need of blankets n food ppl at 1450 oak st, LA pls send HELP ASAP #CaliforniaFires",Resource Requests,train,True
PLZ RT: group of 12 need oxygen tanks & masks at shelter in 3rd ward nyc #HurricaneRelief,Resource Requests,train,True
"WE NEED WATER! ppl stuck at 456 sycamore ave, SF, 20 elderly w/ kidney issues, dehydration #KeralaFloods",Resource Requests,train,True
"PLEASE donate baby food & diapers 4 infants, 12mo & younger, at 1234 maple st, NYC @AmericanRedCross",Resource Requests,train,True
"WE R IN URGENT NEED OF ELECTRICITY GENERATORS at 789 main st, hurricane area, 150 people without power #HurricaneHelp",Resource Requests,train,True
"GROUP OF 10 PEOPLE, incl. 2 with broken legs, need MEDICAL KIT & FIRST AID RESPONSE at 2345 oak st, OR #OregonFloods",Resource Requests,train,True
"PLEASE WE NEED FOOD SUPPLIES 4 animals at shelter 5678 pine st, 40 rescued pets #FloridaHurricane",Resource Requests,train,True
"GROUP OF 25 NEED RESCUE, people trapped in flooded subway at 123 main st, boston, @NDRF plz HELP #BostonFloods",Resource Requests,train,True
"WE NEED MEDICAL PROFESSIONALS @ 456 elm st, hospital in hurricane area, 100+ people need treatment NOW #HurricaneRelief",Resource Requests,train,True
"PLEASE HELP! ppl at 3456 walnut st, SF need POWER GENERATORS 4 elderly, 4/8 people with disabilities #CaliforniaFires",Resource Requests,train,True
PLEASE HEAR THIS ppl in #SriLanka need 1000 bottles of water ASAP @SriLankaRedCross @UNICEF,Resource Requests,train,True
Group of 20 need MEDICAL SUPPLIES 2yr old with diabetes @RedCross @WHO - plz DM for details,Resource Requests,train,True
NEED SHELTER ppl from #HurricaneHelp in #MyrtleBeach area - 150 need temporary housing @FEMA @NDRF,Resource Requests,train,True
HELP US ASAP 2 kids under 5yo in #IndonesiaEarthquake need diapers & formula @SaveTheChildren,Resource Requests,train,True
@RedCross can U pls send medical aid 2 #PhilippinesFloods? Many ppl stuck in homes w/ infected wounds,Resource Requests,train,True
CANNED FOOD NEEDED in #HurricaneFlorence hit #NorthCarolina area ppl r going hungry @FeedingAmerica,Resource Requests,train,True
URGENT need for POWER GENERATORS in #TyphoonHagibis hit #Japan pls DM @JapanRedCross,Resource Requests,train,True
NEED TRANSPORT 5 families stuck in #Flooded streets in #Bangladesh area - anyone w/ boats pls DM @UNHCR,Resource Requests,train,True
PLEASE HELP ppl in #Wildfire hit #California we need WATER & FOOD ASAP @AmericanRedCross,Resource Requests,train,True
GROUP OF 12 NEED SHOES & MEDICAL KIT @NDRF pls DM 4 more details #IndiaFloods,Resource Requests,train,True
URGENT NEED @RedCross HELP @NDRF WE R 12 PEOPLE STUCK @NEIGHBORHOOD STREET #HurricaneMaria #RescueMe,Resource Requests,train,True
NEED DONATIONS 4 FOOD WATER MEDICINE @disasterrelief WE R 30 FAMILIES @SUBURBAN NEIGHBORHOOD #KeralaFloods #HelpUs,Resource Requests,train,True
GROUP OF 12 NEED BABY SUPPLIES DIAPERS SOAP TOOTHBRUSH #HurricaneRelief #BabyLove,Resource Requests,train,True
PLEASE HELP! OUR HOUSE IS UNDER WATER @NEIGHBORHOOD STREET NEED SHELTER #KeralaFloods #Relief,Resource Requests,train,True
PLEASE SHARE @NDRF WE R 20 PEOPLE @SUBURBAN NEIGHBORHOOD NEED POWER GENERATORS #HurricaneIrma #PowerOutage,Resource Requests,train,True
HELP WE R 5 FAMILIES @URBAN NEIGHBORHOOD NEED TRANSPORT TO SHELTER #KeralaFloods #Transportation,Resource Requests,train,True
PLEASE SHARE OUR PLEA @disasterrelief WE R 8 PEOPLE @RURAL NEIGHBORHOOD NEED BABY MEDICINE #HurricaneMaria #BabyMedicine,Resource Requests,train,True
WE NEED RESCUE @NEIGHBORHOOD STREET 4 FAMILIES TRAPPED @SUBURBAN NEIGHBORHOOD #KeralaFloods #RescueUs,Resource Requests,train,True
@RedCross HELP WE R 10 PEOPLE @RURAL NEIGHBORHOOD NEED WATER PURIFICATION TABLETS #HurricaneIrma #CleanWater,Resource Requests,train,True
PLEASE HELP US @NDRF WE R 15 PEOPLE @URBAN NEIGHBORHOOD NEED EMERGENCY SHOWER KITS #KeralaFloods #ShowerKits,Resource Requests,train,True
"@RedCross pls help us in #HurricaneHelp! 50 ppl stranded in West Palm Beach, need food, water & shelter NOW",Resource Requests,train,True
Need generators for power in #FloodVictims Houston - help a family of 4 with 2 young kids get back to normal ASAP pls!,Resource Requests,train,True
Group of 12 need diapers & formula for 20 babies + adult Pampers in #TropicalStorm Miami - can u pls donate?,Resource Requests,train,True
"PLEASE HELP in #KeralaFloods! Elderly woman in Trivandrum needs oxygen tank, medical attention ASAP - its urgent!",Resource Requests,train,True
"We need transport 2 #HurricaneMaria Puerto Rico, can you pls donate plane tickets or boats 4 ppl in need",Resource Requests,train,True
"@NDRF need help in #Flooding Delhi - 100 homeless ppl need blankets, clothes & warm food pls donate ASAP",Resource Requests,train,True
Urgent! Family in #EarthquakeHit Mexico needs rescue team 2 help 3 kids stuck under rubble pls hurry!,Resource Requests,train,True
PLEASE RETWEET! Group in #TornadoAlly Oklahoma needs food & water for 200 ppl - can u pls donate?,Resource Requests,train,True
"@FEMA pls help us in #WildFire California, 30 ppl need shelter, medical aid & smoke masks ASAP - we r running out of time",Resource Requests,train,True
"@AmericanRedCross we need aid 4 #HurricaneFlorence victims in #NorthCarolina - 5 families need diapers, formula & clothes pls donate NOW",Resource Requests,train,True
"URGENT: 100+ elderly trapped in flooded Apt 123, 8th St, Brooklyn. Pls send rescue info, water & blankets ASAP! #HurricaneRelief",Resource Requests,train,True
"HELP NEEDED: 15 families stuck in flooded neighborhood 345-359, Oak St, Queens. Seeking food, water & shelter. @RedCross #NYCRelief",Resource Requests,train,True
"PLEASE HELP: 12 yr old boy with dialysis needs urgent medical care! Stuck in shelter on 456 Broadway, Jersey City. @NDRF #NJHelp",Resource Requests,train,True
"CAMP LIFE: group of 12 need baby supplies ASAP! Stuck at 789 Oakwood Ave, Florida. Pls RT! #HurricaneHelp",Resource Requests,train,True
"WHERE IS RESCUE?: 300 ppl stuck in flooded homes on 12th St, New Orleans. Need rescue info, food & shelter NOW! #NOLArecovery",Resource Requests,train,True
"WE NEED: generators 4 power, 5000 bottles of water & medical aid 4 200+ ppl at 23rd St, Los Angeles. @FEMA #LAearthquake",Resource Requests,train,True
"PLEASE SHARE: 500 ppl in shelter @ 1456 Oak Ave, California, need sanitary pads, toothbrushes & toothpaste ASAP! #CArelief",Resource Requests,train,True
"EMERGENCY CALL: we r in desperate need of food, water, & medical aid @ 8765 Maple St, Texas. Pls call @RedCross #TXemergency",Resource Requests,train,True
"PLEASE HELP US: 250+ families trapped in shelter @ 123 Main St, New York. Need baby formula, diapers & medical supplies. @NDRF #NYCrelief",Resource Requests,train,True
"EMERGENCY HELP: 500+ ppl stuck in shelter @ 4567 5th Ave, Florida. Need medical aid, clean water & shelter IMMEDIATELY! #Floridarelief",Resource Requests,train,True
"PLEASE HELP 17 NEED FOOD WATER & SHELTER IN KALAKSHMI NAGAR, CHENNAI AFTER CYCLONE NIVIN",Resource Requests,train,True
"@NDRF we need generators at our shelter in Sector 4, Lucknow, 50 people here, pls send ASAP #UttarPradeshFloods",Resource Requests,train,True
"group of 12 need rescue from flooded house in 123rd st, Manhattan, 5 kids, 3 elderly ppl, pls help #NYCflood",Resource Requests,train,True
"@RedCross we r stuck on 4th floor of 3456 Jalan Besar, KL, 15 ppl incl 2 pregnant wifes & 3 kidz, water rising pls #MalaysiaFloods",Resource Requests,train,True
"need medical aid 4 my mom in ward 15 of Mumbai's KEM hospital, she's diabetic & got injured in landslide #MumbaiLandslide",Resource Requests,train,True
"HELP 4 the people of Pali village, Rajasthan, 200 people stranded, need food & water ASAP #RajasthanFloods",Resource Requests,train,True
"plz send food & shelter 2 our shelter in Juhu, Mumbai, 300 ppl here, incl 120 kidz #MumbaiMonsoon",Resource Requests,train,True
"@NDRF pls arrange transport 4 us from Kondagaon to Raipur, 70 ppl stuck in bus due 2 landslide #ChhattisgarhFloods",Resource Requests,train,True
"urgent need 4 baby supplies (diapers, milk etc) in Odisha's Sundargarh district, pls help #OdishaFloods",Resource Requests,train,True
"@USAID pls send rescue teams 2 J&K's Kashmir valley, 50 ppl stuck in avalanche #KashmirSnow",Resource Requests,train,True
"we need ppl w/ medical training to help at our shelter in Kanyakumari, 20 ppl here w/ injuries #TamilNaduFloods",Resource Requests,train,True
"PLEASE HELP we r a family of 5 stranded on 3rd floor of apartment @ 123 Main St, NYC, after Hurricane Ida. need rescue pls #IdaRelief",Resource Requests,train,True
"PLEASE DONATE blood, plasma, meds for my neighbor Mrs J who is 78, has diabetes & heart probs @ 456 Park Ave, Manhattan #HurricaneHelp",Resource Requests,train,True
plz send aid to Jharkhand's Ranchi where my cousin's house was destroyed in floodwaters. 20 ppl affected including 5 kids #JharkhandFloods,Resource Requests,train,True
"NEED HELP ASAP! 3 families trapped on 2nd flr of Apt @ 789 El Camino, Miami, during Hurricane Nicole. need rescue equipment pls #HurricaneNicole",Resource Requests,train,True
"PLEASE send baby supplies (diapers, formula, etc) 2 4 my friend's family @ 321 Oak St, Los Angeles after devastating wildfires #CaliforniaWildfires #WildfireRelief",Resource Requests,train,True
"URGENT CALL 4 donations! Cyclone Idai hit Chimanimani, we r short of meds & food 4 over 50 ppl including elderly & children #CycloneIdai #IdaiRelief",Resource Requests,train,True
"group of 60 ppl, mostly kids, stuck in flooded shelter @ 901 Market St, Chicago, after heavy rain. need food, water & shelter pls #ChicagoFloods",Resource Requests,train,True
"NEED AID now! 30 families left without power in rural areas of Assam after floods. pls send generators, battery packs etc #AssamFloods #PowerOutage",Resource Requests,train,True
"PLEASE HELP we r a group of 20 ppl with medical conditions (COPD, asthma, etc) stranded in flooded areas of New Orleans @ 567 Canal St. need medical aid & shelter pls #HurricaneHelp",Resource Requests,train,True
"EMERGENCY in kandukutty thrissur, kerala 10 families stuck in this house pls send rescue & food ASAP #KeralaFloods",Resource Requests,train,True
"PLEASE HELP 12 ppl stranded on chakrapani rd, pattambi, kerala. Water & food plz @NDRF @RedCross #KeralaFloods #Rescue",Resource Requests,train,True
"GROUP OF 12 NEED MEDICAL AID @Aluva, kerala. 4 kids <5, 2 elders with BP issues. Plz DM for details #KeralaFloods #MedicalHelp",Resource Requests,train,True
"@NDRF URGENT HELP NEEDED. Water & power cut in kothamangalam, kerala. 50+ households affected #KeralaFloods #PowerOutage",Resource Requests,train,True
"WE R LOST IN PUNNAYURKULAM, ALAPPUZHA. 20 ppl including elders & kids stuck in this house. Send Rescue @RedCross @NDMAIndia #KeralaFloods #Rescue",Resource Requests,train,True
"URGENT: KUMARANCHICKAD, THIRUVALLA, KOTTAYAM. 15 ppl including kids <3 yrs need food, water & medical aid ASAP #KeralaFloods #Help",Resource Requests,train,True
"GROUP OF 8 PPL STRANDED IN ADIMALY, Idukki, kerala. Send Rescue & food ASAP @NDMAIndia @NDRF #KeralaFloods #Rescue",Resource Requests,train,True
ANYBODY AVAILABLE IN COIMBATORE? WE NEED TRANSPORT TO ERNAKPURAM FROM KANNANGAL 20 ppl waiting pls help #TamilNaduFloods #TNHelp,Resource Requests,train,True
"PLZ SEND BABY SUPPLIES @ THRISSUR DISTRICT, KERALA. 4 families w/ newborns & kids <2yrs in need #KeralaFloods #BabyAid",Resource Requests,train,True
"WE R WITHOUT POWER IN KALPETTA, WAYANAD. 30+ households affected. Plz send generators ASAP @KSEB #KeralaFloods #PowerHelp",Resource Requests,train,True
"PLEASE HELP ppl stranded in our neighborhood of #Calicut India need food, water & shelter pls RT @RedCross @NDRF #KeralaFloods",Resource Requests,train,True
"Group of 12 need rescue ASAP stuck on 5th floor in #Kochi India no water, food or power pls contact @NDRF #KeralaFloods",Resource Requests,train,True
EMERGENCY 10 families in #Punalur India without electricity or water pls send generators & aid ASAP @RedCross @NDRF,Resource Requests,train,True
URGENT: 2 elderly ppl & 3 kids in #Kozhikode India need medical aid & meds pls contact @RedCross #KeralaFloods,Resource Requests,train,True
Need bottled water for 30 ppl at #Thottilpalam shelter pls drop off at local mosque @NDRF #KeralaFloods,Resource Requests,train,True
"PLEASE DONATE bottled water, diapers & cleaning supplies for 50 families in #Perumbavoor India @ConvoyOfCare #KeralaFloods",Resource Requests,train,True
10 babies in #Thrissur India need diapers & formula pls send ASAP @RedCross #KeralaFloods,Resource Requests,train,True
PLEASE HELP we lost power & water in our apt building on 22 #Malabar Hills in #Kerala India pls contact @NDRF #KeralaFloods,Resource Requests,train,True
Group of 20 ppl in #Kottayam India need transport 2 & 4 wheelers pls contact @NDRF #KeralaFloods,Resource Requests,train,True
"EMERGENCY: our clinic in #Irinjalakuda India need medical supplies, doctors & nurses pls contact @RedCross #KeralaFloods",Resource Requests,train,True
"PLEEZ HELP! 10 families stranded in New Orleans, LA. Need shelter & food ASAP! @FEMA @RedCross #HurricaneHelp",Resource Requests,train,True
"GROUP OF 12 NEED WATER & SHELTER in Miami, FL. Please DM for address. @NDRF @AmericanRedCross #MiamiFlood",Resource Requests,train,True
"URGENT NEED FOR BABY SUPPLIES: diapers, formula & pacifiers 4 20 babies in Houston, TX. @UnitedWay #HarveyRelief",Resource Requests,train,True
"@FEMA pls send aid 2 Kerala, India. 100 people stuck in flooded homes, need rescue & shelter #KeralaFloods",Resource Requests,train,True
"ANYONE IN DALLAS, TX. with generator, pls lend 2 us! Our home in Lakewood area has no power #HurricanePowerOut",Resource Requests,train,True
NEED MEDICAL AID: oxygen tanks & insulin for 5 ppl in Puerto Rico. @FEMA @RedCross #PuertoRicoRelief,Resource Requests,train,True
WE R IN NEED OF TRANSPORT: 4x4 vehicles 2 rescue ppl from flooded areas in North Carolina. @NCDOT #HurricaneFlorence,Resource Requests,train,True
"PLEASE HELP! 50 ppl trapped in flooded homes in Chennai, India. Need rescue & shelter ASAP @NDMA #ChennaiFloods",Resource Requests,train,True
"HELP US IN CALI! Need food, water & shelter 4 20 people stranded in Santa Ana area. @CalIFire #CaliforniaWildfires",Resource Requests,train,True
"PLEASE DM if u have a trailer 2 lend 2 displaced family in San Juan, PR. Need shelter ASAP @FEMA #PuertoRicoRelief",Resource Requests,train,True
"PLEASE HELP! group of 12 ppl trapped on 4th floor of apartment complex on 12th st, kolkata need evacuation ASAP #WestBengalFloods @NDRF",Resource Requests,train,True
"Need medical aid ASAP at 345 jalan tun razak, kl. got a family member with diabetes and severe asthma #MalaysiaFloods @RedCross",Resource Requests,train,True
"Urgent pls help! group of elderly ppl need food & water at shelter on 123 main st, new york #HurricaneHelp @FEMA",Resource Requests,train,True
"Need transport for 15 family members to safety from 456 14th st, atlanta. can u pls lend a hand? #GeorgiaFloods @SOS",Resource Requests,train,True
"group of 3 ppl need rescue on 789 park ave, manhattan. no power, running water or communication #HurricaneRelief @NYC_Emergency",Resource Requests,train,True
"WE NEED WATER ASAP for 50 ppl at refugee camp on 23rd st, mumbai. pls send help #IndiaCyclone @NGO",Resource Requests,train,True
"PLEASE SEND DOCTORS at 901 market st, seattle. 20 ppl trapped in 3-story building #WashingtonFloods @RedCross",Resource Requests,train,True
"group of 12 need baby supplies (diapers, formula) at shelter on 345 5th st, los angeles. pls help! #CaliforniaFires @USMC",Resource Requests,train,True
"WE NEED BACKUP POWER for hospital on 23rd st, puerto rico. pls send generators ASAP #PuertoRicoHurricane @RedCross",Resource Requests,train,True
"group of 25 ppl trapped on rooftop in queens need rescue on 456 queens blvd, new york. pls help! #HurricaneSandy @NYFD",Resource Requests,train,True
"pls send meds 2 my mom 65yr old diabetic, stuck in katrinafloods neworleans 7th ward, 1330 st ann",Resource Requests,train,True
"@FEMA need food & water 4 50 ppl in puerto rico, las marismas, 300+ people, no aid in sight",Resource Requests,train,True
"PLEASE HELP! hurricane dorian st. lucia, 4 children aged 2-8 stuck in flooded home, need rescue ASAP",Resource Requests,train,True
"group of 12 need generators 4 power in cyclone idai affected zone, zimbabwe, its been 3 days",Resource Requests,train,True
"urgent: baby supplies r critically low in nepal earthquake hit areas, need diapers & formula 4 infants",Resource Requests,train,True
"@NDRF pls help my grandma its been 5 days since she got stuck in the delhi floodwaters, age 82, kidney issues",Resource Requests,train,True
"need shelter & food 4 100+ ppl in typhoon yolanda affected area, tacloban city, philippines",Resource Requests,train,True
"PLEASE DONATE to send aid 2 california wildfire victims, need bottled water & blankets 4 the homeless",Resource Requests,train,True
"@RedCross, pls expedite rescue efforts in afghanistan earthquake hit province, need ambulances & medical teams",Resource Requests,train,True
"we r 25 ppl stranded in afganistan, need food & water, help plz, stuck in badakshan, waris village",Resource Requests,train,True
EMERGENCY IN DOWNTOWN SAN FRANCISCO 1000s STRANDED IN FLOOD ZONE NEED RESCUE TEAM @SFGov @FEMA 415-123-4567,Resource Requests,train,True
"PLEASE HELP we R a grp of 12 fam w/2kids & elderly need shelter, food & water @RedCross @NDRF in Kottayam, Kerala #KeralaFloods #FloodRelief",Resource Requests,train,True
"ANYBODY HAVE SUPPLIES 4 BABIES (diapers, formula, etc.) IN ORANGE CT, NEW JERSEY? PLEASE DM US @NJProud @NJCares",Resource Requests,train,True
"WE R IN NEED OF MEDICAL AID IN BAYOU BARATARIA, LOUISIANA - 10 ppl w/diabetes, asthma & other chronic conditions @LouisianaGov @CDCgov #HurricaneHelp",Resource Requests,train,True
"NEED AID 4 FLOOD AFFECTIONED NEIGHBORHOODS IN MUMBAI, INDIA - SALTZILLA, MAZY, SANTACRUZ, VILEPARLE @PMOIndia @NDMAIndia",Resource Requests,train,True
"URGENT! 50 FAMILIES TRAPPED IN STORM SURGE ZONE, WAPPINGER FALLS, NY NEED RESCUE @NYSenate @NYCRescue",Resource Requests,train,True
"WE NEED WATER & FOOD IN CAMPBELL RD, TULSA, OKLAHOMA - 20 ppl stranded w/medical conditions @TulsaGov @AmericanRedCross",Resource Requests,train,True
"HELP! FOLKS IN MY NEIGHBORHOOD LOST HOME due 2 HURRICANE DORIAN NEED SHELTER, WATER & FOOD ASAP @BermudaGov @UNOCHA #BermudaHurricane",Resource Requests,train,True
"GROUP OF 5 NEED POWER GENERATORS IN BAYTOWN, TEXAS - HOSPITAL EQUIPMENT @TexasGov @FEMA",Resource Requests,train,True
"PLEASE SHARE - WE R NEEDING TRANSPORT 2 SAFE ZONE IN SALT LAKE CITY, UTAH - 15 FAMILIES w/kids & elderly #UtahFloods @SLCGov @NWS @USNavy",Resource Requests,train,True
PLEASE HELP @RedCross we r stuck in #HurricaneHarvey @NassauBayou area 20 ppl 2 kids 1 diabetic pls send food water NOW!,Resource Requests,train,True
GROUP OF 12 NEED @NYCRescue @FDNY HELP @BrooklynBorough in Bushwick neighborhood after #IsaiasStorm no power pls send flashlights generators ASAP!!,Resource Requests,train,True
"HELP NEEDED @RedCross @NDRF in #KeralaFloods area of Malappuram, Thiruvalla Rd, 30 ppl stranded pls provide shelter water food ASAP",Resource Requests,train,True
@NassauCountyGov WE R WAITING 4 HELP AT 145 ELM ST MERRICK NY 11566 15 ppl including 2 elderly pls send food water NOW!,Resource Requests,train,True
NEED RESCUE @CalOES @FEMA help at 1235 12TH ST BAY AREA 8 ppl including 2 toddlers stuck in apartment complex pls send teams ASAP,Resource Requests,train,True
PLEASE DONATE FOOD WATER @SamaritanPurse @ConvoyOfHope for #HurricaneDorian relief in Abaco Bahamas 500 ppl in need,Resource Requests,train,True
"@NYC Mayor @NYCemergencysr HELP GROUP IN #IsaiasStorm AT 456 JAFFA AVE BROOKLYN, 50 ppl including 10 kids stuck pls send food water generators NOW",Resource Requests,train,True
PLEASE HELP SEND BABY SUPPLIES @RedCross @UNICEF @BabiesRUs for #KeralaFloods at Changanacherry area 120 ppl including 40 kids in shelters pls donate diapers wipes formula ASAP!!,Resource Requests,train,True
"WE R IN NEED OF POWER @PGEELECTRICITY @ConEdison RESTORE POWER IN #HurricaneFlorence area of 9875 WILSON RD LUMBERBRIDGE, 75 ppl including 15 elderly pls send crews ASAP",Resource Requests,train,True
@SanFranciscoGov HELP URGENTLY AT 345 KELLY ST SAN JOSE AREA 80 ppl including 20 kids trapped in building after #BayAreaFlood pls send rescue teams NOW!!,Resource Requests,train,True
"URGENT HELP NEEDS @RedCross, @NDRF, WE HAVE 50 PEOPLE TRAPPED AT 123 MAIN ST, KOLKATA pls provide ambulances & rescue gear NOW #WestBengalFloods",Resource Requests,train,True
"URGENT CALL 4 HELP, GROUP OF 12 NEED WATER + FOOD AT 234 PLEASANT ST, NEW ORLEANS, LOUISIANA PLS DM SARAH @sarahkhan",Resource Requests,train,True
"@NDRF HELP US GET FOOD, WATER & SHELTER 2 MY FAMILY OF 8 AT 5678 RAINBOW DR, KERALA PLS RUSH SUPPLIES ASAP #KeralaFloods",Resource Requests,train,True
"PLEASE HELP US, WE ARE STRANDED IN SALT LAKE CITY, UTAH, AFTER THE HURRICANE NEED EMERGENCY POWER & COMMUNICATION #UtahHurricane",Resource Requests,train,True
"GROUP OF 60 NEED BABY SUPPLIES (DISECTABLE DIAPERS & MILK) AT 9012 BABY ST, PHOENIX, ARIZONA, PLS DM JEN @jenwill",Resource Requests,train,True
"@RedCross, WE NEED CLEANING SUPPLIES (MOPS, BROOMS, DUSTPANS) @ 3456 HOUSTON ST, LOS ANGELES, PLS HELP #CaliforniaWildfires",Resource Requests,train,True
"WE R STRANDED IN PENSACOLA, FLORIDA, AFTER HURRICANE MICHAEL NEED TRANSPORT TO HOSPITAL & MEDICAL CARE PLS HELP US #FloridaHurricane",Resource Requests,train,True
"PLEASE IF U CAN HELP DOCTORS & MEDICAL SUPPLIES (BANDAGES, SALINE WATER) @ 8901 MEDICAL ST, OKLAHOMA CITY, PLS DM AMANDA @amandajohn",Resource Requests,train,True
"HELP NEEDED @ 4567 EVACUATION RD, ATLANTA, GA WE NEED SHELTER, FOOD & WATER FOR 100 PEOPLE PLS RUSH SUPPLIES NOW #AtlantaFloods",Resource Requests,train,True
"IF U CAN HELP WE NEED RESCUE TEAM @ 5678 RESCUE DR, CHARLOTTE, NC, PLS CALL JIM @jimgomes #NorthCarolinaHurricane",Resource Requests,train,True
"@RedCross pls help w/ transport 2 affected areas in #KeralaFloods, need ambulances & boats ASAP",Resource Requests,train,True
"URGENT we need ppl w/ 4wd vehicles or truck 2 help rescue 20 families from Kattappana, contact 0947543201",Resource Requests,train,True
"st johns school, ernakulam, 150 children need food & water pls share this msg #KeralaFloods",Resource Requests,train,True
"group of 12 ppl stuck @ tottangara house, manikamangalam, need medical aid & shelter ASAP #HurricaneHelp",Resource Requests,train,True
"anyone in thiruvalla pls provide shelter 4 10 families, contact 0974554321 #KeralaFloods",Resource Requests,train,True
"medical aid 4 elderly diabetic woman, st patricks school, ernakulam, pls help @NDRF",Resource Requests,train,True
"st thomas school, thrissur, ran out of food & water, need supplies ASAP #KeralaFloods",Resource Requests,train,True
"plz share this msg, we need generator 2 provide power 4 500 ppl @ vypeen, ernakulam #KeralaFloods",Resource Requests,train,True
"urgent, 3 families stuck in a house @ injakkelkavala, kalady, need food & water pls help @RedCross",Resource Requests,train,True
"need baby supplies 4 20 newborns at st george school, thrikkakara, contact 0947543201 #KeralaFloods",Resource Requests,train,True
"URGENT ppl in 300 households in Lakshmi Nagar Delhi need food, water & shelter ASAP #KeralaFloods @NDRF @RedCross",Resource Requests,train,True
"group of 12 need medical aid, 1 has severe kidney problems, 1 is 6 months pregnant, in Sector 15 Gurgaon pls help #HurricaneHelp @WHO",Resource Requests,train,True
NEED POWER restoration on 56th St Manhattan ASAP got a 75 yr old grandma & 2 kids w/chronic illnesses #HurricaneRelief,Resource Requests,train,True
"please help us in Bhagyalaxmi nagar Hyderabad w 5000 ppl stuck, no food or water available for days #TelanganaFloods @NDMA",Resource Requests,train,True
"PLEASE HELP stranded in Chandrapur, 2000 ppl stuck, no phone signal or food available #MaharashtraFloods @RedCross",Resource Requests,train,True
"can someone pls donate diapers, formula, & baby clothes for 20 families in Sector 16 Chandigarh, kids r running out #BabyAid",Resource Requests,train,True
"just got word that 1500 ppl @ Kothapalli village AP need WATER bottles ASAP, pls arrange #AndhraFloods @WHO",Resource Requests,train,True
"GROUP of 20 ppl stranded at Bandra station Mumbai, no food, water or electricity available pls arrange #MumbaiFloods @Rlys",Resource Requests,train,True
"plz ppl, in Dindigul, 150 families (300 ppl) need FOOD & shelter ASAP, pls donate or help arrange #TamilNaduFloods @NDRF",Resource Requests,train,True
"group of 12 ppl need RESCUE in 34th Street Queens NYC, 1 is paralyzed, pls arrange rescue ops ASAP #HurricaneHelp @FDNY",Resource Requests,train,True
PLEASE HELP WE NEED WATER AND FOOD ASAP FOR 50 PEOPLE IN EASTERN NEPAL #NepalFloods @NepalRedCross,Resource Requests,train,True
GROUP OF 12 NEED MEDICAL SUPPLIES & FIRST AID KITS FOR THE INJURED IN KAKUMA #KenyaRefugees @UNHCR,Resource Requests,train,True
URGENT NEED FOR TRANSPORT HELP GETTING ELDERLY RESIDENTS TO SAFETY IN SALT LAKE CITY #UtahBlizzard @SLCPolice,Resource Requests,train,True
PLZ RETWEET FOR RESCUE CONTACT INFO FOR PEOPLE STUCK IN THE STORM WATER IN THIRUVANANTHAPURAM #KeralaFloods @NDRF,Resource Requests,train,True
HELP US FIND BABY FORMULA & DIAPERS FOR THE 20 CHILDREN IN OUR SCHOOL IN HAITI #HaitiRelief @RedCross,Resource Requests,train,True
GROUP OF 4 NEED POWER GENERATORS FOR THE HOSPITAL IN MONROVIA #LiberiaEbola @MSF_USA,Resource Requests,train,True
WE'RE IN URGENT NEED OF SHOVELS & SAND BAGS TO PROTECT OUR HOMES IN CUBA #CubaFloods @CubaRelief,Resource Requests,train,True
PLEASE HELP US FIND A SAFE PLACE 4 THE 15 FAMILY WITH SPECIAL NEEDS KIDS IN THE STORMY WATERS IN TEXAS #HurricaneHelp @RedCross,Resource Requests,train,True
URGENT CALL 4 VOLUNTEERS WITH 4WD VEHICLES 2 HELP RESCUE FOLKS STUCK IN FLOODWATERS IN MUMBAI #IndiaFloods @NDRF,Resource Requests,train,True
"NEEDED: FOOD, BLANKETS & WARM CLOTHS FOR THE 25 FAMILIES IN THE DISPLACED PERSONS CAMP IN PAKISTAN #PakistanFloods @UNHCR",Resource Requests,train,True
"PLEEEEASE help! Me & my fam 4 kids, 9 & 6, trapped in basement #HoustonFloods #HelpUs",Resource Requests,train,True
"@RedCross we need water & food 4 50 ppl @ Safe Haven shelter, 345 Main St, Brooklyn. pls bring 2nite #NYCLandlords",Resource Requests,train,True
WE ARE AT RISK OF DROWNING!!! 500+ people stuck with NO RESCUE 2 see in #KeralFloods #SaveUs,Resource Requests,train,True
"group of 12 need oxygen masks & wheelchairs urgently @ Navi Mumbai, 123 Shivaji Nagar. plz call 9977778888 & drop off",Resource Requests,train,True
"Urgent! Need diapers, formula & baby food 4 stranded new moms @ Houston Zoo Shelter #HurricaneHarvey",Resource Requests,train,True
"EMERGENCY HELP NEEDED FOR DOGS & CATS @ animal shelter, 456 Queens Blvd, NYC. ppl bringing food & water 4 them 2 #NYCpets",Resource Requests,train,True
"Need help 2 get ppl out of 1st floor apt @ 23rd & Main St, Kansas City. 10 ppl stuck, pls donate 2 rescue efforts",Resource Requests,train,True
KeralaFloods - we r in desperate need of sanitary pads & basic meds 4 women & kids @ Thiruvananthapuram. pls pls help,Resource Requests,train,True
"URGENT CALL 2 ALL WHO CAN HELP: power generator & backup batteries needed 4 100+ ppl @ Red Cross Shelter, 789 Chicago Rd.",Resource Requests,train,True
"PLEAS HELP KERALA PEOPLE @RedCross & @NDRF we r stuck in Thrissur, 20 ppl, 8 kids, no food, no water #KeralaFloods",Resource Requests,train,True
"GROUP OF 12 NEED HELP IN ODISHA @NDRF 60 yr old man needs oxygen tank, 25 yr old woman needs insulin #OdishaFloods",Resource Requests,train,True
"WE R STUCK IN PHILADELPHIA @FEMA 500 ppl in shelter, but NO FOOD, NO WATER, NEED MEDICAL AID ASAP #HurricaneHelp",Resource Requests,train,True
"TRUCK FULL OF BLOOD, PLATELETS & MEDS COMING 2 MUMBAI VIA PUNE, IF ANYONE NEEDS PLEASE CONTACT 07777711111 #MumbaiFloodsRescue",Resource Requests,train,True
"@RedCross HELP 4 KIDS IN JAPAN, 10 YR OLD NEEDS NEW CAST, 12 YR OLD NEEDS TYPHOID VAC #JapanEarthquake",Resource Requests,train,True
"PLEASE SEND FOOD & WATER TO 20 FAMILIES IN BALTIMORE @FEMA 50 CHILDREN NEED DIAPERS, 15 NEWBORN BABIES NEED FORMULA #HurricaneBaltimore",Resource Requests,train,True
"GROUP OF 15 NEED RESCUE IN COLOMBIA @RedCross 12 yr old boy lost in forest, 8 yr old girl has broken leg #ColombiaEarthquake",Resource Requests,train,True
"IF ANYONE IN SRI LANKA NEED OXYGEN TANK, PLZ DM US @NDRF WE CAN HELP YOU #SriLankaFloods",Resource Requests,train,True
"PLEASE HELP 100 PEOPLE IN TAIWAN @RedCross WE R STUCK IN HUALIEN, NEED FOOD, WATER, SHELTER ASAP #TaiwanEarthquake",Resource Requests,train,True
"WE R STUCK IN NEW ORLEANS @FEMA 50 PEOPLE NEED MEDICAL AID, 20 PEOPLE NEED NEW WHEELCHAIRS #HurricaneNewOrleans",Resource Requests,train,True
HELP WE NEED WATER ASAP IN KAKINADA EAST GODAVARI DIST PLEASE #GodavariFloods @NDRF @RedCross,Resource Requests,train,True
URGENT CALL FOR DONORS 50 KIDS IN RAJARHAT KOYLA NEIGHBORHOOD NEED DIAPERS MILK & CLOTHES #CalcuttaFloods #WestBengalFloods @ChildlineIndia @UNICEF,Resource Requests,train,True
IF U CAN SPARE ANYTHING WE NEED POWER GENERATORS IN BANDA AURANGABAD UP #UttarPradeshFloods @UPgov @NDRF,Resource Requests,train,True
GROUP OF 12 NEED RESCUE WE'RE STUCK IN 7TH FLOOR OF BHAI PARK BUILDING #MumbaiFloods #RescueMe @MumbaiPolice @NDRF,Resource Requests,train,True
PLEASE HELP! 15 PEOPLE IN SUNDARBANS NEED MEDICAL AID THEY'RE IN CRITICAL CONDITION #BangladeshFloods #Sundarbans @WHO @BangladeshGov,Resource Requests,train,True
CALLING ALL KIND HEARTS NEED FOOD WATER & SHELTER IN PUNE NEED 500 BAGS OF RICE #PuneFloods #MaharashtraFloods @CMOMaharashtra @UN,Resource Requests,train,True
URGENT WE NEED 200 FIRST AID KITS IN KOLKATA #KolkataFloods #WestBengalFloods @WBHealthServices @ChildlineIndia,Resource Requests,train,True
"IF YOU CAN SPARE A CAMPING STOVE, OIL & RICE WE NEED 50 SETS IN KERALA #KeralaFloods @KeralaGov @NDRF",Resource Requests,train,True
"MY FRIEND LOST HER BABY BOY IN THE FLOODS NEED CRIB, DIAPERS & MILK POWDER IN KOLKATA #KolkatFloods #WestBengalFloods @ChildlineIndia @UNICEF",Resource Requests,train,True
PLZ SHARE WE HAVE 200 FAMILIES NEED RESCUE WE'RE BLOCKED IN BORIVALI #MumbaiFloods #RescueMe @MumbaiPolice @NDRF,Resource Requests,train,True
"PLEASE HELP! Neighborhood of 200 ppl trapped in flooded streets of downtown Miami, need rescue ASAP #HurricaneHelp",Resource Requests,train,True
"@RedCross pls send generators 2 Kauai Island, we r running out of power #Hawaiifloods",Resource Requests,train,True
"Group of 12 need medical aid & oxygen tanks 4 elderly residents @NDRF, can u pls assist? #KeralaFloods",Resource Requests,train,True
"URGENT HELP NEEDED in flooded streets of Houston, ppl stuck in 1st flr apartments #HurricaneHarvey",Resource Requests,train,True
"Cant wait any longer 4 food & water in Puerto Rico, pls rsvp @CruzRey 2 donate #HurricaneMaria",Resource Requests,train,True
"We lost our generator, can u plz send 1 2 345 Maple St, Queens, NY ASAP? #HurricaneRelief",Resource Requests,train,True
Rescue team needed 4 kids with asthma 4 medical evac @NDRF #TexasFloods,Resource Requests,train,True
Need baby supplies (diapers & formula) 4 20 babies stuck in shelters @RedCross #NepalFloods,Resource Requests,train,True
"Neighborhood of 50 ppl in need of shelter, pls send tents ASAP @UNICEF #YemenEarthquake",Resource Requests,train,True
Can u ppl of #NYC donate clothes 4 kids who lost theirs 2 the flood? @CatholicCharities,Resource Requests,train,True
ALUVA KERALA FLOODS PLEASE HELP WE NEED TRACTORS PLZ TO CLEAR LOGJAMS AT PERUMBAVOOR BRIDGE #KeralaFloods #AluvaFloodRelief @NDRF @KeralaGov,Resource Requests,train,True
URGENT HELP NEEDED 10 PEOPLE STUCK AT 34 VICTORIA BRIDGE IN MUMBAI DUE 2 LANDING COLLAPSE @MumbaiPolice @NDRF @redcrossindia #MumbaiFloods #HelpRequired,Resource Requests,train,True
GROUP OF 12 NEED FOOD WATER MEDS 4 NEXT 48 HRS WE ARE AT 1234 OAK STREET IN NEW ORLEANS PLEASE SEND HELP @FEMA @RedCross @LouisianaGov #HurricaneHelp #NewOrleans,Resource Requests,train,True
PLEASE HELP WE HAVE NO POWER OR WATER IN OUR BUILDING @1045 5TH AVENUE IN MANHATTAN @NYCHousing @DEP @NewYorkStatePol #NYCFloods #Help,Resource Requests,train,True
HELP US FIND DRUGS 4 MY MOTHER WHO SUFFERS FROM DIABETES @OUR LOCATION 4567 MAIN RD IN KANSAS CITY MO @FEMA @KansasCityGov #KCTornado #DisasterRelief,Resource Requests,train,True
EMERGENCY 50 PPL TRAPPED IN SHELTER AT 6789 LAKEVIEW DR IN HOUSTON HELP NEEDED ASAP @HARRISCTX @RedCross @TexasGov #HurricaneHelp #Houston,Resource Requests,train,True
PLEASE SEND RESCUERS 2 3456 RIVER RD IN FORT LAUDERDALE WE HAVE A GROUP OF 20 KIDS NEEDING MEDICAL ATTENTION @BrowardSheriff @RedCross @FLGov #FLLFLOODS #KidsInDistress,Resource Requests,train,True
WE NEED DOCTORS & NURSES AT 9012 HIGH STREET IN OAKLAND @AlamedaCounty @CalEMA @OaklandCA #OaklandFloods #HealthEmergency,Resource Requests,train,True
WE R COORDINATING 4 A MASS RELIEF EFFORT @1234 OCEAN DRIVE IN MIAMI 20 TRUCKS & 50 VOLUNTEERS NEEDED PLEASE SEND HELP @FEMA @RedCross @FloridaGov #MiamiFloods #ReliefEffort,Resource Requests,train,True
HELP PLEASE IN ORISSA NEED WATER AND FOOD FOR 50 FAMILY MEMBERS TRAPPED IN SUNDARGARH DISTRICT ORISSAFLOODS #RedCross,Resource Requests,train,True
URGENT HELP NEEDED FOR BABY SUPPLIES IN BAYOU BLUE LOUISIANA - 5 BABIES <4mos NEED DIAPERS FORMULA & BABY FOOD #hurricanedelta,Resource Requests,train,True
NEED RESCUE AT KOLKATA STREET: 15/6 KOLKATA NEED HELP GETTING OUT OF 3RD FLOOR APARTMENT - PLEASE REACH @NDRF #KolkataFlood,Resource Requests,train,True
GROUP OF 12 NEED FOOD WATER & 1 GENERATOR IN SANTALAL PALAI CHHATTISGARH - PLEASE DONATE #ChhattisgarhFlood,Resource Requests,train,True
PLEASE HELP 8 FAMILIES IN SULUR NAGAR TAMIL NADU NEEDING SHELTER - WE NEED TEMPORARY SHEDS ASAP #TamilNaduFlood,Resource Requests,train,True
PLEASE HELP WE NEED DOCTORS & VACCINES IN BANDL UP PRADESH TO FIGHT OUTBREAK OF CHOLERA #PanditDeendayalFlood,Resource Requests,train,True
WE HAVE 100 PEOPLE TRAPPED IN FLOODWATERS IN KASHIPURA MAHARASHTRA NEED AIRLIFT SUPPORT @RedCross #MaharashtraFlood,Resource Requests,train,True
PLEASE SEND DOCTORS & FIRST AID KITS TO JAWAHAR NAGAR KERALA - WE HAVE 25 PEOPLE WITH SERIOUS INJURIES #KeralaFlood,Resource Requests,train,True
GROUP NEEDS 3 RESCUE BOATS IN KALAPATTI TAMIL NADU TO EVACUATE 15 FAMILIES STUCK IN FLOOD #TamilNaduRelief,Resource Requests,train,True
KOLKATA RESIDENTS PLEASE HELP US GET GENERATORS & POWER SUPPLIES TO RESTART HOSPITALS @NDRF #KolkataFlood,Resource Requests,train,True
"PLEASE HELP, my 2yr old daughter has diarrhea & fever in flood affected Chandni Chowk, need baby food & medicines ASAP #KeralaFloods @RedCross",Resource Requests,train,True
"GROUP OF 12 NEED WATER, non-potable for drinking & hygiene in affected areas of Lower Parel, Mumbai pls help @NDRF #IndiaFlooding",Resource Requests,train,True
"PLEASE RT, we r 100 people stranded in a school in flooded areas of Varanasi, need rescue & shelter ASAP #VaranasiFloods @NDRF",Resource Requests,train,True
"Need medical aid, doctors & nurses in affected areas of Kozhikode, Kerala pls contact @RedCross #KeralaFloods",Resource Requests,train,True
"ITS 12am & its raining heavily in Ahmedabad, ppl r stuck in traffic, need help with transport & shelter @NDRF #AhmedabadFloods",Resource Requests,train,True
"WE NEED POWER, generators for hospital in affected areas of Delhi, pls help @PowerGridIndia #KeralaFloods",Resource Requests,train,True
"PLEASE HELP, my mom has a pacemaker & needs medical aid in flooded areas of Bhopal, need help ASAP @RedCross #KeralaFloods",Resource Requests,train,True
"GROUP OF 20 NEED FOOD & water in affected areas of Thane, pls help @NDRF #ThaneFloods",Resource Requests,train,True
"WE NEED RESCUE, people are stranded in their homes in flooded areas of Hyderabad, pls help @NDRF #HyderabadFloods",Resource Requests,train,True
"WE NEED BABY SUPPLIES, diapers & formula for 50 people in affected areas of Kochi, pls help @RedCross #KeralaFloods",Resource Requests,train,True
PLEEEEEEASE HELP we r in need of food water & shelter 4 50 ppl stuck on top floor in flooding apartment 123 main St #FloodingCrisis @RedCross help,Resource Requests,train,True
Group of 12 need rescue ASAP we r trapped in debris @NDRF pls send help to 45 Oak St #HurricaneRelief @FEMA help,Resource Requests,train,True
its raining 4 days no power in our village of 200 ppl in Odisha need generator ASAP pls help #OdishaFloods @PunjabCM need help,Resource Requests,train,True
PLEASE HELP! my mom has diabetes & we r out of insulin in #TennesseeFloods @AmericanRedCross pls send medicine to our address 67 Maple St,Resource Requests,train,True
@NDRF plz send help 2 our shelter 4 30 ppl including 12 kids in Chennai #ChennaiFloods need food water & blankets ASAP,Resource Requests,train,True
Group of 12 in need of transport from flooded area to safety in #FloridaFloods @FloridaGov please help us ASAP @Uber pls donate,Resource Requests,train,True
Non emergncy request: pls send diapers wipes & formula 4 20 babies stuck in our nursing home in #HoustonHurricane @RedCross help,Resource Requests,train,True
PLEASE HELP! our hospital in #SydneyFloods is running out of blood 4 emergency surgeries pls donate @AustralianRedCross,Resource Requests,train,True
NEED WATER ASAP our well is dry in #NepalFloods @UNICEF pls send help to 34 River Rd in village of 500 ppl,Resource Requests,train,True
plz send rescue team 2 our house 45 Beach St in #TyphoonPhilippines @PNHq pls help our family of 7 stuck in flooded house,Resource Requests,train,True
NEED WATER ASAP our village has no access for last 3 days pls send help to Kalimpong Westbengal #WestBengalFloods @NDRF,Resource Requests,train,True
PLEASE HELP us need 5000 blankets 4 families with kids & elderly stranded in Odisha cyclone @RedCrossIntl #OdishaCyclone,Resource Requests,train,True
group of 12 need food & shelter 2 days now in Srinagar pls help @NDRFINDIA #KashmirFloods,Resource Requests,train,True
EMERGENCY we r in need of medical aid 4 50 injured ppl in Kathmandu 4 help @RedCross #NepalEarthquake,Resource Requests,train,True
URGENT we need 100 generators 2 power up hospitals in Puerto Rico pls send @RedCrossPuerto #HurricaneMaria,Resource Requests,train,True
need diapers & formula urgently 4 20 kids affected by Cyclone in Odisha plz help @UNICEF #OdishaCyclone,Resource Requests,train,True
rescue team in Andaman & Nicobar needs more divers & boats to reach stranded ppl pls reach out @NDRF #AndamanCyclone,Resource Requests,train,True
PLEASE SEND FOOD we r running 4 3 days in Cherrapunji #MeghalayaFloods #NDRF,Resource Requests,train,True
we r a group of 30 in Assam need 2 transport ppl 2 safety plz help @NDRFINDIA #AssamFloods,Resource Requests,train,True
need rescue team 2 reach our 5 year old daughter 4 hours late in Kerala pls help @RedCrossIntl #KeralaFloods,Resource Requests,train,True
"@NDRF pls send a team 2 help the 20 ppl stranded @ Kala Nagar in Mumbai, need rescue ASAP #MumbaiFloods #IndiaNeedsHelp",Resource Requests,train,True
"PLEASE HELP! our group of 12 need FOOD, WATER & MEDICINE 4 the kids, aged btw 1-6, at Govt. Colony #OdishaFloods #HelpNeeded",Resource Requests,train,True
"URGENT - we need generators @ New York, 50 ppl without power, incl a 7yr old w/heart condition #HurricaneHelp #NYC",Resource Requests,train,True
"@RedCross can u pls provide baby supplies 4 the 3 families @ Sri Lankan refugee camp? diapers, formula, etc #LKrefugees #BabyHelp",Resource Requests,train,True
"we r in desperate need of TRANSPORT @ Chennai, can @TamilNadu Govt or @NDRF pls send us buses or vans? 100 ppl waiting #ChennaiCrisis #TransportNeeded",Resource Requests,train,True
"@UNICEF pls send SHOWER WATER, soap & toothpaste 4 the 150 kids @ Indonesian tsunami affected areas #IndonesiaHelp #KidsNeedCleanWater",Resource Requests,train,True
"group of 12 need WATER PUMP @ Kerala, our well dried up, pls @NDRF send us help ASAP #KeralaFloods #WaterCrisis",Resource Requests,train,True
"PLS RT our appeal 4 MEDICAL AID @ Philippines, 200 ppl need vaccines, meds & first aid kits ASAP #PhilippinesHelp #MedicalAid",Resource Requests,train,True
anyone have a GENERATOR 2 spare pls send 2 @ Texas? 50 ppl without power incl elderly & kids #TexasFloods #EmergencyGen,Resource Requests,train,True
"@IndianArmy can u pls provide FOOD PACKS & shelter @ Assam, 1000 ppl affected by floods, need help ASAP #AssamFloods #FoodAndShelter",Resource Requests,train,True
"NEED OXYGEN TANKS ASAP! 23 ppl in our apt bldg (123 main st, NYC) are running out, pls RT! #NYCFloods @FDNY @NYC_MayorsOffice",Resource Requests,train,True
"Group of 12 need food & water (2 families with 4 babies & 4 elders) in flooded areas of New Orleans, pls coordinate transport & aid! @RedCross @CityOfNOLA",Resource Requests,train,True
"PLEASE HELP! 5 families (20 ppl) need shelter @ Oakwood Apartments (1234 Oakwood Ave, LA) after LA Floods. We r in desperate need of tents & tarp!",Resource Requests,train,True
"any1 with solar generators or portable power stations in the Philippines, pls help me out! need 2 charge my daughter's oxygen machine 24/7. #LuzonFloods @DOSTPH",Resource Requests,train,True
"just got word that 10 ppl in our shelter (145 Maple St, Chicago) have diabetes & r running low on insulin. can we get some delivered ASAP pls? @AmericanRedCross",Resource Requests,train,True
"@NDRF pls dispatch team 2 our neighborhood (Sector 3, Mumbai) ASAP! We r in need of rescue & evacuation for 15 ppl, incl 5 elderly & 3 children. #MumbaiFloods",Resource Requests,train,True
"any1 in the area w/ generators, pls provide power to our shelter (123 Main St, Atlanta) for the next 24 hours. 30 ppl need heat, light & charge 4 their meds. #GeorgiaFloods",Resource Requests,train,True
"Group of 20 ppl need baby supplies (diapers, formula, etc.) in Puerto Rico, pls coordinate delivery @SanJuan. we r in desperate need after hurricane damage. #PuertoRicoRelief",Resource Requests,train,True
"need 10 wheelchairs for ppl in our shelter (456 Elm St, Boston) injured during the hurricane. can we get them delivered ASAP pls? @BostonMayor @MassGov",Resource Requests,train,True
"just had 1st baby @ shelter (890 Oak St, Houston) & need all the baby essentials NOW! can we get diapers, formula & milk delivered ASAP? #HoustonFloods @TexasRedCross",Resource Requests,train,True
"URGENT NEED OF DOCTORS IN NEW ORLEANS NEIGHBORHOOD OF MARIGNY, PLEASE DM @RedCross",Resource Requests,train,True
"group of 12 ppl stuck in a flooded apt building in queens, ny, need water & food ASAP, pls help #HurricaneHelp",Resource Requests,train,True
"NEED EMERGENCY MEDICAL AID FOR 30 PEOPLE TRAPPED IN A BUILDING in #KeralaFloods, pls DM me with rescue contact",Resource Requests,train,True
"PLEASE SHARE my tweet abt ppl stuck in shelters w/o power in east houston, need generators & food pls #HurricaneHelp",Resource Requests,train,True
"NEED WATER, FOOD, & BABY SUPPLIES DELIVERED 2 BLOCKS OF STREETS IN MANHATTAN'S LOWER EAST SIDE #NYCfloods",Resource Requests,train,True
"PLEASE HELP us with shelter & food in #HurricaneDorian, 100 ppl stranded in hallandale beach, wal-mart restocked but need transport 2 get 2 walmart pls @NDRF",Resource Requests,train,True
"NEED URGENT HELP IN FLORIDA, 15 PEOPLE NEED RESCUE FROM FLOODED HOME, PLEASE DM @NDRF",Resource Requests,train,True
"group of 15 ppl stranded on 4th floor of apt building in #KeralaFloods, need rescue via helicopter ASAP, pls DM @RedCross",Resource Requests,train,True
"PLEASE HELP, 50 ppl stuck in flooded apt building in LA NEIGHBORHOOD OF HIGHLAND PARK, NEED FOOD & WATER ASAP, pls DM me @NDRF",Resource Requests,train,True
"URGENT FOOD DROP NEEDED 4 FAMILIES STRANDED IN FLOODED ZONE IN NEW ORLEANS, NEED WFP FOOD SUPPLIES ASAP, pls DM @RedCross",Resource Requests,train,True
"PLEASE HELP! 100 ppl stranded in downtown Houston, 10 kids, 5 elderly with diabetes, NEED MEDICAL AID ASAP #HoustonFloods @RedCross @NDRF",Resource Requests,train,True
"URGENT NEED: generator 4 group of 12 @ 123 Main St, San Jose, CA, power out since Mon night #CaliforniaFires @PG&E",Resource Requests,train,True
"30000 bottles of WATER needed 4 residents @ 789 Maple St, Baltimore, MD, its getting real bad here #FloodRelief @NDRF",Resource Requests,train,True
"PLEASE RT! My grandma is stuck @ 1011 Elm St, Brooklyn, NY, she needs RESCUE ASAP #NYCStorm @FDNY",Resource Requests,train,True
"Need 4-portable water purifiers 4 100 ppl @ 222 Broadway, NYC, water crisis is getting worse #WaterCrisis @DEP",Resource Requests,train,True
"GROUP OF 5 NEED BABY SUPPLIES @ 3455 W 4th St, Chicago, IL, pls HELP #FamilyInNeed @UnitedWay",Resource Requests,train,True
"Need URGENTLY: 500 t-shirts, 300 pairs of socks 4 residents @ 1234 4th Ave, NYC, pls pls pls #ClothingDrive @SVP",Resource Requests,train,True
"PLEASE DONATE: food, shelter, medical aid 4 50 ppl @ 567 5th St, Miami, FL, WE R IN NEED #MiamiFloods @MiamiDadePD",Resource Requests,train,True
"EMERGENCY CALL 2 ACTION! 100 ppl trapped @ 8901 SW 10th St, Miami, FL, NEED RESCUE ASAP #SaveLives @NRCUSA",Resource Requests,train,True
"PLEASE SEND WATER TO 300 FAMILIES IN KALKUDY, KOCHI, KERALA #KeralaFloods @NDMA",Resource Requests,train,True
URGENT: 15 people stuck in attic of my house in queens NY need rescue ASAP @FDNY,Resource Requests,train,True
"group of 12 need medical aid, food & shelter in katy, texas #HurricaneHarvey @RedCross",Resource Requests,train,True
"PLEASE HELP! elderly couple needs oxygen & medicine in ravangla, west sikkim india #SikkimFloods @NDRF",Resource Requests,train,True
need generators for power in houston - 50+ homes affected by #hurricaneharvey @UtilityCo,Resource Requests,train,True
anyone in dallas have baby formula & diapers 2 donate? 10 babies in urgent need #HurricaneRelief @UNICEF,Resource Requests,train,True
our children's hospital in puerto rico is running out of insulin & medical supplies - pls send help #hurricanemaria @PuertoRicoGov,Resource Requests,train,True
"urgent need 4 a helicopter rescue in montego bay, jamaica - 2 families trapped in flooded area #JamaicaFloods @JCF",Resource Requests,train,True
"we r running out of food in katowice, poland - pls send non-perishable items 4 500 families #PolandFloods @EUCommission",Resource Requests,train,True
"if anyone in the usa has a 4x4 truck 2 lend, pls DM - need 2 transport medical supplies 2 puerto rico #HurricaneRelief @Medicus",Resource Requests,train,True
PLEASE HELP WE NEED FOOD & WATER 4 THE 25 FAMILIES STRANDED IN KATHMANDU NEPAL AFTER THE EARTHQUAKE KATHMNUHELP,Resource Requests,train,True
EMERGENCY CALL 0112 2356789 @NDRF WE NEED RESCUE FOR 4 MISSING PEOPLE IN BHUBANESHWAR ODHISA INDIA FLOODING,Resource Requests,train,True
HELP NEEDED 12 PEOPLE NEED SHOES SIZES 6-12 @UNICEFUNICEF WE'RE COLLECTING DONATIONS 4 KASHMIR REFUGEE CHILDREN,Resource Requests,train,True
URGENT HELP REQUIRED WE NEED A GENERATOR 4 OUR LOCAL HOSPITAL IN ST MAARTEN #STMAARTENRECOVERY,Resource Requests,train,True
WE'RE LIVE AT 1234 MAIN ST HELPING FLOOD VICTIMS IN HOUSTON TEXAS IF U HAVE PLENTY PLEASE DONT FORGET 2 SHARE #HurricaneHarvey,Resource Requests,train,True
PLZ @RedCross SEND A MEDICAL TEAM 2 HELP US IN SYDNEY AUSTRALIA WE HAVE 1 DOCTOR & 2 NURSES #SydneyFloods,Resource Requests,train,True
WE NEED YOUR HELP FOLKS WE HAVE 20 BOTTLES OF WATER LEFT & 50 PEOPLE ARE COMING 2 OUR CENTER IN GUATEMALA CITY #GuatemalaEmergency,Resource Requests,train,True
@NDRF CAN U PLEASE HELP US GET MEDICINES 4 OUR HOSPITAL @KOLKATA WE HAVE 10 PATIENTS ON LIFE SUPPORT #WestBengalCyclone,Resource Requests,train,True
"GROUP OF 12 NEED BABY FORMULA & DIAPERS ASAP IF U HAVE ANY PLZ DM US WE R STUCK IN JACO, COSTA RICA #JacoStrong",Resource Requests,train,True
PLEASE SHARE WE NEED FUEL FOR 5 GENERATORS 4 OUR RESIDENTS IN PUNJAB INDIA AFTER HEAVY FLOODING @PetrolIndia,Resource Requests,train,True
"PLEASE HELP in West Palm Beach, 100 ppl stranded in Palm Springs neighborhood with no water, pls DM @redcross #HurricaneHelp",Resource Requests,train,True
"need medical aid in Puerto Rico, group of 12 need insulin & EpiPen, pls DM details to @NDRF #HurricaneMariaRelief",Resource Requests,train,True
"water crisis in Cape Town, 50 ppl in District 5 need bottled water ASAP, pls donate @wateraid #watercrisis",Resource Requests,train,True
"group of seniors in New Orleans need shelter, pls DM @NDRF to coordinate #HurricaneHelp",Resource Requests,train,True
"PLEASE HELP, 200 ppl in Kerala flood zone lost homes, need blankets & tents #KeralaFloods",Resource Requests,train,True
"in dire need of rescue in coastal Alabama, pls DM @USCG with coordinates #HurricaneHelp",Resource Requests,train,True
"group of 30 ppl in Houston need baby supplies, pls donate diapers & formula #HurricaneHarvey",Resource Requests,train,True
"power outage in Puerto Rico, need portable generators for hospital in San Juan, pls DM @RedCross #HurricaneMaria",Resource Requests,train,True
"need transport in Nepal, group of 15 ppl need evacuation from landslide zone, pls DM @NepalGov #earthquakehelp",Resource Requests,train,True
"urgent need of shelter in Bangladesh, 100 ppl in Rohingya camp need emergency aid, pls DM @UNHCR #RohingyaCrisis",Resource Requests,train,True
"PLEASE HELP 12 ppl stuck in flooded neighborhood of #KeralaFloods, need rescue ASAP, @NDRF pls come!",Resource Requests,train,True
"Group of 30 senior citizens w/ diabetes & heart conditions need insulin, ECG machines & medical staff, plz dm @RedCross #HurricaneRelief",Resource Requests,train,True
"URGENT NEED: 2000 bottles of water 4 ppl stranded in #FloridaFloods @WaterOrg pls donate ASAP, group of 50 ppl stuck in apartment bldg!",Resource Requests,train,True
"anyone w/ baby formula pls DM, we r running out in #TropicalStorm, got 20 infants in need, @FeedingAmerica pls help!",Resource Requests,train,True
"my mum's hospital lost power in #HurricaneFlorence, pls send backup gens to @UNCHealthcare, 300 patients in need",Resource Requests,train,True
"we r setting up a shelter in #CaliforniaWildfires, need blankets, pillows, tents & medical supplies @SFGives pls donate ASAP!",Resource Requests,train,True
"NEED TRANSPORT: 1 wheelchair bound person stuck in #HurricaneHarvey, need accessible van & driver pls @SamaritanPurse",Resource Requests,train,True
"PLEASE HELP us get food, water, & medical aid 2 50 ppl homeless in #PuertoRicoHurricane, @CatholicRelief pls assist!",Resource Requests,train,True
"Group of 7 ppl w/ infants & toddlers need diapers, Formula & baby wipes pls DM @Baby2Baby, we r running out in #TropicalStorm",Resource Requests,train,True
"WE NEED RESCUE TEAM ASAP, 20 ppl stuck in #AustraliaFloods, need 4WD vehicles & ropes, pls @SESorg DM",Resource Requests,train,True
"PLEASE HELP NEED WATER ASAP for 20 people in Sector 4, Noida, Delhi!",Resource Requests,train,True
"@NDRF @RedCross pls send rescue team 2 our location: 22.6974, 87.3247 ASAP its a emergency",Resource Requests,train,True
"Group of 12 need shelter & food, stuck on road near Bhalswa Dairy Delhi, pls help @CMODelhi @NDMAIndia",Resource Requests,train,True
WE R IN NEED OF MEDICAL SUPPLIES 4 10 kids in #Srilanka floods Pls send oxygen concentrators & drips ASAP @MSF @UNICEF,Resource Requests,train,True
"@RedCross pls help us find transport 2 hospital 4 5 elderly ppl stuck in #CycloneIdai affected area, please!",Resource Requests,train,True
"URGENT HELP REQUIRED pls send generators 2 #California fires hit my neighborhood in Paradise, CA! - 30 houses affected",Resource Requests,train,True
"NEED BABY FORMULA & DIAPERS ASAP for 7 kids in #HurricaneMichael hit area, Panama City, FL! pls help @SalvationArmyUS",Resource Requests,train,True
"We need FOOD PLZ, have 50 people stranded in #TyphoonOdette hit area, Cebu, Philippines @govph @UNOPS",Resource Requests,train,True
"PLEASE SEND RESCUE BOAT to Kovalam Beach in #TamilNadu floods, 25 people stuck @NDRF @IndianNavy",Resource Requests,train,True
"WE R IN NEED OF POWER GENERATORS pls send 4 20 ppl stuck in #HurricaneDorian hit area, Grand Bahama Island, pls help @BAHAMAS Gov",Resource Requests,train,True
"PLEASE HELP! group of 12 need water & food @RedCross @NDRF at Delhi's Bhim Nagar, 20 kids & elderly ppl #UttarakhandFloods",Resource Requests,train,True
"WE'RE STRANDED! 3 families, 17 ppl need rescue @NDRF @IndianAirForce at Mumbai's Powai Lake, water rising fast #MumbaiFloods",Resource Requests,train,True
"NEED DOCTORS ASAP! group of 10 at Chennai's Pallavaram, 5 ppl injured, need medical aid @RedCross @TNHealthDept #ChennaiFloods",Resource Requests,train,True
"GROUP OF 15 NEED FOOD & SHELTER! @NDRF @GoAPolice at Visakhapatnam's BHPV, rain has cut power #VisakhapatnamFloods",Resource Requests,train,True
"WATER CRISIS @RedCross @GoI_MITRA, please send bottles to Kolkata's Salt Lake, 3000 ppl need drinking water #KolkataFloods",Resource Requests,train,True
HELP FOR BABIES! diaper & food donations needed for 20 babies @NDRF @MoHFW_INDIA at Odisha's Bhubaneswar #OdishaFloods,Resource Requests,train,True
"WE NEED GENERATORS! electricity down @NDRF @GoP_Tripura, 1000 ppl at Tripura's Agartala #TripuraFloods",Resource Requests,train,True
"PLEASE SEND MEDICINE! group of 50 at Gujarat's Vadodara, 20 ppl need malaria treatment @RedCross @MoHFW_INDIA #GujaratFloods",Resource Requests,train,True
"GROUP OF 8 NEED RESCUE! trapped in Chennai's Perungudi, 4 kids & 4 adults @NDRF @TNHealthDept #ChennaiFloods",Resource Requests,train,True
"NEED TRANSPORTATION! @NDRF @MoRTH_GoI, send boats to Kerala's Kochi, 500 ppl stranded #KeralaFloods",Resource Requests,train,True
"need rescue @NDRF @RedCross at Kallada Bridge, Alappuzha #KeralaFloods #disasterrelief",Resource Requests,train,True
PLEASE HELP! my family of 4 stuck in flooded streets of Thrissur need food & water ASAP #KeralaFloods,Resource Requests,train,True
"pls DM us @RedCross for help with baby supplies @ Aluva Kayankulam road, Ernakulam #KeralaFloods #babyneeds",Resource Requests,train,True
anyone near Perumbavoor can pls help with medical aid? grandma (70) & son (40) needs urgent care #KeralaFloods,Resource Requests,train,True
"its a crisis at Palarivattom, Cochin need power generators ASAP @NDRF @RedCross #KeralaFloods",Resource Requests,train,True
"HELP NEEDED 4 disabled brother (25) stuck @ Vyttila KSRTC bus stand, need wheelchair accessible transport #KeralaFloods",Resource Requests,train,True
"pregnant lady needs HELP @ 9497368397, 9567569898 see our location in Google Maps #KeralaFloods #disasterrelief",Resource Requests,train,True
"URGENT NEED FOR SHELTER @ Chavakkad Beach, Thrissur need tents & blankets ASAP #KeralaFloods #displaced",Resource Requests,train,True
"NEED RATION & FOOD SUPPLIES for 150+ people @ Cherthala, Alappuzha contact us @ 8281664212 #KeralaFloods",Resource Requests,train,True
"PLZ HELP @RedCross my 2yr old son has epilepsy & we need epipens desperately in flooded street of Vashi, Navi Mumbai",Resource Requests,train,True
"NEED WATER ASAP group of 12 ppl stuck in Thane, Maharashtra, with no access 2 clean drinking water",Resource Requests,train,True
"URGENT pls send medical kits 2 #NepalEarthquake relief team in Kathmandu, specifically insulin & inhalers 4 patients w/ diabetes & asthma",Resource Requests,train,True
"CAN ANYONE HELP? my 5yr old daughter needs meds 4 eczema & we r out in Puerto Rico, San Juan, after Maria",Resource Requests,train,True
"WE NEED SHARED TENT SPACE in affected area of Chennai, Adyar, pls DM 4 location @NDRF",Resource Requests,train,True
"CALLING ALL FRIENDS! group of 20 ppl stranded in Gujrat, Surat, need food, water, & shelter ASAP",Resource Requests,train,True
"PLEASE SHARE THIS LIST 4 ppl needing urgent medical care in Jammu, Jammu & Kashmir, after avalanches",Resource Requests,train,True
"HELP! we r 10 ppl stuck in waterlogged road of Bandra, Mumbai, need assistance 2 get 2 safety",Resource Requests,train,True
"ANYONE WITH GENERATORS? our entire neighborhood in flooded area of #HurricaneFlorence hit, needs power 2 stay safe",Resource Requests,train,True
"BABY SUPPLIES NEEDED 4 orphans in shelter in affected area of #KeralaFloods, we r collecting diapers & formula",Resource Requests,train,True
"PLEASE HELP! group of 12 need food, water, meds & shelter at Kallang Rd, Singapore till Thu 5pm. Plz DM #SGFloods @SGRedCross @SFA_SG",Resource Requests,train,True
"NEED URGENT HELP in Mumbai, India! Water crisis in Dadar, 200 ppl, 100+ kids & elderly. Water jugs & bottles at Dadar Station. Pls donate #MumbaiFloods @NDMAINDIA",Resource Requests,train,True
"EMERGENCY RESCUE ALERT @RedCross pls help! 50 yr old man with kidney issues stuck in his flooded home @ 45A, St Thomas St, New Orleans #HurricaneHelp @NOLAemergency",Resource Requests,train,True
"@NDRF help! 15 families need shelter & food at Sector 10, Chandigarh, Punjab. pls DM for details #PunjabFloods #NDRF",Resource Requests,train,True
"URGENT NEED for baby food & diapers in Chennai, India! 30 kids at the orphanage, 100+ more displaced. Pls donate #ChennaiFloods @UNICEFIndia @TamilNadu Gov",Resource Requests,train,True
"GROUP OF 20 NEED RESCUE in Jakarta, Indonesia! Floodwaters rising, no food, no shelter, pls help! #JakartaFloods @BNPB @IndonesiaGov",Resource Requests,train,True
"KERALA EMERGENCY RELIEF! Need blankets, candles, food, water, shelter at Alappuzha, near Sreekrishna Temple. pls DM #KeralaFloods @RedCrossIndia @NDRF",Resource Requests,train,True
"PLEASE DONATE FOOD & WATER in Kathmandu, Nepal! 300+ ppl stranded, no power, no shelter. Pls DM for details #NepalFloods @SMAKN @NepalGov",Resource Requests,train,True
"NEED URGENT TRANSPORT in Bangladesh! 100+ ppl stuck in their homes, no way to escape. pls DM for details #BangladeshFloods @BDRedCres @NDRF",Resource Requests,train,True
"FLOODS HAVE DEVASTATED #Bangladesh! pls donate food, water, medicine, shelter for the affected ppl in Sylhet, Dhaka, & Rajshahi. pls DM #FloodReliefBD @BDRedCres @NDRF",Resource Requests,train,True
"URGENT @RedCross pls help 30 ppl stranded @ govt highschool polleathai, alappuzha. need food, water & medical aid 91 98468 40228 #KeralaFloods #help",Resource Requests,train,True
"Group of 12 need rescue, located @ 345 Oak st, Houston, TX. medical condition: elderly woman with diabetes #HarveyRelief",Resource Requests,train,True
ANYONE in Miami can help transport ppl 2 shelter? we need 4 wheel drive & truck 2 get 20 ppl 2 safety #FloridaFloods #help,Resource Requests,train,True
"PLEASE HELP 40 ppl in need @ Shanti Nagar, Bengaluru. 2yr old baby needs milk, diapers & warm clothes ASAP #BangaloreFloods",Resource Requests,train,True
"WE NEED SHARED SHARED 100 blankets & 50 tarpaulins @ Govt Hospital, Chennai #TamilNaduFloods #help",Resource Requests,train,True
"URGENT CALL 2 ALL DOCTORS @ Jatin Das Nagar, Kolkata. need medical aid 4 injured ppl #KolkataFloods",Resource Requests,train,True
"NEED FOOD, WATER & SHELTER 4 50 ppl @ Noida Sector 18, Delhi #DelhiFloods #help",Resource Requests,train,True
"EMERGENCY: 40 ppl trapped @ 456 5th st, New Orleans, LA. need rescue team & medical aid ASAP #HurricaneHelp",Resource Requests,train,True
PLEDGE 2 DONATE $100 2 RED CROSS 4 #PuertoRicoFloods relief efforts. EVERY DOLLAR COUNTS,Resource Requests,train,True
"@NDRF if u r in Delhi plz help 4 ppl stranded @ 789 Minto Rd, New Delhi need shelter & food #IndiaFloods #help",Resource Requests,train,True
URGENT PLEA @RedCross & @NDRF PLEASE SEND EMERGENCY WATER SUPPLIES 2 KERALA FLOOD AFFECTED AREAS OF ERNAKULAM DISTRICT ASAP #KeralaFloods #RedCross,Resource Requests,train,True
GROUP OF 12 NEED EMERGENCY SHELTER IN JEROMETOWN NEIGHBORHOOD OF NEW ORLEANS PLEASE DM FOR DETAILS @RedCross #HurricaneHelp,Resource Requests,train,True
KARAWA STREET IN SLR RESIDENTS NEED GENERATORS PLEASE DONATE @NDRF #SrilankaFloods,Resource Requests,train,True
"WE ARE A FAMILY OF 4 WITH 2 YOUNG KIDS IN NEED OF MEDICAL AID FOR ASTHMA PLEASE SEND MEDS ASAP TO 123 MAIN ST, ORLANDO, FL #FloridaHurricane",Resource Requests,train,True
"GROUP OF PREGNANT WOMEN IN NEED OF BABY SUPPLIES PLEASE DONATE DIAPERS, CRIBS, & FORMULA TO KERALA FLOOD AFFECTED AREAS #KeralaFloods",Resource Requests,train,True
"CAN SOMEBODY PLEASE DROP OFF EMERGENCY FOOD & WATER SUPPLIES 2 456 WOODSTREET, NEW ORLEANS ASAP @FoodBank #HurricaneHelp",Resource Requests,train,True
PLEASE SHARE MY POST TO HELP GET EMERGENCY MEDICAL AID TO MY SISTER IN Srilanka WHO HAS Diabetes #SrilankaFloods,Resource Requests,train,True
NEED TRANSPORTATION FOR 8 PEOPLE WITH MEDICAL NEEDS IN KERALA FLOOD AFFECTED AREAS PLEASE DM FOR DETAILS @RedCross #KeralaFloods,Resource Requests,train,True
PLEASE HELP US GET A ROOF OVER OUR HEADS ASAP @NDRF WE HAVE 15 FAMILIES IN NEED OF SHELTER @cmdrf IN KERALA FLOOD AFFECTED AREAS,Resource Requests,train,True
PLEASE WE HAVE 500 PEOPLE STRANDED IN FLOODED SALT LAKE CITY NEED RESCUE EQUIPMENT & HELICOPTERS ASAP #KeralaFloods @RedCross,Resource Requests,train,True
group of 12 need food & water for nxt 2 days pls send to our shelter at 345 MAIN ST NEW ORLEANS #HurricaneHelp @NDRF,Resource Requests,train,True
need medical aid in kerala floods pls send ambulances & doctors ASAP to our village in Idukki dist #KeralaFloods,Resource Requests,train,True
PLEASE HELP OUR NEIGHBORS WHO LOST THEIR HOMES IN TROPICAL STORM FIONA WE NEED FUND FOR NEW SHEDS #HurricaneFiona @AmericanRedCross,Resource Requests,train,True
KASHMIR EARTHQUAKE RELIEF PLEASE DONATE 2 HELP 1000 PEOPLE WHO LOST THEIR HOMES @NGOINDIA,Resource Requests,train,True
WE NEED WATER & FOOD FOR 1500 PEOPLES IN DELHI PLEASE SEND DONATIONS TO LOCAL NDRF CAMP #DelhiFloods @NDRF,Resource Requests,train,True
PLEASE HELP WE HAVE 200 PEOPLE STRANDED IN FLOODED JALANDHAR NEED RESCUE TEAM & EQUIPMENT ASAP #PunjabFloods,Resource Requests,train,True
GROUP OF 5 NEED BABY SUPPLIES (DIAPERS & MILK) FOR 12 BABIES PLEASE SEND TO OUR SHELTER AT 78 5TH ST #HurricaneHelp,Resource Requests,train,True
Kerala Floods WE NEED GENERATORS TO RESTORE POWER IN OUR TOWN NEED HELP ASAP @NDRF & @RedCross,Resource Requests,train,True
PLEASE WE HAVE 20 PEOPLE WITH DIABETES NEED INSULIN & MEDICINE PLEASE SEND TO OUR SHELTER AT 321 HIGH ST #HurricaneDorian,Resource Requests,train,True
"PLEASE HELP we r stranded in KERALA, no food or water 4 days now, need urgent supplies #KeralaFloods @NDRF @RedCross",Resource Requests,train,True
"URGENT need oxygen tanks 4 a 5yr old with asthma in flooded streets of KOLLAM, Kerala pls HELP #KeralaFloods @SOSChildrensVill",Resource Requests,train,True
@Fema pls send rescue team ASAP our street in THIRUVANANTHAPURAM is inaccessible & 10 people are trapped #KeralaFloods #DisasterRelief,Resource Requests,train,True
GROUP of 12 need WATER & non-perishable FOOD for the next 3 days @WorldVision @Oxfam,Resource Requests,train,True
"IF U HAVE EXTRA BOTTLED WATER pls DM me, need 4 my 3 kids in flooded apartment in THRISSUR #KeralaFloods #WaterCrisis",Resource Requests,train,True
"PLEASE RT 4 the 100 people stuck in a school in ERNAKULAM, Kerala, need food, shelter & medical aid ASAP #KeralaFloods #Emergency",Resource Requests,train,True
"EMERGENCY SITUATION in CHENNAI, need generators 4 power 50 homes @TataPower @AdaniGroup",Resource Requests,train,True
GROUP of 20 seniors need MEDICAL CARE @RedCross @SOSIntl - pls send medics ASAP to our shelter in COIMBATORE,Resource Requests,train,True
NEED HELP finding shelter 4 50 families in flooded IDP camps @NGOIndia @UNHCR,Resource Requests,train,True
WHO HAS SPARE BATTERY OPERATED LIGHTS 2 HELP our IDP shelter in MADURAI pls DM me @SaveTheChildren,Resource Requests,train,True
"PLZ HELP! Group of 12 stranded in #KeralaFloods, 3 infants, 1 elderly with diabetes, need food & shelter ASAP!",Resource Requests,train,True
"Just witnessed a landslide in #CaliforniaFloods, 5 homes affected, need rescue teams @CALFIRE ASAP!",Resource Requests,train,True
"@RedCross we have 20 ppl sheltering at our home on 123 Main St in #HurricaneIda, we need more water & food pls!",Resource Requests,train,True
"URGENT HELP NEEDED! I'm at 456 Oak St in #FloridaHurricane, my 4 yr old son needs medical aid 2 ASAP!",Resource Requests,train,True
PLEASE REACH OUT @NDRF if you can bring baby supplies (diapers & formula) to 789 Maple St in #TornadoAlley!,Resource Requests,train,True
"We need a generator @ 345 Pine St in #HurricaneHarvey, electricity gone 4 48 hrs pls help!",Resource Requests,train,True
"If u r near #KnoxvilleFlood, pls DM us, we need a boat 2 rescue 8 family members stranded in our backyard!",Resource Requests,train,True
"Need 100 bottles of water @ 901 Walnut St in #WildfireCalifornia, elderly with heart condition need hydrating ASAP!",Resource Requests,train,True
"Group of 7 ppl at 234 Cedar St in #HurricaneDorian, need transport 2 shelter, pls help!",Resource Requests,train,True
"@USAID sending all the good vibes 2 those affected by #EarthquakeMexico, pls keep the aid pouring in, we need it 2 survive!",Resource Requests,train,True
"PLEASE HELP @RedCross, we r running out of food in #BiharFloods, need 10k meals 4 500 people by tomoro in Bihardi area",Resource Requests,train,True
"group of 12 need medical aid ASAP @NDRF, 4 injured & 3 with kidney failure in Chandigarh's sector 17",Resource Requests,train,True
anyone in #HondurasHurricane area with 4wheel drive truck pls help us transport 30 people 2 safer zone now,Resource Requests,train,True
"dry-roasted snacks for kids pls, sending to #KeralaFloodRelief, 300kgs needed ASAP @UNICEF",Resource Requests,train,True
"EMERGENCY in #PuertoRico, need rescue team @FEMA, 25 ppl trapped in Guaynabo's Calle 1",Resource Requests,train,True
"plz donate $ to @RedCross for #BangladeshDrought relief, 200+ villages need clean water urgently",Resource Requests,train,True
"2 family's w/infants need nappies ASAP @UNICEF, pls send to #KeralaFloodRelief, 500 packets needed now",Resource Requests,train,True
"need 10 generators ASAP @NDRF, power outages in #OdishaFloods, 1 lakh ppl affected",Resource Requests,train,True
"HELP! family of 4 stuck in #CaliforniaWildefire, need transport 2 safety zone ASAP @CalFire",Resource Requests,train,True
"we r sending medical eqpt 2 #BiharFloods, need 10k blankets ASAP @WHO, pls help us reach 100k ppl in need",Resource Requests,train,True
"HELP! group of 12 need shelter & food in ravaged Vizag, AP, 4 families with kids <5yo, pls DM @NDMA #OdishaFloods",Resource Requests,train,True
"URGENT @CAREINDIA pls send medical aid 2 our local clinic in Kalol, Gujarat, 10+ ppl injured, need blood & plasma #GujaratRain",Resource Requests,train,True
"Cable & electricity in the dark at Nalasopara West, Maharashtra, 10k+ ppl affected, pls @BSES delhi help #NalasoparaStorm",Resource Requests,train,True
"PLEASE HELP! baby formula & diapers urgently needed in flooded Dharavi, Mumbai, 50+ families with infants, @UNICEF pls #DharaviFloods",Resource Requests,train,True
"GROUP OF 5 NEED RESCUE @NDRF pls help, stuck in flooded streets of Kurla, Mumbai, near Jijamata Udyan, pls DM #KurlaFlood",Resource Requests,train,True
"WATER & FOOD NEEDED @RedCross pls send aid 2 our shelter in Kozhikode, Kerala @NDMA pls #KeralaFloods",Resource Requests,train,True
"@CableTV pls restore connectivity in Parel, Mumbai, 10k+ ppl affected, critical for updates & coordination #MumbaiPowerOut",Resource Requests,train,True
"URGENT MEDICAL AID NEEDED @CAREINDIA pls send to local hospital in Rajkot, Gujarat, 20+ ppl injured, need oxygen & stretchers #GujaratRain",Resource Requests,train,True
"@ElectricityBoard pls restore power in our neighborhood of Chembur, Mumbai, 5k+ ppl affected, no food or water #MumbaiPowerOut",Resource Requests,train,True
"NEIGHBORHOOD OF 8 NEED TRANSPORT @MumbaiPolice pls help, stuck in flooded streets of Dadar, Mumbai, pls DM #DadarFlood",Resource Requests,train,True
EMERGENCY @RedCross WE NEED WATER IN OLD TOWN KERALA FLOODS 500 PEOPLE NEED CLEAN DRINKING WATER ASAP #KeralaFloods,Resource Requests,train,True
PLEASE HELP A FRIEND WITH 4 KIDS NEEDS SHelter IN NEW ORLEANS EAST 2ND WARD @NDRF WE R RUNNING OUT OF SPACE #HurricaneHelp,Resource Requests,train,True
GROUP OF 12 NEED FOOD SUPPLIES IN FORT LAUDERDALE NEED PLENTY OF WATER & CANNED FOOD ASAP @RedCross #Hurricane Irma,Resource Requests,train,True
MY MOM IS PREGNANT & WE NEED O2 TANKS IN JAMAICA HURRICANE DEAN ITS A MATTER OF LIFE & DEATH #JamaicaHurricane,Resource Requests,train,True
WE R THE ONLY NEIGHBORHOOD WITH NO ELECTRICITY IN MEXICO CITY NEED POWER GENERATORS ASAP @NDRF #MexicoCityFloods,Resource Requests,train,True
GROUP OF 5 NEED RESCUE INFO IN GUATEMALA EARTHQUAKE 2 KIDS WITH MEDICAL CONDITIONS NEED URGENT HELP #GuatemalaEarthquake,Resource Requests,train,True
PLEASE SHARE WE R THE ONLY HOSPITAL IN KERALA WITHOUT OXYGEN SUPPLIES @RedCross WE NEED DONATIONS #KeralaFloods,Resource Requests,train,True
NEED TRANSPORT FOR 30 PEOPLE IN PUERTO RICO NEED 4-WHEEL DRIVE VEHICLES ASAP @NDRF #PuertoRico,Resource Requests,train,True
PLEASE HELP MY FRIEND WITH 6 MONTH OLD KID NEEDS BABY FOOD & SUPPLIES IN FLORIDA WE R OUT OF NAPPYS & FORMULA #FloridaHurricane,Resource Requests,train,True
WE NEED CONTACT INFO OF RESCUE TEAMS IN PHILIPPINES TYPHOON 20 KIDS TRAPPED UNDER DEBRIS @RedCross WE NEED TO ACT FAST #PhilippinesRelief,Resource Requests,train,True
"PLEEEEEEASSSE HELP, @RedCross needs to send water to our 100+ neighbor families stuck in floodwaters in #KeralaFloods",Resource Requests,train,True
"just got word 30+ seniors stuck in #HurricaneHelp in Mobile AL, pls rt 2 get medical team & food ASAP",Resource Requests,train,True
"HELP GROUP OF 12 NEED 4 EMERGENCY SHELTER SUPPLIES, blankets, sleeping bags, & mattresses in #FloodedHomes",Resource Requests,train,True
"URGENT MEDICAL SUPPLIES NEEDED for 50+ kids @ local school in #HoustonFlood, pls send pediatric meds & oxygen",Resource Requests,train,True
PLEASE HELP WE R 15 PERSONS STRANDED IN #CaliforniaWildfires at 123 Main St in Paradise CA need rescue ASAP,Resource Requests,train,True
WE NEED EMERGENCY LIGHTING & POWER SUPPLIES for 200+ households in #FloridaHurricane affected neighborhoods pls help,Resource Requests,train,True
"URGENT HELP NEEDED FOR BABY FORMULA, DIAPERS & MILK for 25+ families in #PuertoRicoHurricane hit areas",Resource Requests,train,True
"EMERGENCY FUNDING NEEDED 4 REBUILDING HOMES IN #TropicalStorm affected areas in FL, pls donate",Resource Requests,train,True
"GROUP OF 10 NEED WATER FILTERS, WATER BOTTLES & TREATMENT PILLS for 200+ people in #FloodedAreas in Bangladesh",Resource Requests,train,True
"PLEASE SHARE & DONATE for #RescueMission in #TexasFloods, 12+ families need rescue, pls contact @NDRF ASAP",Resource Requests,train,True
"PLEASE HELP! My grandma (75) is stranded at 123 Main St, Brooklyn, NY. Need rescue ASAP! #NYCStorm",Resource Requests,train,True
"@NDRF we have 15 ppl stranded at 456 Ocean Dr, Miami, FL. Need shelter & food. Plz send help #FloridaFloods",Resource Requests,train,True
"group of 12 need water & medical aid. We r at 789 Broadway, Manhattan, NY. Contact @RedCross. #NYCDisaster",Resource Requests,train,True
"Urgent: need transport 2 nearby hospitals. 20 ppl injured @ 1011 Lake Shore Rd, Chicago, IL. #IllinoisFlood",Resource Requests,train,True
"NEED 2 KNOW: is there a shelter 4 families with babies? We r at 2345 Sunset Blvd, LA, CA. #CaliforniaFire",Resource Requests,train,True
"@USAID pls donate diapers & baby formula 4 25 families. We r @ 5678 Pacific Ave, Seattle, WA. #SeattleFloods",Resource Requests,train,True
"need generators ASAP 4 hospitals. 10 ppl in need @ 9012 Michigan Ave, Detroit, MI. #DetroitDisaster",Resource Requests,train,True
"PLEASE HELP! water supply cut off in our neighborhood of Queens, NY. Need bottled water 4 500 ppl #NYCStorm",Resource Requests,train,True
"GROUP EFFORT! We need 5 teams 2 provide medical aid @ 123 Main St, Brooklyn, NY. #NYCDisasterRelief",Resource Requests,train,True
@GujaratFireBrigade can u send 3 more teams 2 Kerala? We need help w/ rescue & shelter #KeralaFloods,Resource Requests,train,True
URGENT: group of 12 people @ 3456 w. 12th st in sacramento need oxygen & ventilators ASAP due to severe respiratory distress #Califires,Resource Requests,train,True
"NEED WATER: 300 ppl stuck @ eastside mobile home park in phoenix, AZ, no power or water pls send bottles ASAP #ArizonaDrought",Resource Requests,train,True
"@RedCross we are 70 & 60yo seniors @ 123 oak st in new orleans, need wheelchair accessible shelter & medical care pls help #HurricaneHelp",Resource Requests,train,True
"PLEASE HELP: 100s trapped @ 345 w. 19th st in houston, no food or water 4 days, pls send aid & rescue teams #HarveyRelief",Resource Requests,train,True
"GROUP ASK: people @ 456 maple st in ottawa need baby formula & diapers, 3 moms w/infants pls send supplies #FloodReliefOttawa",Resource Requests,train,True
"PLEASE RESPOND: medical professionals @ 78 w. broadway in brooklyn need IV fluids, bandages & antibiotics 20 injured ppl #NYCBuildingCollapse",Resource Requests,train,True
"GROUP OF 5 NEED RESCUE: 2 elderly ppl & 3 kids @ 1234 elm st in detroit, no access to 2nd floor pls send help ASAP #DetroitFloods",Resource Requests,train,True
"@NDRF we r 100s of people @ 789 w. college st in mumbai, stranded since 3 days, need food, water, shelter pls help #MumbaiFloods",Resource Requests,train,True
PLEASE DONATE: group of 12 ppl @ 3456 w. 12th st in sacramento need insulin & diabetes medication ASAP #Califires,Resource Requests,train,True
"@RedCross people @ 123 main st in jacksonville, FL, need wheelchair accessible trailers for 50 seniors w/disabilities pls help #HurricaneResponse",Resource Requests,train,True
"HELP WE NEED WATER in Saptakalika, Assam ASAP, 500 ppl without access, pls send emergency supplies #AssamFloods @NDRF",Resource Requests,train,True
"URGENT we r stuck in Jharkhand, need rescue contact @SDRF_IN at 9865421981, 5 kids trapped #JharkhandDisaster",Resource Requests,train,True
"Group of 12 ppl @ 135-B, Sector 3, Ranchi need food, water, shelter, pls send relief 2 us #RanchiFloods",Resource Requests,train,True
"PLEASE HELP, grandma in Bongaigaon has medical emergency, need oxygen, nebulizers, meds NOW #BongaigaonEmergency",Resource Requests,train,True
"We r 200 ppl @ 34th Street, Mumbai, need transport 2 evacuate, can we get buses or cars pls? #MumbaiRains",Resource Requests,train,True
"need diaper cream & onesies @ 23/1, Khardah, Kolkata, 10 babies in our group, pls help #KolkataFloods",Resource Requests,train,True
"Shelter needed @ 101, New Town, Guwahati, 50 ppl, can someone pls provide a place 2 stay #GuwahatiFloods",Resource Requests,train,True
"Power outages @ 4/23, Pilibhit, UP, need generators ASAP, 10 hospitals affected #PilibhitPower",Resource Requests,train,True
"Can someone send @RedCross 2 Nalbari, Assam, we r low on medical supplies, need gloves, masks pls #NalbariHealth",Resource Requests,train,True
"Can we get @NDRF 2 help @ 12/34, Jorhat, Assam, need rescue equipment 4 1,000 ppl trapped #JorhatDisaster",Resource Requests,train,True
"HELP NEEDED @RedCross, @NDRF family of 4 stranded in #HurricaneLaura, 3 kids under 5, pls provide food & diapers 409 Franklin St, Lake Charles, LA",Resource Requests,train,True
"Urgent call 4 water @NDRF, group of 12 need water bottles & purification tablets, location: 234 Maple St, Houston, TX #HurricaneHelp",Resource Requests,train,True
"PLEASE HELP @DisasterRelief, 25 yr old woman in critical condition @KeralaFloods, need urgent medical aid to Vypeen Island #KeralaFloodsRelief",Resource Requests,train,True
"@RedCross help needed in #Hurricanemya, elderly woman needs oxygen supply @ 456 Oak St, New Orleans, LA, 2 ppl with asthma",Resource Requests,train,True
"Need transport to @NDRF rescue camp, 15 people stuck in #Floods in Chavakkad, Kerala @IndianArmy #KeralaFloods",Resource Requests,train,True
"WE R RUNNING OUT OF FOOD @NDRF, help needed @RescueTeam, 20 families in Thiruvananthapuram, Kerala, no food for 3 days #KeralaFloodsRelief",Resource Requests,train,True
"@DisasterRelief pls send blankets & first aid kits to 345 Pine St, Baton Rouge, LA, 30+ ppl without shelter #HurricaneLaura",Resource Requests,train,True
"@NDRCross send power generator to 123 Main St, Miami, FL, 5 hospitals without power #FloridaHurricane",Resource Requests,train,True
"Need help @IndianArmy, 1 month old baby in #Floods, needs warm milk & diapers @ 678 Elm St, Kochi, Kerala #KeralaFloods",Resource Requests,train,True
"PLEASE SHARE @NDRF, contact #rescueteam 9876543210 if ur able 2 help ppl stuck in #Hurricanemya in Bayou Lafourche, LA",Resource Requests,train,True
PLEASE send food 2 families stranded in flooded home on 345 main st brooklyn pls help ASAP #HurricaneHelp @RedCross,Resource Requests,train,True
group of 12 need shelter @NYCgov we r stuck @jfkairport with no place 2 go help us pls! #KeralaFloods,Resource Requests,train,True
anyone in LA send water & non-perishable food 2 1457 oak st we have 8 kids & elderly w/ diabetes #HurricaneHelp @LAFD,Resource Requests,train,True
"@NDRF we need medical aid in ravali chowk, houston, 50 ppl injured, pls send doctors & nurses ASAP #TexasFloods",Resource Requests,train,True
"urgent need 4 baby essentials (diapers, formula, etc) in flooded area of new orleans pls send help ASAP #HurricaneHelp @RedCross",Resource Requests,train,True
"can anyone in kerala pls send rescue teams & equipment 2 our location 23/1 vallikkunnu road, kannur? #KeralaFloods",Resource Requests,train,True
"we r stuck in flooded basement on 123 street, queens, need power generators & life jackets ASAP #NYCFloods",Resource Requests,train,True
"send medical supplies (IV drips, medicines, etc) 2 this hospital in nepal, we have 120 patients @WHO @ICRC",Resource Requests,train,True
"pls send 1000 bottles of water & food packets 2 our location 4567 highway 1, houston, 50 ppl stranded #TexasFloods",Resource Requests,train,True
"send rescue team 2 this location 9875 west avenue, brooklyn, 4 ppl stuck in 4th floor #HurricaneHelp @NYPD",Resource Requests,train,True
"PLEASE HELP we r stuck in a flooded neighborhood in #KeralaFloods area of Vyttila, Ernakulam, 12 ppl need shelter ASAP @NDRF",Resource Requests,train,True
anyone in Mumbai with extra generators pls rt so we can get power back in our building in #KeralaFloods @BPSCouncil,Resource Requests,train,True
"group of 12 need food & water, pls coordinate with @RedCross to deliver to Vyttila, ERN #KeralaFloodsHelp",Resource Requests,train,True
can anyone with a truck pls help transport elderly people to higher grounds in #HurricaneMaria hit Añasco? @PuertoRico,Resource Requests,train,True
"URGENT need for diapers & formula for 20 newborns in a flooded orphanage in #TexasFloods, pls donate @SalvationArmyUS",Resource Requests,train,True
can anyone with a boat pls pick up ppl stranded in #HurricaneHarvey hit area of Meyerland? @HarrisCountyFEMA,Resource Requests,train,True
any medics in #KeralaFloods areas plz help our family member with 2 broken legs @IndianRedCross,Resource Requests,train,True
PLEASE SEND baby food & toys 4 the 50 kids at a flooded daycare in #FloridaHurricane #PuertoRico @SaveTheChildren,Resource Requests,train,True
anyone have 4WD vehicles available 2 help rescue stuck ppl in #HurricaneMaria hit area of Río Piedras? @NYPD,Resource Requests,train,True
can we get some extra batteries & candles 2 a group of 15 ppl w/out power in a #KeralaFloods affected neighborhood? @BPSCouncil,Resource Requests,train,True
"PLS HELP WE NEED WATER IN NEIGHBORHOOD OF BLOOMFIELD & 5TH ST, 20 PPL, NO WATER 72 HRS #HurricaneFlood",Resource Requests,train,True
"anyone in @NDRF team, pls send aid to shelter @local school, 15 fams w/ young kids, need food & blankets ASAP #KeralaFloods",Resource Requests,train,True
"Group of 12 need rescue, trapped on 3rd floor of 12 BIRCH ST, BROOKLYN, please have @FDNY respond ASAP #HurricaneHelp",Resource Requests,train,True
"need medical aid in JAMNAGAR, GUJARAT, 5 YR OLD RASHMI NEEDS OXYGEN TANK & MEDICINE #CycloneRelief",Resource Requests,train,True
"PLEASE HELP, 50 SENIOR CITIZENS NEED TRANSPORT 4 KITCHENER WATERLOO HOSPITAL, CAN ANYONE HELP? #OntarioFlood",Resource Requests,train,True
"if anyone in @RedCross pls send diapers & baby food 2 shelter @local community center, 30 BABIES NEED CARE #HurricaneBabyRelief",Resource Requests,train,True
"can we please get power restored in 14 HILLSIDE DR, BOSTON? 10 HOUSEHOLDS WITHOUT ELECTRICITY NOW #MassachusettsOutage",Resource Requests,train,True
"need rescue team @ @NDRF pls send help 2 23 RIVER RD, CHICAGO, 12 PPL TRAPPED UNDER DEBRIS #IllinoisFlood",Resource Requests,train,True
"PLZ HELP, 1 LADY, 75 YR OLD, NEEDS MEDICINE IN KANDALA, GUJARAT, CAN ANYONE SEND HELP? #MonsoonRelief",Resource Requests,train,True
"group of 7 need shelter in 34 MAPLE ST, TORONTO, can anyone provide temporary housing pls? #Tornado Relief",Resource Requests,train,True
"PLEASE HELP!!! 150 ppl trapped in basement of apt building on 14th & Main in Oklahoma City after tornado. NEED WATER, FIRST AID KIT, RESCUE TEAM ASAP #TornadoRelief #OklahomaCity",Resource Requests,train,True
group of 12 need oxygen tanks 4 our elderly neighbor w/ COPD in flood-hit neighborhood of East Baton Rouge. any help APPRECIATED #FloodRelief #EBR,Resource Requests,train,True
@NDRF pls send team 2 help find 5yr old boy missing in landslide near Kalimpong West Bengal. last seen near Kanchenjunga Rd. #WestBengalLandslide #Kalimpong,Resource Requests,train,True
"NEEDED: DOCTORS, NURSES 2 help medical emergency in Puerto Rico after Maria. 100 ppl need vaccinations, antibiotics & more. contact Dr. Sanchez @Dra_Sanchez #MariaRelief #PuertoRico",Resource Requests,train,True
can anyone in Orlando pls provide shelter 4 family of 6 from Miami? we r stuck @ airport after Irma evacuation #IrmaRelief #Orlando,Resource Requests,train,True
its been 24hrs & still NO POWER in entire block of 20 homes on 5th Ave Brooklyn. @NYCgov WHEN WILL WE GET LIGHT BACK? #NYCoutage #Brooklyn,Resource Requests,train,True
ANYONE with a 4x4 truck pls help transport medical supplies 2 remote village in Nepal after earthquake. we r in dire need of bandages & medications #NepalEarthquake #Rescue,Resource Requests,train,True
pls send baby formula & diapers 2 help 10 orphaned kids in flooded town of Houston. they r in desperate need of essentials #HarveyRelief #Houston,Resource Requests,train,True
@RedCross pls send team 2 help rescue 80 seniors stuck in nursing home 2 feet of water in downtown Dallas. THEY R COUNTING ON US #HurricaneHarvey #RedCross,Resource Requests,train,True
NEED generators 2 provide power 4 100 families stuck @ airport in Manila after typhoon. pls send any spare generators we r in emergency situation #TyphoonRelief #Manila,Resource Requests,train,True
"PLEASE HELP! stuck at 123 el camino rd with 12 ppl, water & food running low. need rescue NOW! #FloodingInUSA #SanFran",Resource Requests,train,True
"URGENT HELP NEEDED! baby essentials for 5 new borns & mothers at shivaji park shelter. pls donate diapers, milk, n clothes ASAP #MaharashtraFloods",Resource Requests,train,True
"@NDRF, we r at gowthami nagar, hyderabad. 25 families stranded, need food, water, shelter & medical aid 4 seniors & kids #TelanganaFloods",Resource Requests,train,True
"PLEASE SHARE! group of 12 need food, water, n shelter in ravaged area of old town, brooklyn. contact us @oldtownheroes #HurricaneHelp",Resource Requests,train,True
"EMERGENCY! no power at my home 345 w 14th st, houston. need a portable generator to keep life support machines running #HurricaneSOS",Resource Requests,train,True
"NEEDED: medical oxygen for 30 people @SankaraNethralaya hospital, mumbai. pls send ASAP #KeralaCrisis",Resource Requests,train,True
PLEASE HELP US! need 50 solar lanterns for homeless ppl at kolkata's park circus #KolkataFloods,Resource Requests,train,True
"GROUP OF 15 NEED RESCUE! stranded at 456 main st, chicago, 3rd floor. send ladders & emergency team pls #ChicagoFloods",Resource Requests,train,True
"PLEASE DONATE! 30 kids at aida orphanage, delhi need warm clothes, toys, n snacks. pls help us keep them warm #DelhiFloods",Resource Requests,train,True
"HELP WANTED! need 20 rescue teams to clear roads in warren county, ohio. pls contact @OhioEMA #OhioFloods",Resource Requests,train,True
"URGENT HELP NEEDED @RedCross we r stuck in old town Delhi, ppl trapped in flooded streets, pls send rescue teams ASAP #DelhiFloods",Resource Requests,train,True
"group of 12 need medical supplies, diapers & formula 4 babies in 3-12mos 2day in Kerala, India @NDRF pls help #KeralaFloods",Resource Requests,train,True
"PLEASE HELP @RedCross neighbor's house on 345 St Marks Ave Brooklyn flooded, elderly couple need evacuation NOW #HurricaneHelp",Resource Requests,train,True
"water bottles & first aid kits 4 50 ppl stranded in Mumbai's Dadar area, help pls @NDRF #MumbaiFloods",Resource Requests,train,True
"URGENT @RedCross our power went out 4hrs ago, 100s stuck in darkness in Queens, NY, pls send generator help #HurricaneHelp",Resource Requests,train,True
"group of 15 stranded in downtown Chennai, need food & shelter, pls help @NDRF #ChennaiFloods",Resource Requests,train,True
"need transport 4 200 ppl displaced in Kerala, India, pls send buses or trucks @NDRF #KeralaFloods",Resource Requests,train,True
"if ur in Puerto Rico & have a boat pls consider helping our family 4 a rescue, we r stuck on 123 Calle Marina #PuertoRico",Resource Requests,train,True
"HELP WANTED @RedCross volunteers needed @KeralaFloodRelief shelter, 50 more ppl com 2day #KeralaFloods",Resource Requests,train,True
"PLEASE RT @RedCross 100s still stuck on rooftops in Kerala India, pls send rescue teams ASAP #KeralaFloods",Resource Requests,train,True
PLEASE HELP we r in desperate need of food n water @ndrf @redcross in kerala thrissur district kandukutty n near infant jesus church keralafloods #keralafloods,Resource Requests,train,True
urgent 15 people stranded in pathanamthitta district maramon with no contact 4 past 3 days need rescue @redcross @sosindia #maramon #pathanamthitta,Resource Requests,train,True
pls send rescue team to kazhakkoottam ernakulam 20 families stuck in water we r running out of food n water #keralafloods #ernakulam,Resource Requests,train,True
group of 12 need medical aid in palakkad district near malampuzha dam 10 of them r diabetic need insulin pls help @ndrf @redcross #malampuzha #palakkad,Resource Requests,train,True
URGENT we r out of food n water in kozhikode district calicut medical college n hospital 1000 people need assistance pls send help @redcross @keralahealth #keralafloods #kozhikode,Resource Requests,train,True
need power generator for 50 households in alappuzha district near kuttanad need to pump out water pls help @ndrf #alappuzha #kuttanad,Resource Requests,train,True
please call 9526278454 30 people stranded in idukki district near murikkady 3 of them r pregnant need food n water ASAP #idukki #murikkady,Resource Requests,train,True
need baby supplies in wayanad district near mananthavady hospital 10 new born babies need diapers n milk pls help @redcross #wayanad #mananthavady,Resource Requests,train,True
kerala floods we r running out of water in kollam district sakthikulangara need 10000 liters ASAP pls send help @ndrf #kollam #sakthikulangara,Resource Requests,train,True
PLEASE SHARE we r in desperate need of transport in kannur district kannur railway station 50 people stuck with no way out pls help @sosindia #kannur #keralafloods,Resource Requests,train,True
"PLEASE HELP we r out of food & water in chandigarh sector 38, 30 ppl including 10 children & 2 elderly pls DM @NDMAINDIA",Resource Requests,train,True
"group of 12 need rescue from katra sector noida, we r trapped & lost contact with family pls help @DG_NDRF",Resource Requests,train,True
"any 1 with a generator pls DM us we r in need of power in mumbai andheri west, 20 families affected #MumbaiPowerOut #RescueMumbai",Resource Requests,train,True
"need urgent medical aid 4 8yr old with diabetes in flooded area of trivandrum, kerala, pls contact @RedCross",Resource Requests,train,True
if anyone in gurgaon has a ambulance available pls pls DM @NDRF,Resource Requests,train,True
"looking 4 help 4 my 2yr old son who has fever & no meds in ravindra nagar, chennai, pls DM @TAMILNADUMAHARASHTRA",Resource Requests,train,True
need food & shelter 4 50 ppl including pregnant women & kids in bokaro steel city pls help @BJP4India,Resource Requests,train,True
"any 1 from kerala pls DM us we r collecting food & clothes in mumbai, malad west #KeralaFloodRelief #KeralaRescue",Resource Requests,train,True
"need rescue team 4 old aged lady with hip displacement in flooded house of sec 17, chandigarh pls @NDMAINDIA help",Resource Requests,train,True
any 1 with a car pls DM us we r in need of transport 4 10 families in navi mumbai kharghar #MumbaiRescue #KeralaFloods,Resource Requests,train,True
"PLEASE HELP! 40 ppl stranded in West End neighborhood, need immediate rescue! Contact @NDRF @RedCross 011-1234567 #BangladeshFloods",Resource Requests,train,True
"need help 4 group of 12 ppl stuck in Old Town, need food & water ASAP! Please DM @localaid for more info #HurricaneHelp",Resource Requests,train,True
desperate for diapers & formula 4 5 babies in #KeralaFloods shelter on Wilson Rd! Any donation pls @NGOsForKids,Resource Requests,train,True
"URGENT NEED POWER GENERATORS in #Mozambique cyclone zone, pls contact @UNICEF @AidForAfrica",Resource Requests,train,True
"need rescue team @NDRF @RedCross, 7 ppl stuck in flooded apartments on 3/F, 123 Main St #IndiaFloods",Resource Requests,train,True
"anyone got a 4x4 truck pls help transport meds 2 #PuertoRico, 20 ppl w/ kidney failure need dialysis ASAP! @AidForPuertoRico",Resource Requests,train,True
"PLEASE DONATE CASH, any amount helps! Medical aid 4 50 ppl in #NepalQuake zone, surgeries ASAP! @MedicinesSansFrontieres",Resource Requests,train,True
"need group help 2 transport food & water 4 100 ppl in South End neighborhood, pls DM @LocalVolunteers - help needed NOW! #KeralaFloods",Resource Requests,train,True
"PLEASE HELP! We have 4 kids w/ asthma & diabetes stuck in #TexasHurricane shelter, need EpiPens & insulin ASAP! @AsthmaRelief @DiabetesHelp",Resource Requests,train,True
"anyone from @VolunteerFireDept pls help w/ search & rescue in #Californiawildfires area, 8 ppl missing in Canyon Rd #FireRelief",Resource Requests,train,True
"PLEASE HELP @RedCross we r a family of 5 stuck in our car on 101 near big sur, no food or water 4 kids ages 1 & 3 #CaliforniaFires",Resource Requests,train,True
"group of 12 need medical aid badly, 9 of us got injured in cyclone nisarga in sangli, pls help @NDRFOfficial #CycloneRelief",Resource Requests,train,True
"can u help ppl in #HurricaneDorian hit areas in the bahamas? my grandma is 80 & needs oxygen, she's in freeport, pls call 242-345-6789",Resource Requests,train,True
"urgent need of shelter for 20 displaced families in #KeralaFloods area, pls donate 2 help @UNICEFIndia we r in puthukkadu, dist pathanamthitta",Resource Requests,train,True
"HELP @RedCross, we r a family of 4 stuck in our flooded apartment in mumbai, 10yr old son got injured pls send medical help & food ASAP #IndianFloods",Resource Requests,train,True
"need transport 2 evacuate our sick mom, 75, 2 hospital in #HurricaneHarvey hit houston area, pls help @SamaritansPurse #HarveyRelief",Resource Requests,train,True
"any1 in #KeralaFloods affected areas can spare a bottle of water & energy bars 4 our family of 5 pls DM @OxfamIndia we r in kozhikode, dist malappuram",Resource Requests,train,True
"@NDRFOFFICIAL pls help, group of 8 need food & shelter ASAP, our building collapsed in #CycloneTrek in tamil nadu, pls DM 9945678901",Resource Requests,train,True
"pls send rescue teams 2 #HurricaneMaria hit area, our 6yr old daughter is missing, we r in puerto rico, san juan, pls help @UNICEF #MariaRelief",Resource Requests,train,True
"group of 15 need baby supplies desperately, cyclone nisarga in sangli, pls donate 2 help @SaveTheChildrenIndia we r in solapur, dist aurangabad #CycloneNisarga",Resource Requests,train,True
"PLEASE HELP! we r stranded in kochi, kerala, 200 ppl, elderly n babies, water n food 4 a day pls @RedCross @NDRF #KeralaFloods #HelpNeeded",Resource Requests,train,True
"GROUP OF 12 NEED RESCUE 2ND FLOOR APARTMENTS IN JUHU BANDRA, WATER LEVELS RISING FAST @Mumbaiparshad @NDRF #MumbaiFloods #RescueNow",Resource Requests,train,True
"ANYONE IN DUBAI CAN SEND BABY FOOD & FORMULA TO THIS ADDRESS IN KOCHI, WE HAVE 50 BABIES IN NEED #KeralaFloods #UrgentHelpNeeded",Resource Requests,train,True
"PLEASE SHARE WE R RUNNING LOW ON DRINKING WATER IN PALAKKAD, 1000s NEED WATER ASAP @NDRF @KeralaGovernor #KeralaFloods #WaterEmergency",Resource Requests,train,True
"IF U CAN HELP TRANSPORT MEDICAL SUPPLIES TO VASAI, WESTERN SUBURBS OF MUMBAI, WE NEED IV FLUIDS & BLOOD PRESSURE MONITORS @MumbaiMedical #MumbaiFloods #MedicalAid",Resource Requests,train,True
Kerala flood relief: NEED DONATIONS OF MOSQUITO NETS & BEDBUG SPRAYS 4 THE CHILDREN IN F Flooding AFFECTED AREAS @KeralaGovernor #KeralaFloods #ReliefEfforts,Resource Requests,train,True
"WE R FACING POWER CUTS IN KERALA, WATER CUTS ALSO, PLEASE HELP US WITH GENERATORS & WATER PUMP SETS @KeralaGovernor #KeralaFloods #PowerCuts",Resource Requests,train,True
"PLEASE HELP THESE 50 SICK PEOPLE IN KOZHIKODE, WE R RUNNING LOW ON MEDICATIONS & IV FLUIDS @KeralaGovernor #KeralaFloods #MedicalSupplies",Resource Requests,train,True
TRANSPORTATION NEEDED IN KASARAGOD WE R TRYING 2 REACH 20 PEOPLE TRAPPED IN A BUILDING @NDRF @KeralaGovernor #KeralaFloods #RescueEfforts,Resource Requests,train,True
"PLEASE HELP WE NEED 500 BOTTLES OF GLUCOSE IN ERNAKULAM, SUGAR LEVELS R CRASHING, PEOPLE R GETTING WEAK @KeralaGovernor #KeralaFloods #MedicalSupplies",Resource Requests,train,True
"URGENT NEED 4 generators in #Texas, Houston. Neighborhood of 50 homes without power. Pls DM @NRGenergy 555-1234",Resource Requests,train,True
"WE R IN NEED OF BABY FORMULA & DIAPERS in #Florida, Key Largo. 20 families stranded, many babies under 6mth. #HurricaneHelp",Resource Requests,train,True
"PLEASE SHARE INFO on HOW 2 REACH RESCUE TEAMS in #California, Malibu. Stuck on PCH, 10 ppl injured, elderly. @Cal_OES @FEMA 555-5678",Resource Requests,train,True
"NEED TRANSPORT 4 MEDICAL SUPPLIES in #Louisiana, New Orleans. Hospital needs insulin & oxygen. @AmeriCares 555-9012",Resource Requests,train,True
"PLEASE HELP OUR COMMUNITY in #Hawaii, Honokaa. No food, water, or shelter 4 days. #PuertoRicoRelief",Resource Requests,train,True
"NEED RESCUE CREWS ASAP in #Georgia, Savannah. 15 ppl trapped in flooded homes. @SavannahEMA 555-1111",Resource Requests,train,True
"WE NEED SHELTER & FOOD in #Oklahoma, Moore. 30 people displaced, many w/ injuries. #TornadoRelief",Resource Requests,train,True
"WHO CAN PROVIDE EMERGENCY POWER in #Michigan, Saginaw? 50 homes w/o electricity. Pls DM @DTEenergy 555-4321",Resource Requests,train,True
"PLEASE HELP US GET FOOD & WATER in #SouthCarolina, Myrtle Beach. 200 people stranded, many elderly. #HurricaneMaria",Resource Requests,train,True
"URGENT WE NEED FOOD & WATER @RedCross @FDNY pls send to 123 Main St, Brooklyn, NY, 100s of ppl stuck",Resource Requests,train,True
"HELP PLZ! our home 456 Elm St, New Orleans, LA needs roofing repair ASAP, 2 elderly w/broken ribs",Resource Requests,train,True
"GROUP OF 12 NEED RESCUE in #KeralaFloods, our boat stuck at Vythiri, Kerala, pls send help @NDRF",Resource Requests,train,True
"BABY SUPPLIES NEEDED @UNICEF for 50+ babies stranded @ 789 Oak St, San Jose, CA, diapers, formula",Resource Requests,train,True
"EMERGENCY MEDICAL AID pls send to 321 Market St, Philadelphia, PA, 3 ppl w/heart conditions",Resource Requests,train,True
"SHelter needed 4 20 ppl @ 901 Broadway, Chicago, IL, pls donate @RedCross",Resource Requests,train,True
"POWER OUTAGE @ 345 Pine St, Denver, CO, pls send generators @XcelEnergy",Resource Requests,train,True
"TRANSPORTATION NEEDED to take 10 ppl 2 hospital @ 678 Cedar St, Austin, TX, pls help @NHTSA",Resource Requests,train,True
"PLS HELP send water & non-perishable food 2 145 Oakwood Dr, Sacramento, CA, 50 ppl w/food allergies",Resource Requests,train,True
"HELP URGENT 2 families w/toddlers stuck @ 234 Maple St, Boston, MA, pls send diapers, formula, & toys",Resource Requests,train,True
HELP URGENTLY NEEDED IN NEW ORLEANS - GROUP OF 12 NEED FOOD & WATER ASAP #HurricaneIrene,Resource Requests,train,True
@RedCross plz send help to my moms street its 5th st in queens ny we r running out of food & water,Resource Requests,train,True
NEEDED FOR SENIOR CENTER ON 34TH ST IN HARTFORD CT: OXYGEN TANKS & MEDICINE #Nor'EasterRelief,Resource Requests,train,True
"PLEASE HELP, MY NEIGHBORHOOD IN TULSA OK IS UNDERWATER, WE NEED BULK SAND BAGS & SHOVELS NOW! #TornadoRelief",Resource Requests,train,True
"PPL IN THE HOSPITAL NEED PAIN RELIEF MEDS ASAP, WE R RUNNING OUT IN MIAMI, PLEASE Send Help #HurricaneHelp",Resource Requests,train,True
"NEED URGENT SUPPLIES FOR BABY JAMES (6 MONTHS OLD, NEEDS DIAPERS & MILK) IN BROOKLYN #BabyRelief",Resource Requests,train,True
"IF ANYONE IN CALIFORNIA HAS GENERATORS, PLEASE DM ME WE NEED 4 FAMILIES IN SANTA CRUZ #wildfires",Resource Requests,train,True
"PLEASE HELP US IN THE FLORIDA KEYS, WE R RUNNING OUT OF WATER & FOOD, SEND WHAT YOU CAN #HurricaneHelp",Resource Requests,train,True
"GROUP OF 5 NEED RESUE, STUCK IN A TRAP IN FAYETTEVILLE NC, PLEASE DM THE INFO #HurricaneSandy",Resource Requests,train,True
"NEED URGENT HELP FOR THE HOMELESS SHELTER ON 12TH ST IN DALLAS TX, WE'RE RUNNING OUT OF FOOD #HomelessHelp",Resource Requests,train,True
"@NDRF pls send emergency teams to 14th st in atlanta, we have 3 families with medical conditions, NEED oxygen tanks ASAP #HurricaneRelief",Resource Requests,train,True
PLEASE SEND FOOD 2 KATTAMANGALAM IN KERALA FLOODS WE R 20 PEOPLE STRUGGLING 4 FOOD #KeralaFloods @NDMA,Resource Requests,train,True
URGENT HELP NEEDED 12 PEOPLE INCLUDING 2 BABIES NEED DIAPERS & BABY FOOD@NDRF AT PALAKKAD #KeralaFloods,Resource Requests,train,True
@RedCross WE HAVE 50 PEOPLE STUCK AT POOLAMKUNNU NEED RESCUE 10 ADULTS & 10 CHILDREN #KeralaFloods,Resource Requests,train,True
GROUP OF 5 NEED MEDICAL AID FOR 2 PEOPLE AT THIRUVANANTHAPURAM WE R AT SREEVARAPPILLY #MedicalHelp,Resource Requests,train,True
PLS SHARE WE R 10 PEOPLE NEED POWER BANKS @NEAR KASARAGOD WE R OUT OF POWER & NEED UR HELP #PowerHelp,Resource Requests,train,True
IM STUCK IN A COLLAPSED BUILDING AT SAKET NAKA MUMBAI NEED RESCUE ASAP @NDMA @NDRF #RescueMe,Resource Requests,train,True
WE NEED TRANSPORT TO REACH KUTTANAD WE R 15 PEOPLE WITH 5 BABIES @NDRF @KeralaPolice #TransportHelp,Resource Requests,train,True
PLEASE HELP US WE R 25 PEOPLE NEEDING FOOD AT THIRUVANANTHAPURAM #KeralaFloods @NDMA,Resource Requests,train,True
WE NEED WATER PURIFICATION TABLETS 4 30 PEOPLE AT CHALAKKUDI @KeralaPolice @NDRF #WaterHelp,Resource Requests,train,True
URGENT HELP REQUIRED 50 PEOPLE NEED SHELTER @NEAR KOLLAM NEED PLZ HELP ASAP @RedCross #ShelterHelp,Resource Requests,train,True
"KeralaFloods PLEASE HELP! my 5 yr old & granny r stranded in kannur with no food, water pls DM me 9847554321",Resource Requests,train,True
"@NDRF need medical aid urgently in pune, 20 ppl infected with leptospirosis at mumbai road hospital pls send ambulances ASAP",Resource Requests,train,True
"group of 12 r stranded @vadodara need rescue, 2 babies (1yr & 3yr) need milk & baby food pls contact 9975554321 or @RedCross",Resource Requests,train,True
"@RedCross its been 2 days @flooded areas in chattisgarh, need portable toilets & sanitation facilities pls help",Resource Requests,train,True
"@NDRF pls provide generator to my house at 123, sector 4, lucknow, 25 ppl affected with no electricity for 3 days",Resource Requests,train,True
"need transport 12 elderly in wheelchairs r stuck @bangalore airport, need 2 ambulances & volunteers pls help @RedCross",Resource Requests,train,True
my 2yr old autistic son r in urgent need of specialized food & meds @flooded areas in jharkhand pls DM me 8765432198,Resource Requests,train,True
"@RedCross its its our last day of supplies at kerala relief camps, need pls send dry rations & water ASAP",Resource Requests,train,True
"group of 15 ppl r in immediate need of shelter @kerala delhi road, need 3-4 tents & sleeping bags pls pls DM me 8763214567",Resource Requests,train,True
"WE NEED POWER! 30 ppl r stranded @flooded areas in west bengal, need 1 generator & fuel pls contact 9876543210",Resource Requests,train,True
PLEASE HELP my mom is stuck in East Harlem with my 2yr old and my neighbor has medical issues WE NEED WATER ASAP #HurricaneHelp @NYC Mayor @RedCross,Resource Requests,train,True
just got word from my cousin in #KeralaFloods that group of 12 need shelter and food ASAP pls DM me for details @NDRF @KeralaDisaster,Resource Requests,train,True
our whole street is underwater in Rockaways PLEASE SEND help with pumps and emergency generators @NYC Mayor @FEMA,Resource Requests,train,True
my friend just had a baby in #HurricaneIda shelters and we need supplies for 3month old ASAP pls help us out @RedCross @AmericanRedCross,Resource Requests,train,True
NEED RESCUE in West Palm Beach anyone with a boat pls DM me @NWS @FEMA #HurricaneHelp,Resource Requests,train,True
just got a report that 5 families are stranded in #TexasFloods with no power or water pls send generators and water bottles @TX Governor @RedCross,Resource Requests,train,True
PLEASE SHARE my aunt is stuck in #PandoraCreek with her 85yr old grandma they need medical aid ASAP pls help @NDRF @KeralaDisaster,Resource Requests,train,True
we re in dire need of baby supplies (diapers & formula) in New Iberia pls send ASAP to help these families @LA Gov @RedCross #HurricaneHelp,Resource Requests,train,True
if u r in #SriLankaFloods w/ power out pls dont flood the emergency lines with texts instead call your nearest telecom company or police station @NDRF @SriLanka Gov,Resource Requests,train,True
NEED TRANSPORT FROM #LouisianaFloods to a safe zone pls DM me for a list of available buses & pickup locations @LA Gov @RedCross,Resource Requests,train,True
"@NDRF we r stuck in kochi, need food & water 4 50 ppl, pls send ASAP",Resource Requests,train,True
"PLEASE HELP! 20 ppl stranded in kuttipuram, malappuram, no power in sight",Resource Requests,train,True
"Group of 12 need rescue frm 3rd floor of gowthami building, nallalam, trivandrum, medical aid & food plz",Resource Requests,train,True
"URGENT! 15 ppl w/ disabilities stuck in kannur, need wheelchairs & oxygen tanks @RedCross pls help",Resource Requests,train,True
"kottamuttom, pathanamthitta, 25 ppl w/o shelter, need tents & warm clothes ASAP #KeralaFloods",Resource Requests,train,True
"@NDRF pls send transport 2 vellayilkal, ernakulam, 35 ppl w/ medical conditions stuck",Resource Requests,train,True
"need baby supplies 4 10 orphaned kids in thrippunithura, ernakulam, diapers, formula, pls @UNICEF",Resource Requests,train,True
"please send rescue team 2 2nd floor of jayasree building, pulikkal, thrissur, 12 ppl trapped",Resource Requests,train,True
"help! 25 ppl stuck in kerala's nilambur, no phone network, can't contact anyone #KeralaFloods",Resource Requests,train,True
"group of 15 need shelter in kerala's irinjalakuda, need tents, food & water, pls help us @NDRF",Resource Requests,train,True
"PLEEZ HELP! Need food 4 my family of 7 in flooded neighborhood of Kowdiar, Trivandrum, Kerala #KeralaFloods @NDRF",Resource Requests,train,True
"EMERGENCY RESCUE NEEDED @RedCross @NDRF My grandma 82, wheelchair bound. Stranded in Kollam. 24hr rescue pls #KeralaFloods",Resource Requests,train,True
PLEASE HELP my neighbor in Kollam - diabetic patient needs insulin. Has no phone or light #KeralaFloods @NDRF,Resource Requests,train,True
"DRE, PLZ HELP! Group of 20 ppl need shelter in Kottayam. Got some tents, but need more #KeralaFloods @NDRF",Resource Requests,train,True
"URGENT MEDICAL AID NEEDED in Changanacherry. 3 people injured, need ambulance & first aid #HimachalFloods @RedCross",Resource Requests,train,True
"PLEASE HELP my family in flood-hit Chavakkad, Kerala. Need power generator 2 keep medicines cool #KeralaFloods @NDRF",Resource Requests,train,True
"HELP NEEDED 4 BABY SUPPLIES! Mother in labor, stranded in Kozhikode hospital w/no diapers, milk #KeralaFloods @RedCross",Resource Requests,train,True
"WE NEED TRANSPORT IN KAKKANAD, KOCHI. Got 15 ppl stranded, no way 2 reach shelter #KeralaFloods @NDRF",Resource Requests,train,True
GROUP OF 5 NEED RESCUE IN KASARAGOD. Stranded on top of a building. Need rope & pulley #KeralaFloods @RedCross,Resource Requests,train,True
"HELP NEEDED @RedCross our neighborhood (300 Oak St, New Orleans) has NO POWER, 50+ seniors in need of basic care #HurricaneHelp #NOLA",Resource Requests,train,True
"PLZ HELP our group of 12 need shelter @NDRF, we're stuck in flood waters on Main St, Kerala, India #KeralaFloods #ShelterNeeded",Resource Requests,train,True
"URGENT NEED FOR BABY SUPPLIES! My 2-mo-old baby girl needs diapers & formula in East Houston, affected by Hurricane #HurricaneHelp #HoustonFloods",Resource Requests,train,True
"@MayorOfNOLA pls provide transport assistance for my family of 5, stranded at 1200 Canal St #NOLA #Transportation",Resource Requests,train,True
"WATER SHORTAGE @NYC Mayor, pls help our community (Greenwich Village) with bottled water distribution #NewYorkFloods #WaterCrisis",Resource Requests,train,True
"PLEASE HELP my 7yr old autistic son needs his meds & is stuck in a shelter in Miami, Hurricane Damage #HurricaneRelief #Miami",Resource Requests,train,True
"NEED MEDICAL AID @WHO, our local hospital is overwhelmed in Mozambique, please send doctors & supplies ASAP #Mozambique #MedicalAid",Resource Requests,train,True
"GROUP OF 9 LOST @RescueTeams, we're stuck in floodwaters on 5th Ave, New York City, please help us #NYCFloods #Rescue",Resource Requests,train,True
"PLEASE HELP our family (mom w/ fibromyalgia, 3 kids) has NO FOOD for 3 days in Puerto Rico, Hurricane #HurricaneRelief #PuertoRico",Resource Requests,train,True
"HELP NEEDED @GovOfCal, our community (Sacramento) has NO ELECTRICITY, 100+ people in need of basic aid #CaliforniaFloods #PowerOutage",Resource Requests,train,True
"PLEASE HELP OUR NEIGHBORHOOD IN EASTLAKE WE NEED FOOD 4 FAMILIES OF 5 W/ BABIES & DISABLED MEMBERS #HurricaneRelief @RedCross 123 St, LA",Resource Requests,train,True
WE R A GROUP OF 12 NEED HELP AT 456 MAIN ST IN FAYETTEVILLE NEED SHELTERS & WATER ASAP 4 OUR 1 & 2 YR OLD KIDS #Flooding #FayettevilleHelp,Resource Requests,train,True
"PLEASE SHARE OUR POST WE NEED MEDICAL AID 4 OUR GRANDMA WHO'S FELLING ILL @NDRF @DOCTORS_WITHOUT_BORDERS 67 WOODLAND DR, TORONTO #MedicalAssistance #TorontoNeeds",Resource Requests,train,True
"PLEASE HELP US WE R LOST IN WOODLANDS, TX AFTER HURRICANE HARRIET WE NEED WATER & FOOD 4 OUR 3 YR OLD SON #HurricaneHelp #Woodlands #Tx",Resource Requests,train,True
"WE R COORDINATING A GROUP EFFORT @ 123 MAIN ST IN KENOSHA WIS NEED SHELTERS, WATER & ELECTRICITY 4 20 FAMILIES #Flooding #KenoshaHelp",Resource Requests,train,True
"NEED URGENT HELP IN BAYTOWN, TX WE R FLOODING FAST NEED RESCUE TEAM @NDRF @FEMA 678 BEACH DR #FLOODING #Baytown",Resource Requests,train,True
PLEASE HELP WE R A FAMILY OF 4 @ 456 OAK ST IN FRESNO NEED MEDICAL SUPPLIES FOR OUR 6 YR OLD DAUGHTER #MedicalRelief #FresnoNeed,Resource Requests,train,True
PLEASE HELP US FIND OUT HOW 2 GET FOOD & WATER 2 15 FAMILIES @ 123 FOREST DR IN CHICAGO WE R IN DESPERATE NEED #FoodBank #Chicago,Resource Requests,train,True
PLS HELP US RAISE FUNDS 4 A FOSTER HOME IN NASSAU BAHAMAS WE TAKE IN CHILDREN DISPLACED BY HURRICANES #BahamasRelief #FosterKids,Resource Requests,train,True
"GROUP OF 12 NEED RESCUE HELP IN ST. PETERSBURG, FL 123 5TH ST FLOODING FAST NEED HELP ASAP #HurricaneHelp #StPete",Resource Requests,train,True
"HELP NEEDED IN KOTTAYAM! group of 12 ppl stranded in house no 34, karunagappally road. pls send food packets ASAP #KeralaFloods @NDRF @RedCross",Resource Requests,train,True
EMERGENCY CALLING ALL KERALITES 2 help our elderly neighbors in thevela who r stuck without water. its a medical emergency pls send water tankers #keralafloods @kerala gov,Resource Requests,train,True
"NEED DOCTORS IN PARAVUR CAMP! 5 ppl injured in landslide, 2 critical. pls rt with names & contact no's of drs available 4 assistance #KeralaFloodRelief @MedicalTeams",Resource Requests,train,True
GROUP OF 15 YOUNG MOTHERS STRANDED IN KAKKANAD NEED SANITARY NAPKINS & BABY FOOD ASAP! PLEASE HELP #KeralaFloods #KeralaFloodRelief,Resource Requests,train,True
CALLING ALL CORPORATIONS pls donate solar lanterns & power banks 4 stranded ppl in idukki district #KeralaFloodRelief @NDRF @RedCross,Resource Requests,train,True
PLEASE HELP IN CHANCHANGADU 10 HOUSES AFFECTED NEED ROOFING MATERIALS ASAP PLEASE SHARE RT #KeralaFloods @keralagov,Resource Requests,train,True
NEED TRANSPORT HELP! 15 ppl stuck in floodwaters in kannur district. pls send boats & help us reach safety #KeralaFloodRelief @CoastGuards,Resource Requests,train,True
URGENT CALL FOR BABY SUPPLIES! group of 5 moms stuck in thekkady need formula & diapers pls donate ASAP #KeralaFloods @RedCross,Resource Requests,train,True
EMERGENCY CAMP NEEDS SHEDS & TENTS 30 ppl stranded in the camp need shelter pls send pls help #KeralaFloodRelief @NDRF,Resource Requests,train,True
HELP NEEDED FOR THE ELDERLY IN ALAPPUZHA! 20 elderly ppl stuck without medical supply pls send medicine & equipment ASAP #KeralaFloods @MedicalTeams,Resource Requests,train,True
PLEASE HELP @RedCross WE R 12 FAMILIES NEEDING FOOD & WATER IN ST LOUIS PARISH LOUISIANA #HurricaneHelp,Resource Requests,train,True
@NDRF NEED OXYGEN TANKS & PORTABLE GENERATORS ASAP FOR 5 HOUSES IN CHENNAI OLD WASHMENPET ROAD #TamilNaduFloods,Resource Requests,train,True
GROUP OF 12 NEED DISABILITY AIDS & BABY FORMULA IN DALLAS TX @SalvationArmyUS HELP,Resource Requests,train,True
NEED RESCUERS IN HAMPTON VA @FEMA WEVE GOT A GROUP STUCK IN HOMESTEAD APTS AFTER STORM #HamptonFloods,Resource Requests,train,True
@WHO WE NEED MEDICAL SUPPLIES FOR 20 KIDS IN JALANDHAR PUNJAB #IndiaFloods,Resource Requests,train,True
PLEASE SHARE @CARE NEED WATER STORAGE TANKS & FIRST AID KITS IN ORLANDO FL #HurricaneRelief,Resource Requests,train,True
WE R NEEDING BABY CLOTHES & DIAPERS IN SAN DIEGO CA @USAFamily @USArmy pls help,Resource Requests,train,True
EMERGENCY WATER DISTRIBUTION NEEDED IN KATHMANDU NEPAL @UNICEF WEVE RUN OUT,Resource Requests,train,True
@FEMA PLEASE SEND HELP ASAP WE HAVE 10 DISABLED RESIDENTS TRAPPED IN LAGOS APARTMENTS NIGERIA #NigeriaFloods,Resource Requests,train,True
GROUP OF 25 NEED FOOD & SHELTER IN JACKSON MS @AmericanRedCross pls send rescue units #HurricaneMaria,Resource Requests,train,True
PLEASE HELP my family stranded in #FloodedChandigarh we need a boat 2 rescue 4 kids & elderly ppl @NDMA @NDRF pls send help ASAP,Resource Requests,train,True
@RedCross need oxygen cylinders 4 a group of 15 ppl stuck in a basement in Mumbai's #Powai suburb due 2 flooding #MumbaiFloods,Resource Requests,train,True
URGENT HELP NEEDED @NDRF we r stuck in our homes in #Surat floods 2nd floor residents r running out of water & food pls send a team 2 help ASAP 91 98765 32109,Resource Requests,train,True
"GROUP OF 12 NEED FOOD, WATER & MEDICAL AID pls send help ASAP @NDMA @PMOIndia we r stuck at #DharaviMumbai #MumbaiFloods",Resource Requests,train,True
PLEASE SEND 4 a bottle of insulin to 65 yr old Smt. Kamble in #Pune floods her diabetes meds r low & she's in dire need of it @RedCross @NDRF pls help,Resource Requests,train,True
NEED HELP TO REACH OUR SHELTER in #Bangalore floods located at HSR Layout near 27th Main Road pls send a rickshaw or a bus @BMTC @NDRF,Resource Requests,train,True
PLEASE HELP my 2 yr old son needs milk & baby food pls send some ASAP @NDMA @RedCross we r stuck at #MumbaiAirport #MumbaiFloods,Resource Requests,train,True
PLEASE HELP a group of 30 ppl need shelter & food pls send a team 2 help ASAP @NDRF @PMOIndia we r stuck in our homes in #Noida floods,Resource Requests,train,True
PLEASE SEND a rescue team 2 #KeralaFloods located at Vellinezhi Village near Perumbavoor @NDRF @NDMA 91 94477 56789,Resource Requests,train,True
PLEASE HELP my elderly grandma needs medical aid pls send a doctor ASAP @RedCross @NDRF she's stuck in #MumbaiFloods in Khar suburb,Resource Requests,train,True
"URGENT HELP NEEDED IN VADAKKENCHERRY, ERNAKULAM DIST. 20 FAMILIES NEED SHELTER ASAP #keralafloods #RedCross pls help",Resource Requests,train,True
Group of 12 need rescue from 1st floor of building on Perumbavoor - Ernakulam Main Road. Medical aid 4 elderly people #keralasos @NDRF help pls,Resource Requests,train,True
Need ppl to pls donate baby supplies @KeralaRelief org in Trivandrum. 50 newborns in shelter need diapers n milk @Mother Teresa,Resource Requests,train,True
PLEASE HELP my brother in law needs a wheelchair he's injured n can't walk in flood affected area of Kochi #keralafloods @RedCross,Resource Requests,train,True
"We are 5 people stranded on Kumbalam bridge, Kochi need rescue ASAP. Pls someone send a boat or a dinghy help pls #keralaemergency",Resource Requests,train,True
Need water & food plz! 30 people in shelter @KeralaRelief need water n food ASAP we r in Aluva #keralarelief @SOSkerala,Resource Requests,train,True
URGENT HELP NEEDED IN THIRUVANANTHAPURAM. 10 families need medical aid ASAP. 5 people injured #keralahealth #keralamedical,Resource Requests,train,True
"We r organizing a relief camp in Ernakulam. Need ppl 2 volunteer & help distribute food, shelter & medical supplies #keralarelief",Resource Requests,train,True
PLEASE HELP we r in urgent need of fuel in Kochi. 10 vehicles stranded on road need diesel n gas #keralaemergency @RedCross,Resource Requests,train,True
Group of 15 need shelter from 3rd floor of building on MG Road in Kottayam. Need beds n mattresses ASAP #keralasos,Resource Requests,train,True
PLEASE HELP we are stranded in kolkata's new alipore rd with 8 kids and elderly pls send water n food #WestBengalFloods @NDRF,Resource Requests,train,True
group of 12 need safe shelter in mumbai's dharavi slum plz share 2 bed space n food contact @MumbaiRC #MumbaiRain @RedCross,Resource Requests,train,True
baby formula urgently needed for 5 mos old in #HoustonFloods area of memorial park @HarrisCountyEM #HurricaneHelp,Resource Requests,train,True
can we pls have more generators in kerala's palakkad district power has been out for 48hrs #KeralaFloods @SEEMO,Resource Requests,train,True
need ppl with 4wd to rescue us in #FloodedLouisiana near intersection of la-1 n la-10 contact @LAEM @FEMA,Resource Requests,train,True
URGENT: medical aid required for 70 yr old diabetic in #FloodedCalifornia's victorville area @SBCOUNTYEM #WildfireRelief,Resource Requests,train,True
"PLEASE SHARE food, water, n shelter for 50 families in #FloodedPakistan's lahore near data darbar @UNICEF",Resource Requests,train,True
hello its me amanda we are stranded in #HurricaneIda's louisiana with 2 kids n medical needs pls contact @LAEM @FEMA,Resource Requests,train,True
need transport to evac hospital for 5 yr old with asthma in #FloodedFlorida's naples area pls share n coordinate with @SWFLhospital @NHC,Resource Requests,train,True
pls donate baby supplies n diapers 4 10 families affected in #FloodedBangladesh's dhaka contact @UNICEF @SaveTheChildren #BangladeshFloods,Resource Requests,train,True
URGENT HELP NEEDED IN KERALA! 500 people stuck in flooded streets of Cochin need rescue NOW @NDRF #KeralaFloods,Resource Requests,train,True
can anyone pls help a family in Houston with 2 toddlers & a preemie? low on formula & baby food @RedCross #HurricaneHelp,Resource Requests,train,True
group of 12 need safe shelter in ravaged Guwahati pls DM us if u have any options @NDRF #AssamFloods,Resource Requests,train,True
anyone near the Rio Grande can help pls contact @SalvationArmyUS for our 30+ seniors stuck in Laredo #HurricaneSupport,Resource Requests,train,True
need oxygen & medical aid 4 50 yr old lady in Delhi flooded areas - please donate @IndianRedCross #DelhiFloods,Resource Requests,train,True
our small school in Joplin (Missouri) NEEDS generators ASAP to keep heat on 200 kids #TornadoRelief,Resource Requests,train,True
if u r in affected areas of Gujarat plz share contact details with ppl stuck in Rajkot #GujaratFloods,Resource Requests,train,True
urgent need 4 transport 2 get 20 disabled people 2 safety in Manila - contact @UNICEF #TyphoonHelp,Resource Requests,train,True
help needed ASAP 4 20 homes in storm-damaged Key West (Fla) no power /no water @RedCross #HurricaneRelief,Resource Requests,train,True
anyone with power generator pls DM us in devastated Kerala - need 4 500 villagers #KeralaFloods,Resource Requests,train,True
PLEASE HELP KERALA FLOOD VICTIMS IN KAKKANAD 200 PEOPLE NEED FOOD & WATER ASAP #KeralaFloods @NDRF @RedCross,Resource Requests,train,True
group of 12 need rescue in KALAMASSERY 3 kids & 2 elderly ppl with medical conditions pls DM me #KeralaFloods #Rescue,Resource Requests,train,True
URGENT HELP NEEDED FOR SHOWER & TOILET FACILITIES IN KATTAKKADA NEIGHBORHOOD 500 PEOPLE STUCK #HurricaneHelp @FEMA @RedCross,Resource Requests,train,True
@NDRF PLEASE SEND WATER & FOOD TO KASARAGOD 1000 PEOPLE NEED IT ASAP #KeralaFloods #WaterCrisis,Resource Requests,train,True
need generators & power cables 4 THIRUVANANTHAPURAM DISTRICT 500 HOUSES WITHOUT POWER #KeralaFloods @TNEB @RedCross,Resource Requests,train,True
anyone in CHICAGO pls RT & DM me w/transport help 4 KERALA FLOOD VICTIMS WE NEED CARS & TRUCKS #KeralaFloods #Transport,Resource Requests,train,True
HELP REQUIRED 4 BLOOD DONATIONS @KOTTAYAM 20 PEOPLE NEED MEDICAL ATTENTION DURING SURGERY #KeralaFloods #BloodDonation,Resource Requests,train,True
KOTTAYAM NEEDS SHOE & BABY SUPPLIES 200 PEOPLE NEED THEM FOR THE KIDS #KeralaFloods #BabySupplies,Resource Requests,train,True
group of 50 ppl in ERNAKULAM NEED FOOD & WATER pls DM me 4 DROP OFF LOCATIONS #KeralaFloods #Ernakulam,Resource Requests,train,True
if you have a 4x4 vehicle pls DM me we need help rescuing ppl in WAYANAD #KeralaFloods #Rescue,Resource Requests,train,True
PLEASE HELP WE R 5 FAMILY MEMBERS STRANDED IN KERALA FLOODS NEED RESCUE AT 23 KAKKANAD HIGHWAY #KeralaFloods @NDRF,Resource Requests,train,True
"URGENT HELP NEEDED AT 145 OCEAN STREET NEW ORLEANS 3 FAMILIES WITH INFANTS NEED DIAPERS, MILK & FOOD ASAP #HurricaneHelp @RedCross",Resource Requests,train,True
GROUP OF 12 NEED WATER & NON-PERISHABLE ITEMS AT 456 SANTA BARBARA DR LOS ANGELES PLEASE DM FOR DETAILS #CaliforniaFires @FireDeptLA,Resource Requests,train,True
PLEASE SHARE MY STORY 80-YR OLD GRANDMA NEEDS MEDICAL AID AT 123 MAIN ST KERALA FLOOD ZONE #KeralaFloods @NDRF,Resource Requests,train,True
WE R 10 PEOPLE TAKEN SHelter AT 789 WASHINGTON AVENUE NEW YORK NEED POWER GENERATORS ASAP PLEASE HELP #HurricaneHelp @ConEdison,Resource Requests,train,True
PPL IN DISTRICT 5 NEED TRANSPORT TO SAFETY AFTER TYPHOON TERROR @NDRF @PHILGOV,Resource Requests,train,True
PLEASE DONATE TO SRI LANKA RELIEF FUND 1 MILLION PEOPLE STRANDED AFTER LANDSLIDES #SriLankaFloods @WorldFoodProgram,Resource Requests,train,True
NEED BABY SUPPLIES & FOOD FOR 20 NEW MOMS AT 234 MCKAY ST TULSA OKLAHOMA PLEASE SHARE THIS TWEET #TulsaTornado @AmericanRedCross,Resource Requests,train,True
NEED RESCUE AT 67 MELROSE ST SAN FRAN ISLAND FOLKS TAKEN BY SURGE PLEASE HELP #HurricaneHelp @SanFranFireDept,Resource Requests,train,True
WE R 12 PEOPLE WITH MEDICAL CONDITIONS NEED EMERGENCY MEDICAL SUPPLIES AT 321 BAYRIDGE AVENUE NEW YORK PLEASE DM FOR DETAILS #HurricaneHelp @FDNY,Resource Requests,train,True
"PLEASE HELP WE R 20 FAMILIES @ 5th cross, kannur NEED WATER ASAP 5 kids with diabetes pls send water bottles asap #keralafloods",Resource Requests,train,True
URGENT NEED HELP FOR MY NEIGHBOR WHO BROKE LEG IN COLLAPSE PLEASE DM @RedCross FOR DONATIONS 91 9999977766 #PuertoRico,Resource Requests,train,True
"GROUP OF 12 NEED SHOWER SHELTER @ 4th ward, kerala PLZ HELP WE JUST SURVIVED THE RAIN #KeralaRelief",Resource Requests,train,True
"HELP NEEDED 4 BABY SUPPLIES @ 2nd floor, goa MUM & 2 YR BABY NEED DIAPERS, FORMULA & WIPES PLEASE RETWEET #GoaFloods",Resource Requests,train,True
"PLZ SEND FOOD FOR 120 @ high school, orissa WE'VE BEEN LOST IN FLOOD FOR 2 DAYS #odisha",Resource Requests,train,True
"HELP US GET A 4WHEELER 2 RESCUE OUR GRANDMOTHER @ 100 feet, mumbai SHE NEEDS DOXYCYCLINE ASAP #mumbaiflooding",Resource Requests,train,True
"PLEASE DONATE MEDICAL SUPPLIES 4 FLOOD VICTIMS @ 1st ward, delhi WE HAVE KIDS WITH PNEUMONIA PLEASE HELP #DelhiFloods",Resource Requests,train,True
KANNUR NEEDS RESCUE HELP WE R STRANDED @ 3rd bridge PLEASE DM @NDRF 91 9486567788 #KeralaRelief,Resource Requests,train,True
NEED BATTERY POWERED WATER PUMP FOR KANNUR WE R OUT OF WATER PLEASE HELP US #KeralaFloods,Resource Requests,train,True
"WE NEED A GROUP OF 5 TO HELP OUR 70 YR OLD GRANDFATHER @ 20 feet, uttarakhand HE NEEDS IMMEDIATE MEDICAL ATTENTION #Uttarakhand",Resource Requests,train,True
"PLEASE HELP! 12 ppl stranded in kuttipuram, kerala, pls send rescue team ASAP #KeralaFloods @NDRF",Resource Requests,train,True
"if u r in kerala, need water & food 4 50 ppl in puthenkurussi area, pls rt & help #keralafloods #KeralaFloodRelief",Resource Requests,train,True
"Group of 12 need 100 units of insulin, 5 wheelchairs & 20 oxygen tanks @RedCross @RedCrystal Kerala @NDRF @KeralaCMO",Resource Requests,train,True
"@NDRF, pls confirm if 2000 blankets r being sent 2 kannur, kerala, urgently! #keralafloods #FloodRelief",Resource Requests,train,True
"PLEASE HELP! my 5yr daughter is in kerala & needs antibiotics, pls send them ASAP #keralafloods #KeralaKids",Resource Requests,train,True
anyone near miami beach with gas canes or generators pls help! hurricane dorian is killing us #HurricaneDorian,Resource Requests,train,True
"Kerala, need 500 tents 4 ppl displaced in kannur, pls rt & donate #keralafloods #FloodRelief",Resource Requests,train,True
"@KeralaCMO pls confirm if 1500 units of malaria meds r being sent to thrissur, kerala #keralafloods #Malaria",Resource Requests,train,True
"in palakkad, kerala, need 100 wheelchairs & 500 walking sticks, pls send ASAP #keralafloods @NDRF @KeralaCMO",Resource Requests,train,True
anyone near kerala with baby formula or diapers pls HELP! we r out & need them ASAP #keralafloods #KeralaKids,Resource Requests,train,True
PLEASE HELP @RedCross we are 4 families stuck in flooded Kuttanad neighborhood of Alappuzza with ZERO FOOD & WATER #KeralaFloods,Resource Requests,train,True
need help @NDRF my grandma is injured in floods in Palliport village of Pathanamthitta ppl pls provide medical aid ASAP #KeralaFloods,Resource Requests,train,True
"URGENT @Google, @Facebook, any team 4 help, we r 12 trapped in Pandalam with no power pls send generators #KeralaFloods",Resource Requests,train,True
@RedCross we r in need of baby diapers & formula 4 20 kids in the shelter in Trivandrum help pls #KeralaFloodRelief,Resource Requests,train,True
Group of 5 need rescue from flooded area of Aranmula village ppl pls send a boat or team ASAP #KeralaFloods,Resource Requests,train,True
help needed @USArmy 4 elderly couple stuck in 3rd floor of flooded bldg in Kollam city pls send a ladder ASAP #HurricaneHelp,Resource Requests,train,True
@NDRF pls provide shelter for 30 people incl 15 kids & 5 pregnant women in the flood-hit area of Chengannur #KeralaFloods,Resource Requests,train,True
urgent help req @Amazon 4 10 elderly ppl in flooded area of Nedumangad need medicine & oxygen ASAP #KeralaFloodRelief,Resource Requests,train,True
need help @FedEx 4 20 ppl stuck in flooded bridge of Thiruvalla ppl pls send 4X4 vehicles ASAP #KeralaFloods,Resource Requests,train,True
@Google pls send team 4 rescue 4 family of 5 including 2 kids trapped in flooded house in Neduvathoor #KeralaFloods,Resource Requests,train,True
"PLEASE HELP! 12 ppl stranded in kerala flood stuck in our house on Koonammavu road, 12th cross, Thrissur, need rescue NOW #KeralaFloods @RedCross @NDRF",Resource Requests,train,True
"URGENT NEED in puertorico hurricane maria, group of 10 elderly ppl need wheelchairs & oxygen tanks, pls send help @RedCross @FEMA",Resource Requests,train,True
"WE NEED MEDICAL HELP in kerala flood ravaged area, 5 kids need IV drips & medicines in our camp at Ernakulam, pls help #KeralaFloods",Resource Requests,train,True
"WE NEED TRANSPORT IN KERALA FLOOD, ppl stranded in Edapally, need help to evacuate, pls send transport @RedCross @IndianAirForce",Resource Requests,train,True
"KERALA FLOOD RELIEF, we need food, rice, bread, milk, & water in our camp at Koonammavu, pls donate & send @NDRF @RedCross",Resource Requests,train,True
"WE ARE IN NEED OF BABY SUPPLIES in hurricane harvey hit area, diapers, formula, & baby food needed for 15 babies @RedCross @FEMA",Resource Requests,train,True
"PLEZ HELP, 20 ppl stuck in floodwaters in kerala, need shelter, food & water at our camp in Kochi, pls send aid #KeralaFloods",Resource Requests,train,True
"GROUP OF 8 NEED MEDICAL AID in hurricane irma hit area, need insulin, glucometers, & wheelchairs @RedCross @FEMA",Resource Requests,train,True
"PLEASE SHARE, our camp in kerala flood hit area, needs power generators, water purification tablets, & first aid kits #KeralaFloods",Resource Requests,train,True
"WE ARE STRANDED IN KERALA FLOOD, 10 ppl stuck in our house on MG Road, Thrissur, need rescue, food & water ASAP #KeralaFloods @NDRF",Resource Requests,train,True
PLEASE HELP ME FIND FOOD 4 my 4 yr old daughter has diabetes we r stuck in delhi #DeshKaMahaAnand,Resource Requests,train,True
@NDRF pls send help 2 bengaluru 500 ppl trapped in apartment fire in electronic city #helpbengaluru,Resource Requests,train,True
NEED WATER ASAP! 30 people stuck in flooded house in kolkata need water & basic meds pls send help #kolkatadisaster,Resource Requests,train,True
CALLING ALL VOLUNTEERS! we r a group of 12 stuck in thiruvananthapuram need shelter & food pls help #keralaFloods,Resource Requests,train,True
PLEASE DM @RedCross if u can help get medical aid 2 25 yr old man in critical condition in chennai #chennaihelp,Resource Requests,train,True
GROUP OF 40 NEED TRANSPORT OUT OF DELHI need 4 cars or buses pls help #delhihelp,Resource Requests,train,True
PLEASE SEND FOOD & WATER 2 OUR FAMILY STUCK IN HYDERABAD! 5 kids in the family need help ASAP #telanganaFloods,Resource Requests,train,True
@IndianArmy pls send aid 2 KERALA 100s of ppl in need of shelter & basic needs pls help #keralaRelief,Resource Requests,train,True
PLEASE HELP ME GET MEDICAL SUPPLIES 2 CHENNAI! 20 critical patients need help ASAP pls send help #chennaiMedHelp,Resource Requests,train,True
NEED POWER RESTORED ASAP! entire neighborhood of 150 families in mumbai without electricity pls help #mumbaihelp,Resource Requests,train,True
"EMERGENCY ALERT: 300 ppl stranded in downtown New Orleans, need WATER, FOOD, & SHELTER ASAP pls! @RedCross @NDRF @FEMA #HurricaneHelp #NOLA",Resource Requests,train,True
Group of 12 need RESCUE & MEDICAL AID in flooded Houston neighborhood (W 23rd St & Fannin). pls DM for details @HoustonFire @RedCross #HurricaneHarvey #HoustonStrong,Resource Requests,train,True
Puerto Rico's eastern side needs POWER restoration ASAP. can anyone in San Juan help us get in touch with @PSEGPR? @FEMA @LinemenForPR #PuertoRico #Restoration,Resource Requests,train,True
"PLEASE HELP! Family of 5 (2 young kids, 1 elderly) stuck on 2nd floor of flooded home in Miami's Little Haiti. need RESCUE @MiamiDadeFire @FLRedCross #HurricaneHelp #Miami",Resource Requests,train,True
"Kerala flood survivors in Ernakulum need Baby supplies (diapers, formula, etc) ASAP pls! @KeralaFloods @UnicefIndia #KeralaFloods #HelpTheKids",Resource Requests,train,True
"EMERGENCY in rural Texas! group of 20 ppl stranded in flooded area (US-281 & CR-206). need WATER, FOOD, & SHELTER @TxDPS @NationalGuard #TexasFloods #DisasterRelief",Resource Requests,train,True
Group of 5 elderly ppl need RESCUE in nursing home on 4th floor of flooded Bldg in NYC's Lower East Side. pls help @NYCFD @RedCross #NYCFloods #SeniorHelp,Resource Requests,train,True
Need TRANSPORT to hospital 4 critically injured ppl in flooded neighborhood of Baton Rouge (N 15th St & Florida Ave). pls DM for details @LAStatePolice @BatonRouge @LSUHSC #BatonRougeFloods,Resource Requests,train,True
"PLEASE SHARE: group of 15 ppl (incl. 3 with diabetes) need FOOD, WATER, & MEDICAL AID in hard-hit neighborhood of Tampa (W Kennedy Blvd & S 34th St) @TampaFire @RedCross #TampaFloods #DisasterRelief",Resource Requests,train,True
EMERGENCY! Family of 3 (baby w/ severe asthma) stranded in flooded apt in Philadelphia's South Philly. need RESCUE & MEDICAL AID ASAP pls! @PHLFireDept @RedCross #PhillyFloods #AsthmaAlert,Resource Requests,train,True
"@NDRF pls help! 150 ppl stranded in Kalpathy, Tamil Nadu. No food or water, pls send aid ASAP! #CycloneTamilNadu",Resource Requests,train,True
"URGENT need for medical aid in Doda, Jammu & Kashmir. 10 kids injured in landslides. Please donate @RedCross #JammuFloods",Resource Requests,train,True
NEED POWER in flood-hit areas of Varanasi. Generators 4 sale or rent? DM me pls! #UttarPradeshFloods,Resource Requests,train,True
We need transport 4 senior citizens in Kozhikode. Can you spare car or bike? Please help! #KeralaFloods,Resource Requests,train,True
Shelter needed 4 12 families in Chhota Nagpur. We r running out of tents. Please help! #JharkhandFloods,Resource Requests,train,True
Babysitting equipment desperately needed in Sikkim. 30 kids orphaned after landslide. Please send nappies etc ASAP! @SikkimFloodRelief,Resource Requests,train,True
@GovernmentOfIndia pls do something about the fires in Odisha! We need firefighters & equipment NOW! #OdishaFires,Resource Requests,train,True
We r organizing a relief camp in Assam. Need help w/ food & water. Plz contribute via paytm: 9876543210 #AssamFloods,Resource Requests,train,True
Group of 12 need baby formula & diapers. We r in flood-hit areas of Tripura. Please help! #TripuraFloods,Resource Requests,train,True
"Need rescue team @NDRF @IAF to come 2 Ramban, Jammu & Kashmir. 50 ppl trapped under debris. PLEASE HELP! #JammuFloods #RambanRescue",Resource Requests,train,True
URGENT NEED 4 WATER & FOOD @RedCross pls send help 2 150 ppl stuck in downtown Miami FL #HurricaneHelp #MiamiFloods,Resource Requests,train,True
"NEED BABY SUPPLIES 4 10 babies @NDRF pls send diapers, formula, & baby food 2 123 Main St, Queens NY ASAP #NYCFloods #HurricaneRelief",Resource Requests,train,True
"PLEASE HELP!! NEED SHADY AREA RESCUE 4 50 STRANDED in 1200 block of 6th St, Seattle WA #SeattleFloods #RescueNow",Resource Requests,train,True
"GROUP OF 12 NEED SHelter @NDRF pls send help 2 1450 Lake Shore Dr, Chicago IL ASAP #ChicagoFloods #ShelterNeeded",Resource Requests,train,True
"ITS @ 35 ppl WITH MEDICAL CONDITIONS NEED OXYGEN TANKS & MED SUPPLYS @RedCross pls send help 2 567 Cedar Ave, Brooklyn NY #NYCFloods #MedicalHelp",Resource Requests,train,True
"URGENT NEED 4 ELECTRICITY 4 100 HOMES @GridOperators pls send power crew 2 456 Oakwood St, Raleigh NC ASAP #NCFloods #PowerOutage",Resource Requests,train,True
"NEED TRANSPORTATION 4 250 SCHOlOL KIDS @SchoolBuses pls send buses 2 8900 Maple Ave, Dallas TX #DFWFloods #TransportHelp",Resource Requests,train,True
"PLEASE Send HELP 2 400 STRANDED 1N 2300 block of 9th St, New Orleans LA #NOLAFloods #Rescue",Resource Requests,train,True
"NEED UNOPENED BOXES OF DIAPERS & FORMULA 4 20 BABIES @DiaperBank pls send 2 shelter @ 1200 Maple Ave, Houston TX #HoustonFloods #BabySupplies",Resource Requests,train,True
"WE NEED CONTACT INFO @NDRF @RedCross PLZ send shelter coord 4 300 ppl STRANDED 1N 1500 block of 5th St, Atlanta GA #ATLFloods #RescueCoord",Resource Requests,train,True
"URGENT need water & food 4 50 ppl stuck in flooded Kalyani Nagar, Pune. @NDRF pls help! #MumbaiFloods",Resource Requests,train,True
"@RedCross group of 12 need shelter, blankets & medical aid in devastated parts of #KeralaFloods, near Perumbavoor.",Resource Requests,train,True
"PLEASE HELP! 12 families stuck in Thane Creek, Mumbai, water rising fast. @NDRF send boats ASAP! #MaharashtraFloods",Resource Requests,train,True
"Plz donate baby formula, diapers & warm clothes 4 15 stranded kids in #HurricaneHelp areas of Houston, TX.",Resource Requests,train,True
"We need generator & medical equipment 4 elderly couple, Mrs. John & Mr. Paul, stuck in flooded streets of #TropicalStorm, near Baytown, TX.",Resource Requests,train,True
"@NDRF pls rescue 8 ppl trapped by rising waters in Khar, Mumbai. We need boats & ropes NOW! #MumbaiFloods",Resource Requests,train,True
"Group of 5 need oxygen & wheelchair for Mr. Kumar, diabetic patient, stuck in flooded #OdishaFloods areas of Bhubaneswar.",Resource Requests,train,True
@RedCross pls send teams with rescue dogs & first aid kits to #KeralaFloods areas of Kochi ASAP. Many ppl stranded!,Resource Requests,train,True
"URGENT need food, water & shelter 4 30 refugees in flooded camps near #HurricaneMaria hit areas of Puerto Rico.",Resource Requests,train,True
We have 15 ppl w/chronic health issues stuck in flooded #FloodRelief areas of Chennai. Pls send medical teams & equipment ASAP! #TamilNaduFloods,Resource Requests,train,True
"we r 12 ppl stranded in houston, pls send transport 2 pick us up from 145th & westheimer",Resource Requests,train,True
"EMERGENCY HELP NEEDS @RedCross, a group of seniors at oakwood nursing home in orlando need FOOD & MEDICAL SUPPLIES ASAP!",Resource Requests,train,True
PLEASE SEND WATER TO 123 MAIN ST in katrina ravaged new orleans we r running out,Resource Requests,train,True
group of 5 need rescue from submerged apartment at 456 e 7th ST in fargo flood zone,Resource Requests,train,True
"@NDRF, we r a family of 4 w 2 kids 5 & 7 stranded on roof @ 78th st & 15th ave in typhoon hit taipei NEED HELP ASAP",Resource Requests,train,True
PLEASE HELP us deliver BABY SUPPLIES 2 200 affected families in sydney bushfires zone,Resource Requests,train,True
we r running out of MEDICAL OXYGEN @ 135 s broadway in san diego NEED HELP ASAP @RedCross,Resource Requests,train,True
NEED SHOWER TENTS 4 displaced families @ 145 e 23rd st in hurricane harvey hit houston,Resource Requests,train,True
PLEASE DONATE POWER GENERATORS 2 our team in ravaged manila NEED IT 2 RECHARGE MEDICAL MACHINES,Resource Requests,train,True
"we need URGENT HELP @RedCross, family of 3 w special needs child, stuck in 3rd floor apt 425 park ave in hurricane michael hit FLORIDA",Resource Requests,train,True
"HELP NEEDED in Lakewood, OH, 50 ppl stranded at 123 Main St need water & food ASAP #HurricaneHelp @RedCross",Resource Requests,train,True
"group of 12 need rescue @NDRF pls send help 2 45th St, Mumbai, we r stuck #MumbaiFloods",Resource Requests,train,True
"@UNICEF pls send baby supplies 2 New Orleans, 20 babies need diapers, food, water #HurricaneHelp",Resource Requests,train,True
"WE NEED DOCTORS @AmericanRedCross pls send medical aid 2 145 Bhatpara, Kolkata, its 3am & people r suffering #KolkataFlood",Resource Requests,train,True
"plz help us @FEMA we r stuck in our home in Houston, 2 floors underwater #HurricaneHelp",Resource Requests,train,True
"need generators to save 100 lives @USArmy pls send help 2 456 Riverside, Bengaluru, hospitals r down #BengaluruPower",Resource Requests,train,True
"@WorldFoodProgramme pls send non-perishable food 2 123/456, Bhubaneswar, we r running out of food #OdishaFlood",Resource Requests,train,True
"plz send rescue team @IAF pls help 60 ppl trapped 2 2/3rd floor, Mumbai, buildings r collapsing #MumbaiBuildingCollapse",Resource Requests,train,True
"urgent need for water @WHO pls send 2000 bottles 2 345/678, Hyderabad, we r almost out #TelanganaFlood",Resource Requests,train,True
"@NDRF team pls send help 2 901 Sengupta St, Kolkata, 12 ppl r injured, need medical aid & shelter #KolkataFlood",Resource Requests,train,True
"PLZ HELP! @RedCross I'm stuck in #FloodedBengaluru, 12 of us need shelter & food! 09686660226, 09686663294",Resource Requests,train,True
"URGENT! @NDRF a group of 12 need MEDICAL SUPPLIES including insulin & oxygen tanks in #TyphoonHit Manila, please help!",Resource Requests,train,True
"NEED TRUCK LOAD OF WATER in #HurricaneMatthew hit area, multiple families need drinking water ASAP, @DNR pls help!",Resource Requests,train,True
"PLEASE HELP! my mom in #KeralaFloods area needs baby formula & diapers, her 9month old is running out of supply, @RedCross pls assist",Resource Requests,train,True
"GROUP OF 5 NEED RESCUE in #LandslideHit area of #Nepal, pls DM @NDRF for co-ordination, its getting dark",Resource Requests,train,True
"PLEASE DOUBLE THE HELP FOR #PuertoRico, ppl are struggling to survive, pls send more food & med supplies, @UNICEF pls help",Resource Requests,train,True
"WE NEED GEN SETS to power our hospital in #EarthquakeHit area, patients in need of critical care, pls @WHO pls arrange ASAP",Resource Requests,train,True
"NEED FOOD & WATER for 20 families in #Flooding area of #Bangladesh, please donate via @ICRC pls help",Resource Requests,train,True
"PLEASE SHARE this message, we need HELP in #TsunamiHit area of #Indonesia, multiple neighborhoods underwater, @NDRC pls assist",Resource Requests,train,True
"NEED RESCUE VEHICLES in #FloodedHouston, several homes inaccessible, pls @FEMA pls provide ASAP, ppl need help NOW",Resource Requests,train,True
URGENT HELP NEEDED 4 20 families in flood hit kerala need shelter pls contact @NDRF for assistance #KeralaFloods,Resource Requests,train,True
@RedCross pls send medical aid to 1000 people in ravaged mumbai slums have no access to healthcare #MumbaiFloods,Resource Requests,train,True
"Kerala Floods: need group of 12 need food, water, candles, & sanitary pads @OxfamIndia pls arrange ASAP #KeralaFloods",Resource Requests,train,True
PLEASE HELP 10 families in New Orleans need baby food & strollers pls donate @SalvationArmyUS #HurricaneHelp,Resource Requests,train,True
@USAID pls send generators 2 power 100 homes in Puerto Rico have been without electricity for weeks #HurricaneMaria,Resource Requests,train,True
@DisasterRelief pls arrange for transport 2 evacuate elderly & children from flooded areas in Bangladesh #BangladeshFloods,Resource Requests,train,True
need volunteers 2 help 500 people in Texas with food & water @AmericanRedCross pls contact #HurricaneHarvey,Resource Requests,train,True
GROUP OF 30 NEED SHELTER in flooded Kerala pls help arrange tents & blankets @OxfamIndia pls #KeralaFloods,Resource Requests,train,True
@UNICEF pls send medical supplies 2 treat 200 children with waterborne diseases in Yemen #YemenCrisis,Resource Requests,train,True
"PLEASE SHARE 1,000 people in Kerala need rescue from stranded boats pls contact @NDRF #KeralaFloods",Resource Requests,train,True
"PLEASE HELP! 25 stranded ppl in our apt bldg in downtown Miami, need emergency food & water ASAP #MiamiHurricane #Help",Resource Requests,train,True
"URGENT - 300 ppl stuck in flooded homes in Kolkata, need immediate shelter & rescue! @WestBengalGovt @NDMAIndia #KolkataFlood #Rescue",Resource Requests,train,True
"GROUP OF 12 NEED POWER GENERATORS in coastal Andhra Pradesh, can't live without electricity 4 more days! pls donate #AndhraFloods #PowerForAll",Resource Requests,train,True
"URGENT: 15 ppl in need of medical aid @ hospital in Jammu, no doctors or nurses available pls send help! #JammuFlood #MedicalAid",Resource Requests,train,True
PLEASE SHARE - our community in flood-hit Odisha needs 500 life jackets 4 kids under 5 pls help us #OdishaFlood #LifeJackets,Resource Requests,train,True
"WE R STUCK ON 4TH FLOOR OF BUILDING IN SURAT, NEED 4 RESCUE URGENT - pls contact @SuratMunicipal @GujaratGov #SuratFlood #RescueMe",Resource Requests,train,True
"PLEASE SEND TROOPS TO FLOOD-HIT RAJASTHAN, THOUSANDS OF MUSLIM LIVES ARE AT RISK #RajasthanFlood #HelpUs",Resource Requests,train,True
"PLEASE DONATE BABY SUPPLIES - we r in urgent need of diapers, formula & toys 4 20 kids in flooded community center in Assam #AssamFlood #BabySupplies",Resource Requests,train,True
WE R 200 LOCALS IN NEED OF TRANSPORT - can u pls arrange 4 us to move to higher ground ASAP? #FloodRelief #HelpUs,Resource Requests,train,True
"NEED CONTACT INFO OF GOVT AGENCIES IN BENGALURU, CAN'T FIND ANYONE 2 TALK 2 #BengaluruFlood #ContactUs",Resource Requests,train,True
"PLEEZ HELP! group of 12 people stuck in flooded apt bldg in Manhattan, NY - 3 babies, 2 elderly & 1 diabetic need rescue ASAP #NYCfloods @NYC_DCP @FEMA ppls stuck in apt 505 at 555 5th ave",Resource Requests,train,True
"URGENT! NEED FOOD & WATER for 20+ people stranded in Rockaway Beach, QNS - pls send to 123 Beach 116th St #NYCfloods @NYC_FH @NYPD113pct",Resource Requests,train,True
"WHO can help w/ rescue of cat trapped in downed tree at 456 Cedar Ave, Brooklyn - owner is 75 yrs old & needs help ASAP #Brooklynfloods @NYC_AC @NYC_AnimalShelter",Resource Requests,train,True
"HELP WANTED: 25+ ppl need shelter in Queens - pls send blankets, sleeping bags & tarps to 123 31st Ave, Astoria #QueensRelief #NYCfloods @NYC_HH @QueensTrib",Resource Requests,train,True
"PLEASE HELP! group of 10 ppl stuck in flooded car on highway 101, S.F. - 6 people need food & water ASAP #SFfloods @SFEMERGENCY @CaltransHQ",Resource Requests,train,True
"URGENT! NEED MEDICAL SUPPLIES (EpiPen & insulin) for 2 ppl w/ serious conditions at 789 Ocean Ave, Boston - pls send ASAP #BostonFloods @BOSpublichealth @BostonEMSO",Resource Requests,train,True
ANYONE w/ truck or SUV pls HELP TAKE 12 ppl & their pets to shelter in New Orleans - pls meet us at 123 Canal St #NOLAFloods @NOLANews @NOEMA,Resource Requests,train,True
"HELP! 8 ppl need access to POWER generator at 456 5th St, Philadelphia - pls send ASAP #PhillyFloods @Phila_PWD @PECO",Resource Requests,train,True
"GROUP OF 5 ppl STRUGGLING 2 FIND BABY SUPPLIES (diapers & formula) in Charleston, SC - pls send to 123 King St ASAP #CharlestonFloods @CityCharleston @SCDHEC",Resource Requests,train,True
"WHO can provide TRANSPORTATION 4 group of 15 ppl to safety in Miami - pls send buses or vans to 123 NW 1st Ave, Overtown #MiamiFloods @Miami-Dade @FDOT_MIA",Resource Requests,train,True
pleeeeease send food & water 2 our neighborhood its been 3 days since we got last supplies & ppl r starting 2 get desperate #FloodVic,Resource Requests,train,True
"@NDRF we need rescue help in kerala floods! our streets r flooded, kids stuck at home, pls send help ASAP #KeralaFloods",Resource Requests,train,True
"group of 12 need shelter, medical aid & food in ravaged houston area pls DM us 4 details #HurricaneHelp",Resource Requests,train,True
"PLEASE HELP we r stranded in puerto rico no food, water, or electricity for 4 days help us!! #Maria",Resource Requests,train,True
my mum is stuck in hospital in flooded hong kong pls send help ASAP we cant get in to see her #HKFloods,Resource Requests,train,True
"PLEASE send baby supplies (diapers, milk, etc) 2 our shelter in new orleans #NOLA",Resource Requests,train,True
can someone pls lend us a generator in our neighborhood in sydney? our power went out & we r running out of food #NSWfloods,Resource Requests,train,True
we r in need of ambulance & medical supplies in cali wildfires pls send help ASAP to 123 main st #CaliforniaFires,Resource Requests,train,True
@RedCross can u pls send a team 2 our neighborhood in flooded bangkok? kids r getting sick w no medical aid #BangkokFloods,Resource Requests,train,True
PLEASE send petrol 2 our community in cyclone hit oz please help us 2 get food & water 2 our homes #CycloneYasi,Resource Requests,train,True
"PLEEASE HELP, 12 ppl in need of shelter in Delhi's slums, near Azadpur metro station, pls DM us.",Resource Requests,train,True
"URGENT HELP NEEDED 4 a family of 5 in flooded neighborhood, near Kerala's Karuvatta town, pls send food & water ASAP.",Resource Requests,train,True
"anyone in Calcutta with generators 4 sale? group of 30 ppl stranded in a hotel, need power for medical eqpt.",Resource Requests,train,True
"KeralaFloods need medical aid ASAP 4 elderly lady in Trissur, pls send nurses or doctors to 34-1A, Kalpatta Rd.",Resource Requests,train,True
"URGENT: need rescue team 2 reach 25 ppl stuck in the mountains near Shimla, near Hotel Shangri La, pls hurry!",Resource Requests,train,True
"WE NEED URGENTLY 2 rescue a kid with diabetes stuck in floodwaters near Guwahati's Kamakhya Rd, pls DM rescue team.",Resource Requests,train,True
"PLEEEASE HELP, group of 7 ppl need shelter 4 a month in flooded Delhi's Nizamuddin East area, pls send tents ASAP.",Resource Requests,train,True
"any Kolkata folks with 4-wheelers 4 sale? group of 15 ppl stuck in flooded neighborhood, need transport 2 hospital.",Resource Requests,train,True
"KeralaFloods pls help, a pregnant lady in need of medical aid, baby supplies, near Perumbavoor town, pls send help ASAP.",Resource Requests,train,True
"if u r in Mumbai & have a boat, pls DM, a group of 6 ppl need rescue 2 flooded area near Vikroli, near 16-A, Jyoti Niwas Building.",Resource Requests,train,True
"urgent need 4 medical aid in #PuertoRico San Juan, multiple ppl with broken bones, pls rt @RedCross @FEMA",Resource Requests,train,True
"Group of 12 need shelter ASAP, near Srinagar's Lal Chowk, freezing temp, pls help @NDRF",Resource Requests,train,True
"PLEASE HELP, water bottle urgently needed 4 5yr old child w/ severe dehydration in #Houston flood zone",Resource Requests,train,True
"Need generator ASAP, power out 4 entire block in #Florence, 100+ households affected @DukeEnergy",Resource Requests,train,True
"Stranded in #California wildfire, our group of 8 elderly ppl need oxygen tanks & medical aid @NWS",Resource Requests,train,True
"Need baby food & diapers ASAP, multiple families stranded in #HurricaneMaria devastated areas @SalvationArmyUS",Resource Requests,train,True
"Mob 91 70254 98876 near Mumbai's Dharavi slum, desperate need 4 food, shelter, & warm clothes @NGOIndia",Resource Requests,train,True
"PLEASE RT, need 20 water bottles & 10 tarpaulins ASAP in #Bangladesh flood hit areas @IOM_Bangladesh",Resource Requests,train,True
"Need help getting to 1st floor, elderly couple trapped in #TropicalStorm flooded apt in New Orleans, pls send help @NOAA",Resource Requests,train,True
"Urgent need 4 rescue, 3 families (including 2 infants) trapped in #Japan typhoon, pls contact 090 123 45678 @JapanDisasterRelief",Resource Requests,train,True
PLEASE HELP we r stranded in chennai with 15 kids and no food #ChennaiFloods @TN_Gov pls send aid,Resource Requests,train,True
GROUP OF 12 NEED MEDICAL AID in chandannagar Kolkata pls send ambulances and paramedics #KolkataRains #NDRF @WestBengalGov,Resource Requests,train,True
its been 3 days noone has delivered food to kerala anyone pls help? #KeralaFloods keralafloods keralafloodrelief,Resource Requests,train,True
HELP REQUIRED in orlando we lost power and water for our 5yr old son with asthma #HurricaneHelp @FEMA @RedCross,Resource Requests,train,True
"PLZ SEND FOOD AND WATER to 123, main st, mumbai 1weekold baby and pregnant mother need help #MumbaiRains @MumbaiPolice",Resource Requests,train,True
PLEASE SHARE this number 9849392830 we r 25 ppl stuck in delhi with no electricity #DelhiRain @NDMA @ArvindKejriwal,Resource Requests,train,True
KOLKATA RAINS NEED POWER REPAIRS in behala neighbourhood 1000s still without electricity #KolkataFloods @CESC Limited,Resource Requests,train,True
PLEASE HELP THE RESCUE EFFORT we r in a boat stuck in chennai need 5 more ppl to row to shore #ChennaiFloods,Resource Requests,train,True
WE NEED A GENERATOR ASAP in kolkata's gariahat neighbourhood for a dialysis patient #KolkataRains @RedCross,Resource Requests,train,True
GROUP OF 20 NEED TRANSPORTATION FROM MUMBAI TO PUNE anyone pls send help? #MumbaiPuneTrain @IndianRailways,Resource Requests,train,True
"PLEASE HELP 300 ppl stranded at VittalMallya Rd, Bangalore. Need food & water ASAP pls RT @CMOfKerala @IndianRedCross #BangaloreFloods",Resource Requests,train,True
"URGENT NEED 12 ppl (ages 0-5) need diapers & formula at Vashi, Navi Mumbai. Plz donate @RedCross @UNICEF #MumbaiRains",Resource Requests,train,True
ALUVA DISASTER HELP! 40 ppl (seniors & handicapped) need shelter & medical aid. Plz contact @NDRF @CMOfKerala #KeralaFloods,Resource Requests,train,True
"EMERGENCY CALL 100s of ppl trapped in our apartment complex in Bandra, Mumbai. Need rescue ASAP @MumbaiPolice @NDMA #BandraFloods",Resource Requests,train,True
"PLEASE DONATE FOOD & WATER 500 ppl at Sholinganallur, Chennai. Plz help @CMOfTamilNadu @RedCross #ChennaiFloods",Resource Requests,train,True
"NEED 4 DISINFECTANT SUPPLIES 20 babies at Govt hospital in Kakinada, Andhra Pradesh. Plz help @WHO @AndhraCM #CycloneBulbul",Resource Requests,train,True
"SOS! Need generators 4 power at our hospital in Varanasi. 300 patients, no power. Plz contact @CMOfUttarPradesh @WHO #VaranasiFloods",Resource Requests,train,True
"PLEASE HELP 150 families in Sivakasi, Tamil Nadu. Need tents & basic supplies. Plz donate @NGOHelp #SivakasiFloods",Resource Requests,train,True
EMERGENCY TRANSPORT 150 ppl (ages 5-65) need evacuation from our village in Odisha. Plz help @OdishaCM @NDRF #OdishaFloods,Resource Requests,train,True
GROUP OF 20 NEED BABYSITTING & CHILD CARE SERVICES at our shelter in Delhi. Plz help @CMOfDelhi @UNICEF #DelhiFloods,Resource Requests,train,True
EMERGENCY IN KASHMIR! NEED WATER & FOOD for 20 ppl in shaher-e-khaas neighbourhood. Plz help @NDRF #KashmirFloods,Resource Requests,train,True
"NEED URGENT HELP @RedCross We r stuck in 2nd floor of a building in Dharavi, mumbai. Babies & elderly r suffocating. Plz send rescue team ASAP! #MumbaiFloods",Resource Requests,train,True
"NEED POWER SUPPLY restored in our apartment block on 3rd Avenue, Bikaner. We r in the dark since yesterday night. Plz @BSNLIndia #PowerOutage",Resource Requests,train,True
"PLEASE HELP! We r a group of 12 families in Old City, Hyderabad, with elderly & kids. We need medical aid & shelter. @TelanganaGovt Pls Assist #HyderabadFloods",Resource Requests,train,True
NEED TRANSPORT to take kids to hospital in Thane. Our car was washed away in floods. Plz @MaharashtraSH help us @narendramodi #MumbaiFloods,Resource Requests,train,True
"GROUP EMERGENCY! We r 17 ppl @HotelShangrila, Srinagar. Need food & water ASAP. Plz @JammuKashmirGovt Help us #KashmirFloods",Resource Requests,train,True
NEED BABY SUPPLIES & MEDICAL AID for 5 newborns in a hospital in Bhopal. We r running low on milk & diapers. Plz @BhopalMunicipal #BhopalFloods,Resource Requests,train,True
EMERGENCY MEDICAL AID REQUIRED! Our 75-yr-old mom is stuck in home in flood-hit area of Lucknow. Plz @UPGovt & @WHO help us ASAP #LucknowFloods,Resource Requests,train,True
"NEED RESCUE TEAM to reach us in Pimpri-Chinchwad, Pune. We r 50 ppl stuck on rooftop since yesterday evening. Plz @PunePolice Help us #PuneFloods",Resource Requests,train,True
"WE R IN DANGER! Group of 12 seniors & kids need shelter & food in Jaffrey, Assam. Plz @AssamGovt Help us ASAP #AssamFloods",Resource Requests,train,True
"PLEASE HELP!!! Family of 4 stranded on 3rd floor of 15 Oak St, NYC need rescue NOW #HurricaneMariaRelief @FDNY @NYPD",Resource Requests,train,True
group of 12 need food water and shelter urgently in Chennai after Cyclone Nivar please send help #ChennaiFloods @RedCross @IndiaRedCross,Resource Requests,train,True
"PLEASE SEND BABY FOOD FORMULA ASAP! 3 month old baby girl at 145 Main St, LA needs urgent help #CaliforniaFires #BabySupplies",Resource Requests,train,True
"@NDRF pls send team to rescue 8 people including 2 elderly ppl stuck on 2nd floor of 27 Maple St, Houston after Harvey #HoustonFloods",Resource Requests,train,True
"urgent medical aid needed! 10 people injured at 12th Mile Stone, Kerala need immediate help #KeralaFloods @WHO @AIIMS",Resource Requests,train,True
@RedCross pls send water purification tablets and generators to flood affected areas of Sri Lanka ASAP #SriLankaFloods,Resource Requests,train,True
"need transport help! 20 ppl including 5 kids need evacuation from 45th St, Bangladesh after Cyclone Bulbul #CycloneBulbul",Resource Requests,train,True
"shelter needed for 30 people incl 10 kids at 23 Park Ave, NY after Hurricane Irma pls send tents and blankets #FloridaFloods",Resource Requests,train,True
"PLZ HELP! 80yr old man with diabetes stuck at 101 Elm St, Florida need medical aid and shelter ASAP #HurricaneSeason",Resource Requests,train,True
"need rescue team ASAP at 56 Ocean Dr, Australia after bushfire 17 ppl including 5 kids need immediate help #AustralianBushFire @NSWFire @RFS #RescueNeeded",Resource Requests,train,True
URGENT HELP NEEDED 4 50 ppl stranded in kuttipuram kerala need FOOD & WATER PLZZZ @NDRF @RedCross,Resource Requests,train,True
PLEASE HELP! WE NEED MEDICAL AID 4 10yr old boy injured in delhi flood need DR & EMERGENCY CARE @AIIMS @DelhiPolice,Resource Requests,train,True
GROUP OF 12 NEED HELP IN KOLKATA FLOODS NEED RESCUE TEAM 2 reach kolkata medical college @NDRF @WBPolice,Resource Requests,train,True
HELP MY MOM SHE HAS DIABETES NEED MEDICINE ASAP IN THIRUVANANTHAPURAM @RedCross @KeralaCM,Resource Requests,train,True
URGENT NEED POWER GENERATORS IN MUMBAI NEED LIGHT 4 our street @MaharashtraGov @MCGM,Resource Requests,train,True
NEED TRANSPORT 2 REACH KOCHI NEED HELP MOVING 20 ELDERLY PPL @ KeralaRoadSafety @NDRF,Resource Requests,train,True
PLEASE HELP WE NEED SHELTER 4 FAMILIES DISPLACED IN GUJARAT FLOOD NEED TENTS @IndiaRedCross @GujaratPolice,Resource Requests,train,True
NEED BABY SUPPLIES FOR 10 NEWBORNS IN ANDHRA PRADESH FLOOD NEED MILK & DIAPERS @APCM @NDRF,Resource Requests,train,True
WE NEED WATER PURIFICATION TABLETS IN ODISHA FLOOD NEED HELP PURIFYING WATER @OdishaCM @NDRF,Resource Requests,train,True
HELP WE NEED RESCUE TEAM IN VISAKHAPATNAM NEED HELP REACHING 15 PPL STRANDED @APCM @VisakhapatnamCity,Resource Requests,train,True
PLEASE HELP NEED FOOD WATER FOR 20 PEOPLE IN JAKARTA ITS BEEN 3 DAYS,Resource Requests,train,True
@RedCross @NDRF please send medical aid to KUALA LUMPUR STREET 14 ASAP 5 yr old with fever,Resource Requests,train,True
group of 12 need shelter in NEW ORLEANS DRY LAND ASAP pls DM,Resource Requests,train,True
just got news that hospital in DELHI is running out of oxygen & meds pls send help,Resource Requests,train,True
WE NEED GENERATORS ASAP IN BROOKLYN LOST POWER FOR 5 DAYS,Resource Requests,train,True
URGENT HELP NEEDED FOR PREGNANT WOMAN IN SYDNEY LOW OXYGEN,Resource Requests,train,True
need rescue team in MANILA FLOODS RISING FAST pls help,Resource Requests,train,True
@NDRF @DisasterRelief pls send baby supplies to HOUSTON 10 babies in need,Resource Requests,train,True
@RedCross @UNICEF pls coordinate HELP FOR 30 CHILDREN IN KATHMANDU ORPHANAGE,Resource Requests,train,True
pls help us get 50 tarpaulins to JAKARTA ROOFLESS HOUSES,Resource Requests,train,True
URGENT NEED FOR WATER TANKERS IN MUMBAI WATER SHORTAGE GETTING BADER,Resource Requests,train,True
PLEASE HELP we r stuck in ravenna neighborhood of mumbai w/no food 4 my 2 kids its been 2days,Resource Requests,train,True
"URGENT NEED: medical aid 4 my grandma 90yo in bengaluru, diabetes, pls help ASAP",Resource Requests,train,True
"group of 12 need shelter in delhi, 8 kids, 2 elderly, cant find any hotels or hostels",Resource Requests,train,True
"PLEASE HELP ppl trapped in katrina kaif rd in mumbai, need rescue ASAP",Resource Requests,train,True
"need transport 2 jharkhand 4 my family of 6, flooded in calcutta, pls help",Resource Requests,train,True
"URGENT NEED of water in noida, rani kund neighborhood, my family of 4 r running out",Resource Requests,train,True
"@RedCross pls donate funds 4 baby supplies in gujarat, 15 families affected, need diapers n milk",Resource Requests,train,True
help needed in edappally. PLEASE RT. cc #KeralaFloods - ppl in need of shelter 4 5 families,Resource Requests,train,True
"can someone pls provide power generator 2 my home in goa, been 3 days w/no electricity",Resource Requests,train,True
"@NDRF pls assist my family of 3 in hyderabad, medical supplies r needed ASAP, my son has asthma",Resource Requests,train,True
PLEASE HELP 100 ppl trapped in 2 apartment bldgs on 33rd St in Miami BEACH. NEED RESCUE 4kids & elderly ASAP #HurricaneMiami @RedCross,Resource Requests,train,True
"need 50 water bottles ASAP for 30 refugees in our shelter in Kathmandu, Nepal #NepalEarthquake Relief @RedCrossNepal",Resource Requests,train,True
"we r a group of 12 people stuck on a flooded street in Calicut, need help 2 transport 2 higher ground #KeralaFloods @NDRF",Resource Requests,train,True
PLZ send medical aid 2 10 year old boy hurt in tornado @OklahomaCity @AmericanRedCross,Resource Requests,train,True
food & shelter 4 150 ppl affected in hurricane #HurricaneIda @GovOfLouisiana,Resource Requests,train,True
"NEED POWER generator @ 3456 Oak St, New Orleans ASAP 4 50 elderly ppl #hurricaneidainfot",Resource Requests,train,True
baby supplies 4 1month old twins stuck in shelter in Houston need ASAP #HurricaneHarvey @AmericanRedCross,Resource Requests,train,True
"HELP ppl in my neighborhood 2 get to safety @EastEndStreets, Bangladesh #MangoCyclone @UNICEF",Resource Requests,train,True
water & food 4 400 ppl stuck at rooftop @ 1567 Ocean Dr in S Florida #FloridaHurricane #RedCross,Resource Requests,train,True
we r in need of generators & food @ 12 families stuck on 7th St in Puerto Rico #PuertoRico @UNWorldFoodProgram,Resource Requests,train,True
PLEASE HELP 150 PPL IN DIST 15 OF KATY TX WE R OUT OF WATER & FOOD #HurricaneHelp @RedCross @NDRF,Resource Requests,train,True
"need baby supplies (diapers, formula, etc) 4 15 families in affected areas in Puerto Rico plz DM me #PRFloods #NursingHelp",Resource Requests,train,True
water & medical aid urgently needed 4 a group of 12 stranded @ Sausalito Bridge #CaliforniaFloods #WaterCrisis,Resource Requests,train,True
"group of 12 need shelter, food & transport 2 safe zone in New Orleans pls DM me @NDRF #HurricaneHelp #NOLA",Resource Requests,train,True
anyone with generators 4 sale in affected areas in Kerala pls DM me we need 10 ASAP #KeralaFloods #Power,Resource Requests,train,True
WE NEED GLUTEN FREE FOOD IN SHELTER IN NEW ORLEANS IF U CAN HELP DM ME @RedCross #HurricaneHelp #GlutenFree,Resource Requests,train,True
highway 12 blocked btw 15 mile & 25 mile need heavy machinery 2 clear roads pls @CalEMA #CaliforniaFloods,Resource Requests,train,True
if anyone in affected areas of hurricane has oxygen tanks & machines pls deliver 2 address 12345 elm st #HurricaneHelp #MedicalAid,Resource Requests,train,True
EMERGENCY CONTACT FOR RESCUE IN KERALA 0091-94460 33333 plz RT & help us spread the word #KeralaFloods #Rescue,Resource Requests,train,True
PLEASE HELP NEED FOOD WATER DRINKING WATER FOR 50+ CHILDREN IN NEIGHBOURHOOD 123 APT HOUSES FLOODED #KeralaFloods,Resource Requests,train,True
@NDRF we need emergency shelter 4 20 families in colony no power no running water in street 14B near park #DelhiFloods,Resource Requests,train,True
GROUP OF 12 NEED RESCUE ASAP 2 CHILDREN HAVE PNEUMONIA IN FLOODED HOUSE NEAR RIVER BANK #AssamFloods,Resource Requests,train,True
@RedCross pls send baby supplies diapers formula 4 20 infants affected in cyclone in street 27 #CycloneAlert,Resource Requests,train,True
NEED POWER Generator ASAP 200+ HOMES WITHOUT POWER IN FLOOD ZONE #HurricaneHelp,Resource Requests,train,True
FLOOD RELIEF CENTRE NEEDS WATER PUMP 2 LIFT WATER FROM RIVER TO AFFECTED AREAS #KeralaFloods,Resource Requests,train,True
@NDMA NEED TRANSPORT VEHICLES 4 EVACUATE 150+ PEOPLE WITH MEDICAL CONDITIONS #OdishaFloods,Resource Requests,train,True
MY BROTHER HAS HEART ISSUE NEED DOCTOR ASAP NO HOSPITALS OPEN IN AREA FLOODING FAST #HurricaneMaria,Resource Requests,train,True
NEIGHBOURHOOD NEED SHOWER FACILITIES NO POWER NO RUNNING WATER FOR 100+ PEOPLE #PuertoRicoHurricane,Resource Requests,train,True
SOS HELP NEEDED FOR WATER PURIFICATION TABLETS 4 50+ PEOPLE IN FLOOD SITUATION #BangladeshFloods,Resource Requests,train,True
"PLEASE HELP US IN KERALA!!! NEED FOOD & WATER 4 @least 50 ppl in Kozhikode, pls DM for address",Resource Requests,train,True
"group of 12 need shelter & medical aid near Banda, UP pls RT & let us know who can help!",Resource Requests,train,True
"@NDRF, pls send rescue team 2 our location, house no 145, street 12, sector G, Indore ASAP!",Resource Requests,train,True
"need baby supplies (formula, diapers, toys) 4 15 babies in Odisha cyclone hit areas pls donate!",Resource Requests,train,True
"URGENT: my mom's oxygen concentrator broke in the storm HELP us get a new one in Nanded, Maharashtra",Resource Requests,train,True
"@RedCross, pls send help 2 our village, near Narmada dam, where 20 ppl are stuck without power",Resource Requests,train,True
"we r looking 4 ppl w/ medical experience 2 help us with injured people in Kathmandu, Nepal pls DM!",Resource Requests,train,True
"NEED EMERGENCY WATER PURIFICATION TABLETS 4 @least 20 ppl in Jammu, Kashmir pls share with others!",Resource Requests,train,True
"PLEASE HELP, our elderly neighbor is running out of insulin in the floods in Bengal, Kolkata area pls donate!",Resource Requests,train,True
"anyone in Chennai with 4-wheel drive pls rescue my sister & her kid stuck on 100ft Rd in Adyar, Chennai",Resource Requests,train,True
"PLEASE HELP 20 PPL stranded in flood water at Pallikkal, Pathanamthitta need FOOD & WATER ASAP #KeralaFloods @NDRF @RedCross",Resource Requests,train,True
"group of 12 need MEDICAL SUPPLIES in Kottayam, needs antibiotics, bandages, & painkillers pls DM @DoctorsWithoutBorder",Resource Requests,train,True
"need SHELTER 4 5 families in Alappuzha, tents & mattresses pls @UNHCR @KeralaCM",Resource Requests,train,True
@NDRF can you pls send RESCUE TEAM 2 Vypeen 4 10 ppl trapped in flooded house #HurricaneHelp,Resource Requests,train,True
"just got word 20 ppl in Paliakkara, Thiruvananthapuram need POWER GENERATOR to keep oxygen running for kid w/asthma pls HELP @KeralaPWD",Resource Requests,train,True
"2 elderly ppl need RESCUE in Chavakkad, Kozhikode pls send HELP @IndianNavy #CycloneRelief",Resource Requests,train,True
"need FOOD SUPPLIES 4 50 ppl in Perumbavoor, need rice, dals, & oil pls @AkshayaPatra @KeralaFoodBank",Resource Requests,train,True
EMERGENCY SITUATION in Varkala 4 10 families need SHELTER & FOOD pls send HELP @CMOKerala @KeralaCM,Resource Requests,train,True
"pls RT 4 ppl stranded in Thrippunithura, need TRANSPORT 2 hospital pls @ThrippunithuraPolice #KeralaFloods",Resource Requests,train,True
"group of 5 need BABY SUPPLIES in Kolenchery, need diapers, formula, & baby food pls @Unicef @KeralaGovernment",Resource Requests,train,True
PLEASE HELP WE NEED FOOD WATER & MEDICINE IN KUTTANAD 100+ PEOPLE TRAPPED IN FLOODWATER #KeralaFloods @NDRF @RedCross,Resource Requests,train,True
"ERNAKULAM RESIDENTS NEED 2,000 BOTTLES OF WATER ASAP! pls send to 34/1259 BAZAR STREET #KeralaNeedsWater @KeralaWaterBoard",Resource Requests,train,True
GROUP OF 12 NEED OXYGEN TANKS FOR 50-yr-old PATEL MAN IN DABHOLI NEED OXYGEN 24/7 #MumbaiCyclone @IndianRedCross,Resource Requests,train,True
@IndianOxygen NEEDS HELP TRANSPORTING MEDICAL EQUIPMENT 2 TANA WATERSHED #TANAHELP @NDRF,Resource Requests,train,True
"URGENTLY NEED 1,000 BOTTLES OF ORANGE JUICE 4 150 KIDS IN SUTAR KANTA SCHOOL #FloodRelief #KeralaFloods",Resource Requests,train,True
@RedCross NEEDS VOLUNTEERS 2 DISINFECT WATER 4 500+ PEOPLE IN KUTTANAD #KeralaVolunteers,Resource Requests,train,True
PLEASE HELP TRANSPORT 40+ BABY FOOD ITEMS 2 10 NEWBORN BABIES IN THIRUVANANTHAPURAM #FloodBabySupply @SaveTheChildren,Resource Requests,train,True
"NEED 1,000 WIRELESS CHARGERS 4 500+ PHONES #KeralaNeedsPower @PowerGridIndia",Resource Requests,train,True
@NDRF HELP US RESCUE 12 PEOPLE TRAPPED IN BUILDING COLLAPSE AT 1234 WARD C STREET KUTTANAD #KeralaRescue @RedCross,Resource Requests,train,True
PLEASE HELP SEND 100 FANs 2 500+ PERSONS IN KUTTANAD NO POWER SINCE ELEVEN #KeralaNeedsFans @IndianGovernment,Resource Requests,train,True
PLEASE HELP WE NEED FOOD WATER ASAP 50 seniors stuck in old town neighborhood kerala floods #keralafloods @NDRF,Resource Requests,train,True
our house in east delhi is flooded please send rescue team to bldg 12 3rd floor kasturba marg we have 10 people trapped #hdfloods @DelhiPolice,Resource Requests,train,True
@RedCross help pls we have a group of 12 stranded in coastal road bandra need rescue & shelter #MumbaiRain #KolkataFloods,Resource Requests,train,True
URGENT NEED WATER & SUGAR FOR 20 SICK PEOPLE STUCK IN 2nd FLOOR FLAT 34 KOLKATA STREET EAST #KolkataFloods @CMOfficeWB,Resource Requests,train,True
plz send medical aid & first aid kits 2 old age home near st francis church in navi mumbai we have 30 residents with diabetes & hypertension #MumbaiRain @HealthMinistry,Resource Requests,train,True
@NDRF we r stuck in panchkula & need rescue team 2 bldg no 17 near sector 14 panchkula haryana 50 people r stranded #HaryanaFloods,Resource Requests,train,True
EMERGENCY CALL FOR GENARATER & POWER BACKUP 20 FAMILIES NEED POWER IN KOLKATA STREET NEW TOWN #KolkataFloods @PowerGridCorp,Resource Requests,train,True
group of 15 need baby food diapers & toys stuck in old town neighborhood mumbai please send donations #MumbaiRain @SaveTheChildren,Resource Requests,train,True
WE NEED RESCUE TEAM 2 STUCK IN BLDG 9 1st FLOOR JAGATPURA JODHPUR RAJASTHAN 25 PEOPLE R STUCK #JodhpurFloods @NDRF,Resource Requests,train,True
PLEASE SHARE OUR STORY 30 PEOPLE NEED TRANSPORTATION FROM DELHI TO MUMBAI THEY R STUCK IN OLD DELHI WE NEED AID pls help #UttarPradeshFloods @DelhiPolice,Resource Requests,train,True
KERALA NEEDS WATER ASAP! 100 ppl in Elamkulam waiting 4 water pls help @NDRF @redcrossindia #KeralaFloods,Resource Requests,train,True
Group of 12 need emergency shelter 2nite in Kozhikode plz DM us with options @NGODelhi @SREIEMC #NaturalDisasterHelp,Resource Requests,train,True
URGENT need 4 baby food n diaper pls help @UnicefIndia @UNICEFKerala #KeralFloodRelief,Resource Requests,train,True
@NDRF u got 2 send team 2 Edappal now pls help! 50 ppl stranded @redcrossindia #KeralaFloods,Resource Requests,train,True
Pls help ppl in Ernakulam w/ medical aid we need ambulances @IndianRedCross #KeralaRelief,Resource Requests,train,True
Kerala needs power back pls help @PowerGridCorp @KSEBltd #PowerRestoration,Resource Requests,train,True
Still 20 families in Chalakkudy without food pls help @SOSVillageIndia @WFPIndia #KeralaFloodsRelief,Resource Requests,train,True
We need 2 evacuate 5 ppl w/ chronic conditions 2 hospital in Thrissur pls DM us @redcrossindia @NDRF #Keralarescue,Resource Requests,train,True
@SREIEMC need roofin materials 4 10 families in Perumbavoor pls help @NGODelhi #KeralaReliefAid,Resource Requests,train,True
Ppl in Kunnamkulam still need drinking water pls contact @KeralaGov @redcrossindia #KeralaFloodRelief,Resource Requests,train,True
"PLEASE HELP! We r stranded on 3rd floor of shivaji nagar apartment building in chennai, no food, water for 20 ppl #TamilNaduFloods @IndianRedCross",Resource Requests,train,True
group of 12 need oxygen & IV fluids 4 5 kids suffering from asthma & allergic reactions in kerala #keralafloods @NDRF,Resource Requests,train,True
"@RedCross pls send medical team 2 savannah estate, hyderabad - 2 families r in need of emergency medical aid 2day #TelanganaFloods",Resource Requests,train,True
"need transport ASAP 2 reach family in flooded area of bangalore - 10 people stuck in a car in 6th block, koramangala #KarnatakaFloods",Resource Requests,train,True
"water & food plz! we r running out of bottles & non-perishable items @ 15th cross, malleswaram, bengaluru - 30 ppl #MangaluruFloods",Resource Requests,train,True
"@NDRF we r in dire need of shelter & blankets @victoria hospital, coimbatore, tamil nadu - 25 families #TamilNaduFloods",Resource Requests,train,True
"PLEASE HELP SANTA IS COMING TOMORROW!!! we r kids stuck @ school, no adult supervision @kerala, eranakulam #keralafloods",Resource Requests,train,True
need rescue team @chandigarh - 2 ppl stuck in a tree after cyclone hit #CycloneWarning @NDMAIndia,Resource Requests,train,True
"urgent need 4 baby supplies @lucknow - we r short of diapers, formula & baby food 4 20 babies #UttarPradeshFloods",Resource Requests,train,True
pls someone help! my grandma @88 yrs old is stuck @home @kolkata - no power for 3 days #CycloneAgni #WestBengalFloods,Resource Requests,train,True
PLEASE HELP! @RedCross @NDRF 100 people trapped in flooded apartment bldg on 14th St in downtown Miami! #HurricaneHelp #MiamiFloods,Resource Requests,train,True
"@NDRF pls send team 2 @ 345 Maple St in Queens NY ASAP! 5 people need oxygen tanks, 1 elderly lady needs wheelchair #NYCFloods # QueensFlood",Resource Requests,train,True
group of 12 need food & shelter @ 125 W 4th St in San Diego CA - please DM for details #CaliforniaFires #SanDiegoFlood,Resource Requests,train,True
its been 24 hours since I've seen my elderly mom in her nursing home in #HurricaneMaria hit Puerto Rico - HELP PLS @RedCross @FEMA,Resource Requests,train,True
"urgent: baby supplies needed @ 23rd St & 1st Ave in Brooklyn NY - formula, diapers, & pediatric medicine #NYCFloods #BrooklynFlood",Resource Requests,train,True
anyone near #HurricaneIda hit area in Louisiana pls send team 2 @ 1421 Oak St in New Orleans! we have 30 people & 2 elderly people with medical needs #LouisianaFloods,Resource Requests,train,True
@FEMA ppl in 300 apartments on Lake Shore Dr in Chicago IL need oxygen tanks & medical aid - pls send team ASAP #ChicagoFloods,Resource Requests,train,True
WE NEED FOOD ASAP @ 4561 Lincoln Blvd in Venice CA! 50 people are stranded & need non-perishable items #CaliforniaFloods #VeniceFlood,Resource Requests,train,True
anyone w/ power generator pls send 2 @ 123 Main St in Gatlinburg TN - 20 people r stranded without electricity #TennesseeFloods #GatlinburgFlood,Resource Requests,train,True
@NDRF HELP! 2 elderly people & 3 kids need medical aid @ 1010 Cedar St in Santa Cruz CA - pls DM for details #CaliforniaFloods #SantaCruzFlood,Resource Requests,train,True
"pls HELP we r stuck in KERALA FLOODS in KADAKOMBA village, need RESCUE TEAM @NDRF @RedCross #KeralaFloods",Resource Requests,train,True
"EMERGENCY: my neighbor 45 yr old diabetic woman need OXYGEN TANK in KATHMANDU EARTHQUAKE zone, pls help! @UNICEF #NepalQuake",Resource Requests,train,True
"its BEEN 3 DAYS our group of 12 need FOOD & WATER in PUERTO RICO, someone pls send HELP?! @FEMA #HurricaneMaria",Resource Requests,train,True
"URGENT we r 30 people with NO POWER in JAPAN TSUNAMI zone, need PORTABLE GENERATOR ASAP! @NISA #JapanTsunami",Resource Requests,train,True
"PLEASE HELP my 2 yr old son need PEDIATRIC MEDs in HAITI EARTHQUAKE zone, pls send DOCTORS! @UNICEF #HaitiQuake",Resource Requests,train,True
"we r 200 people STRANDED in THAILAND FLOODS in YALA PROVINCE, need WATER PUMP & FOOD! @ThaiGov #ThaiFloods",Resource Requests,train,True
"group of 7 need SHOWER FACILITIES in INDONESIA TSUNAMI zone, someone pls send HELP?! @NRF #IndonesiaTsunami",Resource Requests,train,True
"KURDISTAN REGION 50 people need MEDICAL AID, pls send DOCTORS & AMBULANCE @KurdishCrisis #IRaqCrisis",Resource Requests,train,True
"we r 20 elderly people w/ NO TRANSPORTATION in CALIFORNIA WILDFIRE zone, need BUSES pls! @CalFire #CaliforniaFires",Resource Requests,train,True
"KASHMIR FLOODS our 15 yr old daughter need BABY SUPPLIES & FOOD, pls HELP pls @JKPolice #KashmirFloods",Resource Requests,train,True
PLEASE HELP 20 fams in #HurricaneMaria hit New Port Richey need WATER ASAP @RedCross @NDRF @SFWMD,Resource Requests,train,True
group of 12 need FOOD 2 days supply in #FloodHit #Kerala - send to Kizhakkambalam,Resource Requests,train,True
HELP WANTED in #HurricaneDamage area of #PalmBay - need BABY SUPPLIES 2 bottles 2 diaper packs,Resource Requests,train,True
URGENT 4 #KeralaFloods victims in Chalakkudy need MEDICAL AID @NDRF @KeralaCMO,Resource Requests,train,True
send 1000 masks to #HurricaneHit #Hialeah its getting worse @RedCross @FEMA,Resource Requests,train,True
we need POWER in #FloodHit #Wayanad - send 10 generators to Mananthavadi ASAP,Resource Requests,train,True
in #KeralaFloods zone of Thrissur need SANITARY NAPKINS 500 packs pls @KeralaCMO @WHO,Resource Requests,train,True
can ppl in #HurricaneMaria affected areas send SHELTER MATERIALS like Tarpaulins @FEMA @NDRF,Resource Requests,train,True
anyone in #Kerala can send WATER PURIFICATION TABLETS 2 families in Kunnamkulam NEED it ASAP,Resource Requests,train,True
send 30 FIRST AID KITS to #HurricaneHit #Miami we have 100+ injuries @RedCross @FEMASouthEast,Resource Requests,train,True
"PLEASE HELP ppl in karachi's nazimabad neighborhood, 200 displaced, NEED water & medical aid @RedCross @SindhGovPK",Resource Requests,train,True
"group of 12 need rescue in #HurricaneHelp katy, tx area, pls contact @NDRF 4 immediate assistance",Resource Requests,train,True
"urgent need 4 food & shelter in #FloodVic #Townsville, 75 seniors need help pls contact 07 4773 5555 @RedCross",Resource Requests,train,True
"anyone in pittsburgh, PA got a 4wd vehicle 2 lend? need 2 reach stranded ppl @RedCross #HurricaneHelp",Resource Requests,train,True
"stuck in thrissur's ollur town, 1000 ppl waiting 4 food & water @NDRF pls hurry up we r starving keralasos",Resource Requests,train,True
"need baby supplies 4 infant with heart condition, mother stuck in #KeralaFloods kannur, pls donate @RedCross",Resource Requests,train,True
"ernakulam, 400 people NEED medical aid, pls contact ragesh r das 9846760130, 8921927337 verified keralafloods",Resource Requests,train,True
"@NDRF WE NEED POWER generators 2 reach ppl in #HurricaneHelp corpus christi area, pls reply ASAP",Resource Requests,train,True
"anyone in calicut, kerala got a boat 2 lend? ppl r dying & need urgent rescue @RedCross #KeralaFloods",Resource Requests,train,True
"group of 25 need shelter & food 4 4 days, pls help @RedCross 247 @NDRF keralasos keralafloodrelief",Resource Requests,train,True
URGENT: family of 5 trapped in basement on 123 main st. cant get out. need rescue ASAP #NashvilleFloods @NashvilleEMA,Resource Requests,train,True
"gr8 need of bottled water, non perishable food @RedCross #californiawildfires",Resource Requests,train,True
"GROUP OF 12 NEED SAFE SHELTER at 456 oak st, oakdale neighborhood. pls DM for info #HurricaneRelief @NDRF",Resource Requests,train,True
PLEASE HELP! 10 yr old girl w/ diabetes needs insulin supplies ASAP @AmericanDiabetes #LouisianaFloods,Resource Requests,train,True
"need generators 4 homes on 789 pine st, beaumont. people r stuck w/o power #PuertoRicoHelp @FEMA",Resource Requests,train,True
2 babies in need of formula & diapers @WorldVision #TyphoonYutu,Resource Requests,train,True
"URGENT: water purifiers desperately needed at 234 maple st, ravenswood. many r sick #SydneyFloods @NSWHealth",Resource Requests,train,True
PLEASE HELP elderly lady stuck in wheelchair on 12th street. need medical aid NOW #HoustonFloods @HoustonEMD,Resource Requests,train,True
"GROUP OF FAMILIES (15 ppl) NEED TRANSPORT 2 SAFETY at 567 maple st, willowbrook. need drivers ASAP #FloridaHurricane @FDOT",Resource Requests,train,True
"need baby carriers, formula & diapers 4 new mom at 890 oak st, oakwood neighborhood. pls DM @UNICEF #SudanFloods",Resource Requests,train,True
please send food water & shelter 2k ppl trapped in mumbai's bandra neighborhood #MumbaiFloods @NDRF,Resource Requests,train,True
urgent need rescue at 123 main st 5 ppl stuck in attic #HurricaneHaven @RedCross,Resource Requests,train,True
plz donate baby supplies diapers formula & toys 4 families affected in orissa #OdishaCyclone,Resource Requests,train,True
anyone in bangalore can provide shelter & food 4 30 ppl stranded in sarjapur #BangaloreRain @CMOfKarnataka,Resource Requests,train,True
its 8:10pm & ppl r still stranded in delhi's anand nagar pls send rescue team #DelhiFloods,Resource Requests,train,True
any help 4 water purification tablets & generators in kerala's wayanad pls DM me #KeralaFloods @RedCross,Resource Requests,train,True
need transport 2 get 80 ppl 2 safer areas in srinagar pls donate cars or buses #KashmirFloods @NDRF,Resource Requests,train,True
we r coordinating emergency response pls send funds 2 @KeralaRelief 4 food shelter & aid #KeralaFloodsRelief,Resource Requests,train,True
urgent request 4 doctors & nurses 2 help 50 ppl w/ critical injuries in andhra pradesh #APCyclone @RedCrossInd,Resource Requests,train,True
"PLEASE HELP us @NDRF @RedCross in Bhubaneswar, Odisha, 20 people stranded, need food & water ASAP #OdishaFloods #DisasterRelief",Resource Requests,train,True
"Group of 12 need transport 2 nearby hospital in Nagpur, 4 kids & 2 elders, pls help @NDRF @AIIMSNagpur #MaharashtraFloods #Transport",Resource Requests,train,True
"URGENT: need medical aid @RedCross @WHO in Srinagar, 10 people injured, 2 critical #KashmirFloods #MedicalAid",Resource Requests,train,True
"Need rescue team ASAP @NDRF @IndianCoastGuard in Visakhapatnam, 30 people trapped #AndhraFloods #Rescue",Resource Requests,train,True
"PLEASE DM @NDRF @RedCross for baby supplies in Mumbai, 50 babies need diapers & formula #MumbaiFloods #BabySupplies",Resource Requests,train,True
"Group of 30 ppl need shelter @NDRF @MahaGov in Nashik, 15 elderly ppl & 15 kids #MaharashtraFloods #Shelter",Resource Requests,train,True
"PLEASE HELP us @WHO @RedCross in Kerala, 150 people stranded, need food & water ASAP #KeralaFloods #DisasterRelief",Resource Requests,train,True
"Need power backup @NDRF @BSES in Delhi, 50 households without electricity #DelhiFloods #PowerBackup",Resource Requests,train,True
"Group of 8 ppl need rescue from Chandigarh, 3 kids & 2 elders, pls help @NDRF @IndianArmy #HaryanaFloods #Rescue",Resource Requests,train,True
"PLEASE DM @NDRF @RedCross for medical aid in Guwahati, 20 people injured, 2 critical #AssamFloods #MedicalAid",Resource Requests,train,True
"PLEASE HELP! 10 families trapped in Kuttanad, Kerala need emergency food & water ASAP - pls DM NDRF!",Resource Requests,train,True
"just saw ppl struggling 2 find shelter in #HurricaneHarvey hit areas of Harris Cty, TX. need tarps & building materials 4 our community now!",Resource Requests,train,True
"@RedCross pls provide 4 group of 12 ppl stranded in Alleppey, need basic medical aid & shelter, its 90 degrees outside",Resource Requests,train,True
we r in desperate need of electricity! our street in New Orleans is still without power after #HurricaneMaria - pls help us get generators,Resource Requests,train,True
"GROUP ASK: we r 10 families in #FloodedHouston, need a rescue contact, plz RT!",Resource Requests,train,True
"baby needs! we r in need of diapers, formula & baby food in #KeralaFloods affected areas of Thiruvananthapuram, pls share",Resource Requests,train,True
"HELP WANTED @NDRF, need ur assistance in finding shelter 4 25 ppl in a flood-hit neighborhood of Chengannur, Kerala",Resource Requests,train,True
"if u have any solar panels or generators, pls DM, @RedCross & @NDRF r overwhelmed w/ requests 4 power in #HurricaneHarvey zone!",Resource Requests,train,True
"URGENT - need a way 2 transport 2 critically injured ppl 2 hospital in #KeralaFloods ravaged areas of Pathanamthitta, plz help!",Resource Requests,train,True
"just got word that 75 elderly ppl r stuck w/out meds in a senior complex in #HurricaneMaria hit Miami, pls send medical supplies ASAP!",Resource Requests,train,True
"PLEA 4 HELP @RedCross @NDRF we r stuck in Kollam Kerala, need rescue teams ASAP! 20 people trappd.",Resource Requests,train,True
"need HELP @FEMA @USArmy 2 transport 12 ppl from Kalamassery 2 hospital, they r injured #KeralaFloods",Resource Requests,train,True
"group of 12 need shelter, food & water plz @NDRF @KeralaPolice in Palarivattom, pls DM us ASAP",Resource Requests,train,True
HURRICANE HELP NEEDED @RedCross we r running out of power in Kanyakumari! pls send generators ASAP.,Resource Requests,train,True
"PLEASE HELP @FEMA we are a family of 5 stuck in Cochin, need medical aid 4 my 8yr old son with asthma",Resource Requests,train,True
"we are in ERNAKULAM, kerala & we need sanitary pads, clothes & soap, pls help. call us @ 9999876543 #KeralaFloods",Resource Requests,train,True
"PLEASE HELP PALS @USArmy we r in Changanacherry, need rescue boats 2 reach trapped ppl in the river.",Resource Requests,train,True
"NEED TRANSPORT @FEMA 4 15 ppl stuck in Thiruvananthapuram, pls send buses ASAP #KeralaFloods",Resource Requests,train,True
"we r in KADUNA, need power generators & water, plz help ASAP @NigeriaRedCross @FEMA",Resource Requests,train,True
"Kerala Gov need 2 help @NDRF, pls send baby supplies, food, water & shelter 4 ppl in Pathanamthitta",Resource Requests,train,True
"@RedCross pls help 30 ppl stranded in flooded areas of Chennai- Adyar, Egmore, Teynampet, need transport 2 hospital #ChennaiFloods",Resource Requests,train,True
"URGENT! NEED OXYGEN & MEDICAL SUPPLIES 4 20 ppl in Thane, Maharashtra, who r in critical condition #MumbaiFloods #ThaneFloods",Resource Requests,train,True
"group of 12 need shelter & food @NDRF please assist ASAP at Govindgarh, Jhansi, UP #FloodRelief #UttarPradesh",Resource Requests,train,True
"PLEASE HELP we r running out of water in our neighborhood of Karol Bagh, Delhi 20 families need urgent help #DelhiFloods",Resource Requests,train,True
my friend's family of 5 stuck in their 2nd floor apt in flooded streets of Mumbai's Andheri East pls help @ BMC #MumbaiFloods,Resource Requests,train,True
"Kerala Floods: 3 villages in Idukki Dist need rescue teams & medical aid, please DM me for coordinates #KeralaFloodsRelief",Resource Requests,train,True
"pls donate baby supplies diapers, formula, & toys 4 50 infants at a relief camp in Pathankot, Punjab #PunjabFloods #BabyRelief",Resource Requests,train,True
"Chennai Floods: 20 elderly people in Saidapet, Chennai need medical aid & shelter pls help ASAP #ChennaiFloodRelief",Resource Requests,train,True
"need power generators 4 40 households in flood affected areas of Varanasi, UP pls DM me 4 contact info #UttarPradeshFloods",Resource Requests,train,True
"we r a team of 10 volunteers in Ernakulam, Kerala, need 2 wheelchaiir transport 4 elderly ppl pls help @ Red Cross #KeralaFloods #DisabilityAwareness",Resource Requests,train,True
PLEASE HELP! group of 12 stranded in delhi slum of shadipur need drinking water & medical aid ASAP #DelhiFloods @RedCross,Resource Requests,train,True
NEED POWER! our entire street rani bagh in delhi is still without electricity for 2 days pls help #PowerOutage @NDRF,Resource Requests,train,True
its 2 weeks since houston got flooded our family of 5 is still shelter less pls help us find a place to stay #HoustonFloods @RedCross,Resource Requests,train,True
NEED HELP! baby food & diapers for 50+ children in flood hit orissa pls share your resources @Oxfam @UNICEF,Resource Requests,train,True
can anyone pls bring medical aid 2 our town of nalgonda in telangana ASAP we have 20+ patients in urgent need of help,Resource Requests,train,True
NEED RESCUE! my father is stuck in the rubble of his house in nepal earthquake we need help 2 locate him ASAP #NepalEarthquake @NDRF,Resource Requests,train,True
can someone pls help deliver food & water 2 our shelter at madrasa road in mumbai? 50+ ppl r waiting #MumbaiFloods @UNICEF,Resource Requests,train,True
URGENT! group of 20 ppl stuck in delhi slum of kucha mahajani need shelter & food plz share any resources you have,Resource Requests,train,True
NEED TRANSPORT! our family of 4 got stuck in flooded streets of goa pls help us get back home #GoaFloods @NDRF,Resource Requests,train,True
NEED URGENT HELP! grandma with dialysis needs emergency power backup in our flat at sector 7 in dwarka delhi pls help @NDRF @RedCross,Resource Requests,train,True
"WE NEED WATER ASAP! 50 ppl stuck in Karol Bagh, Delhi, with kids & elderly. Plz donate @RedCross #DelhiFloods #wateraid",Resource Requests,train,True
"Help! group of 12 need food & shelter 4 nxt 48hrs in #KeralaFloods affected area, Idukki dist, near Munnar. @NDRF pls assist",Resource Requests,train,True
"PLEASE HELP! woman gave birth in flooded home in #HoustonFloods. Baby & mom need medical aid NOW! 1432 Oak Dr, need ambul @RedCross #MedAidHouston",Resource Requests,train,True
"Need rescue team 4 17yo boy stuck in floodwaters in #BangladeshFloods, village of Rampal, by the Sundarbans. @Navy @BGB @UNICEF #RescueBangladesh",Resource Requests,train,True
"Group of 70 elderly ppl stranded in #TokyoFloods, neighborhood of Shibuya, near Shibuya 109. Need food, water & shelter ASAP. @JapanGov #TokyoFloods",Resource Requests,train,True
"URGENT! 35 families in #SydneyFloods, suburbs of Northern Beaches, need transport to safety. Plz donate @NSWSES #SydneyFloods",Resource Requests,train,True
"Need medical supplies 4 flood-hit hospital in #PakistanFloods, city of Sukkur. Doctors need antibiotics & wound care. @UNICEF @WHO #PakistanFloods",Resource Requests,train,True
"PLEASE DONATE! couple with 2yo child stuck in #FijiFloods, near Suva, need shelter & food 4 nxt 30 days. @RedCross @UNICEF #FijiFloods",Resource Requests,train,True
"Need baby supplies 4 20 newborns in #MozambiqueFloods, hospital in Beira. Diapers, formula & baby food needed ASAP. @UNICEF @WHO #MozambiqueFloods",Resource Requests,train,True
"URGENT! group of 25 ppl trapped in #IndiaFloods, village of Srinagar, by Jhelum River. Need rescue team & medical aid NOW! @NDRF @Army #IndiaFloods",Resource Requests,train,True
PLEASE HELP 12 ppl stranded at chembra hills wayanad need rescue ASAP contact nandu 9744411111 keralafloods,Resource Requests,train,True
group of 12 need food & water @KeralaFoodBank pls send supplies to edathwa helipad keralafloods,Resource Requests,train,True
URGENT need oxygen for 5yr old at munnar need transport to medical mission hospital thiruvalla contact anu 9895333333 keralafloods,Resource Requests,train,True
just got word that entire family @punalur lost power need generators ASAP contact @NDRF nadrhelpline #keralafloods,Resource Requests,train,True
PLEASE SHARE we have group of 10 ppl stuck in trivandrum need transport to chennai contact jay 9876543210 #keralafloods,Resource Requests,train,True
need medical aid 4yr old child needs insulin at edathwa need doctor ASAP contact @redcross #keralafloods,Resource Requests,train,True
plz DM us @NDRF ppl stuck at kovalam need life jackets contact nisha 9444444444 #keralafloods,Resource Requests,train,True
just got info that entire village @vadakara needs shelter please send tents ASAP contact @KeralaSocialWelfare #keralafloods,Resource Requests,train,True
baby supplies ppl at trivandrum pls send diapers baby food ASAP contact @RedCross 9444444444 #keralafloods,Resource Requests,train,True
anyone in trivandrum @NDRF pls send 2 generators ASAP to edathwa contact jeeva 9899999999 #keralafloods,Resource Requests,train,True
URGENT NEED HELP 10 FAMILIES @KeralaFloods @RedCross water bottles pls #KeralaFloodRelief,Resource Requests,train,True
group of 12 need food supplies delivered ASAP @NDRF #HurricaneAid,Resource Requests,train,True
PLEASE HELP 300 ppl in Chembra colony need medical aid ASAP @WHO #MalaysiaFlood,Resource Requests,train,True
looking 4 transport 2 get 50 seniors 2 safety in Ernakulam pls @AmbulanceService #FloodRescue,Resource Requests,train,True
URGENT need volunteers @RedCross 2 help w/ rescue operations @NDRF #RescueOps,Resource Requests,train,True
its been 72 hrs & still no power in our area @PESCLtd #PowerOutage,Resource Requests,train,True
need diaper supplies 4 50 babies in #NepalQuake relief camps @UNICEF #BabyRelief,Resource Requests,train,True
pls send team 2 help us rescue 15 ppl trapped in #HoustonFlood basement @SARteam #RescueTeam,Resource Requests,train,True
we r short on baby formula & pediatric med @NDRF pls help ASAP #BabyNeedsHelp,Resource Requests,train,True
send 2 help us provide shelter 4 150 homeless families in #SydneyFlood @UNHCR #ShelterRelief,Resource Requests,train,True
PLEASE HELP WE NEED MEDICAL SUPPLIES 4 50 PPL IN EAST LAGOS LAGOSSTATE NIGERIA ASAP #LagosFloods @RedCross,Resource Requests,train,True
GROUP OF 12 NEED EMERGENCY SHELTER AT 145 BAY STREET NEW ORLEANS LOUISIANA PLEASE DM US @NDRF,Resource Requests,train,True
WE R IN NEED OF BABY SUPPLIES ESPECIALLY FORMULA & NAPPIES @ 2345 MAIN ST BROOKLYN NY PLS HELP #HurricaneHelp,Resource Requests,train,True
URGENT NEED 4 20 LTR WATER CAN 1200 LITRES OF WATER PLZ ARRANGE @ 456 JALAN SUNGEI ROAD SINGAPORE #SingaporeFloods,Resource Requests,train,True
KIND STRANGERS PLS HELP ME GET MEDICAL AID 4 MY MOTHER 60 YRS OLD WITH DIABETES @ 78 BROADWAY MANHATTAN NY,Resource Requests,train,True
PLEASE SHARE WE NEED TRANSPORTATION 2 RESCUE 10 CHILDREN @ 123 PINE STREET SAN FRANCISCO CA #CaliforniaWildfires,Resource Requests,train,True
WE NEED POWER GENERATORS ASAP @ 3456 LAKE DRIVE ATLANTA GEORGIA PLS HELP #HurricaneHelp,Resource Requests,train,True
PLEASE CONTACT US WE NEED FOOD SUPPLIES 4 50 PPL IN EAST WINDSOR CT @ 6789 MAIN STREET,Resource Requests,train,True
WE R A TEAM OF VOLUNTEERS NEEDING SHELTER @ 9012 MARKET STREET LOS ANGELES CA PLZ HELP US,Resource Requests,train,True
PLEASE DONT FORGET US WE R 15 DAYS WITHOUT POWER @ 3456 OCEAN DRIVE MIAMI FLORIDA PLS RESTORE POWER,Resource Requests,train,True
PLEASE HELP @RedCross get to 45 people trapped in my apt building on 14th st. NEED WATER & FOOD ASAP! #HurricaneHelp,Resource Requests,train,True
group of 12 need medical aid on el camino real in monterey urgent need for doctor & nurses pls #CaliforniaFires,Resource Requests,train,True
@NDMA WE NEED POWER on our entire neighborhood in delhi urgent pls send teams 400 families without electricity #PowerOutage,Resource Requests,train,True
WE FOUND 10 FAMILIES w/ no shelter in miami's wynwood neighborhood pls send tents & blankets ASAP #HurricaneRelief,Resource Requests,train,True
HELP US @RedCross pls we're stuck in our car on highway 101 in san francisco with 8 people incl 3 kids #CaliforniaFloods,Resource Requests,train,True
NEED RESCUE @CoastGuard WE R ON THE 5TH FLOOR OF OUR HIGHRISE BUILDING IN NEW ORLEANS pls send a boat #HurricaneMaria,Resource Requests,train,True
@Oxfam WE HAVE 50 PEOPLE IN SHANTYTOWN IN GOA WHO NEED FOOD & WATER pls send supplies ASAP incl baby milk & diapers #KeralaFloods,Resource Requests,train,True
EMERGENCY CALL @NDRF WE HAVE 200 PEOPLE IN OUR VILLAGE IN UTTAR PRADESH WHO NEED MEDICAL HELP pls send ambulances #UttarPraadeshFlood,Resource Requests,train,True
WE R ORGANIZING A RELIEF EFFORT ON MAIN ST IN CHICAGO WE NEED DONATIONS OF CLOTHING & TOYS FOR 500 REFUGEES pls #ChicagoTornado,Resource Requests,train,True
CALLING OUT TO @UNICEF pls we need 100 portacribs & 2000 diapers for babies in our evacuation center in los feliz #CaliforniaWildfires,Resource Requests,train,True
"PLEASE HELP!! 12 ppl stranded in Kalamassery, Ernakulam, Kerala, need medical aid ASAP! #KeralaFloods @RedCross @NDRF",Resource Requests,train,True
"group of 12 need food, water & baby supplies in Trivandrum, Kerala. pls DM us for location. kids ages 2 & 4, one with medical condition. #keralafloods",Resource Requests,train,True
"@NDMA we r in urgent need of generator in Kottayam, Kerala. 50 families r affected by power cut. pls send help! #KeralaFloods",Resource Requests,train,True
"KOTTAYAM, KERALA: 50 ppl stuck on highway due to landslide. need transport 2 safety zone ASAP. pls send help! @NDRF @RedCross",Resource Requests,train,True
"we need URGENT help in Pathanamthitta, Kerala. 7 families r staying together, lost homes & livelihoods. pls send medical aid & food. #keralafloods",Resource Requests,train,True
KARNATAKA: our neighborhood in Kolar needs water supply ASAP! we r out of stock. pls help! #KarnatakaFloods,Resource Requests,train,True
"@IndianGovt we r in dire need of shelter in Wayanad, Kerala. 25 families r homeless after landslide. pls send help! #keralafloods",Resource Requests,train,True
PLEASE HELP ME GET TO MY CHILD! mom & 3yr old stuck in waterlogged area in Chennai. need rescue 2 safety zone ASAP. #ChennaiFloods,Resource Requests,train,True
"Kerala in desperate need of shelter materials in Kannur. pls send tarps, blankets & food to affected areas. #keralafloods",Resource Requests,train,True
EMERGENCY ALERT! 10 ppl stuck in floodwaters in Coimbatore. need rescue 2 safety zone ASAP! pls send help! #TamilNaduFloods,Resource Requests,train,True
PLEASE any1 w/ a drone in #HurricaneMaria zone pls help locate my missing grandma in Bayamón Puerto Rico,Resource Requests,train,True
"@RedCross need bottled water & nonperishable food for 15 seniors in #FloridaKeys, pls DM us",Resource Requests,train,True
"Group of 12 need rescue in #UtahFloods, pls RT & @NDFM help us ASAP, we r at 300 W 100 N in Logan",Resource Requests,train,True
"EMERGENCY HELP NEEDED 4 baby formula & diapers in #HoustonFloods, my 6 wk old son is low on supplies pls",Resource Requests,train,True
"@FEMA pls send medical aid 2 #CaliforniaWildfires, lots of burn victims in need of oxygen tanks & meds",Resource Requests,train,True
"NEED SHELTER ASAP in #NorthCarolinaHurricane zone, 20 of us are stuck in trailer 12345 @RedCross",Resource Requests,train,True
"@NDRF pls assist w/ power generator 4 my grandma's oxygen machine in #KeralaFloods, it's at 12/24 ABC Street",Resource Requests,train,True
"PLZ HELP w/ transport, can anyone w/ 4x4 pickup in #ColoradoFloods give a ride 2 stranded seniors in Georgetown",Resource Requests,train,True
@DisasterRelief need pls help us collect donations 4 the 50 people affected in #CaliforniaEarthquake,Resource Requests,train,True
"@USNavy pls send medical aid 2 #PuertoRicoHurricane, lots of ppl in need of antibiotics & IV fluid @RedCross",Resource Requests,train,True
"PLEASE HELP we r stuck in Kaloor, Ernakulam with 4 kids, no food, water #KeralaFloods @NDRF @RedCross",Resource Requests,train,True
"group of 12 need 2 wheelchairs & oxygen cyls ASAP in Pallikaranai, Chennai #ChennaiFloods @CMOMAH @TamilNaduPolice",Resource Requests,train,True
"just moved 20 elderly ppl 2 a shelter in Mumbai, need blankets, mattresses & medicine #MumbaiFloods @MumbaiPolice @BJP Maharashtra",Resource Requests,train,True
"any1 in Coimbatore hve extra food, water pls let us know we r in urgent need #TamilNaduFloods @NDRF @TamilNaduPolice",Resource Requests,train,True
"its been 3 days since flood hit, our house in Alappuzha need roof repair we r 8 ppl #KeralaFloods @NDRF @KeralaGovernor",Resource Requests,train,True
"pls consider sending medical aid in Odisha, we r running out of meds, esp 4 diabetic ppl #OdishaFloods @NDRF @OdishaGovIn",Resource Requests,train,True
"need help 4 rescue in flood-hit areas of Guwahati, Assam, have 4 families trapped #AssamFloods @NDRF @AssamGovtIn",Resource Requests,train,True
"anyone in Thrissur hve extra diapers pls deliver to us ASAP, we r out of stock #KeralaFloods @RedCross @NDRF",Resource Requests,train,True
"URGENT NEED 4 generators & power banks 2 keep hospital running in Kerala, contact us ASAP #KeralaFloods @NDRF @HealthMinistry",Resource Requests,train,True
"just moved 30 ppl 2 a shelter in Bengaluru, need more food, water, medicine & shelter #BengaluruFloods @KarnatakaGovIn @NDRF",Resource Requests,train,True
URGENT NEED 4 WATER IN KERALA FLOODS! 20 PPL NEED IT 4 SURVIVAL @NDRF @RedCross #KeralaFloods,Resource Requests,train,True
PLEASE HELP @RedCross PROVIDE BASIC MEDICAL AID 2 8 YR OLD GIRL INJURED @ 1551 OAK ST IN TEXAS #DisasterRelief,Resource Requests,train,True
"NEEDED: RESCUE TEAM @ 123 MAIN ST IN HAITI, 10 PPL TRAPPED UNDER DEBRIS #HaitiEarthquake",Resource Requests,train,True
"CARE PACKAGE URGENTLY NEEDED @ 101 MAPLE ST IN OKLAHOMA, 30 SENIOR CITIZENS NEED FOOD & MEDS #TornadoRelief",Resource Requests,train,True
CALL TO ACTION: DELIVER 20 BOTTLES OF O2 2 10 YEAR OLD BOY WITH CYSTIC FIBROSIS @ 456 SPRUCE ST IN CALIFORNIA #DisasterResponse,Resource Requests,train,True
PLEASE SHARE THIS: FAMILY OF 5 NEED TRANSPORT 2 SAFER GROUND @ 789 WILLOW RD IN FLORIDA #HurricaneSeason,Resource Requests,train,True
PLEASE HELP US GET THIS MESSAGE OUT 2 LOCAL RESCUE TEAMS WE NEED EMERGENCY SHELTER & FOOD @ 111 ELM ST IN GEORGIA #TornadoSOS,Resource Requests,train,True
GROUP OF 20 PREGNANT WOMEN NEED MEDICAL CARE & BABY SUPPLIES @ 222 PINE ST IN NORTH CAROLINA #PregnancyInCrisis,Resource Requests,train,True
"NEEDED: GENERATOR TO POWER MEDICAL FACILITY @ 333 OAKWOOD ST IN LOUISIANA, 100 PATIENTS IN NEED #HurricaneHelp",Resource Requests,train,True
"PLEASE HELP we r stuck in 32nd st, mumbai, after 20hr power outage, 12 families need gensets ASAP keralafloods #MumbaiPowerOutage",Resource Requests,train,True
"@RedCross pls send 2day water & food 4 50 people in Kalpetta, Kerala. We r running out of basic necessities keralafloods #KeralaFloodRelief",Resource Requests,train,True
"Group of 12 need rescue frm flooded areas of Alleppey, Kerala. We r stuck in the middle of the floodwaters, pls help keralafloods @NDRF",Resource Requests,train,True
"need medical aid 2day in Chennai, Tamil Nadu. My brother needs oxygen & medicine 2 survive his asthma attack #ChennaiFloods @TamilNaduCM",Resource Requests,train,True
"WE R OK but 20 kids in orphanage r NOT. Send baby food & diapers ASAP 2 Chinchwade, Maharashtra #MumbaiFloods",Resource Requests,train,True
@RedCross help pls! 30 people in my street r stuck after cyclone hit Odisha. We need roof repair materials ASAP #OdishaCyclone,Resource Requests,train,True
"urgent! pls send gensets to 100 families in Bhubaneswar, Odisha. We r facing extreme darkness & cold #OdishaFloods @ChiefSecyOdisha",Resource Requests,train,True
"need rescue frm the rooftop of 123 St George Rd, Mumbai. 5 families r stuck & need immediate help #MumbaiFloods @MumbaiPolice",Resource Requests,train,True
"WE R RUNNING OUT OF FOOD & WATER. Send emergency rations 2 200 people in Papanasam, Tamil Nadu #TamilNaduFloods",Resource Requests,train,True
"@NDRF pls send rescue team 2 our location, 45 families r trapped in flooded areas of Kozhikode #KeralaFloods",Resource Requests,train,True
"PLEASE HELP we r 12 ppl stranded in Kalpetta, Kerala after flood waters rised. Need rescue NOW #KeralaFloods @NDRF @RedCross",Resource Requests,train,True
"NEED BABY SUPPLIES ASAP! We r a group of 4 families in Mumbai with 8 babies & toddlers, out of formula & diapers #MumbaiWeatherAlert",Resource Requests,train,True
@RedCross WE NEED MEDICAL AID! 5 people in our neighborhood in Houston have severe injuries from the hurricane. Plz send help ASAP #HurricaneHelp,Resource Requests,train,True
"GROUP OF 4 NEED FOOD, WATER & SHELTER ASAP! We r 4 families in Chennai with 12 people, including 2 elderly & 1 infant #ChennaiFloods @NGO",Resource Requests,train,True
"URGENT NEED OF POWER GENERATORS! We r a local school in Kathmandu with 500 students & staff, no electricity since earthquake #NepalEarthquake",Resource Requests,train,True
"NEED TRANSPORT 4 10 PEOPLE IN SRI LANKA! Floodwaters are rising, pls send boats 2 help us #SriLankaFloods @Navy",Resource Requests,train,True
"WE R AT KERALEEYE HOSPITAL IN ALUVA, NEED BLOOD DONORS ASAP! We have 20 patients in critical condition due 2 floods #KeralaFloods @NDRF",Resource Requests,train,True
"WHO CAN HELP US WITH SHOWERING FACILITIES? We r 50 ppl in a local shelter in Bangladesh with 10 children, no access 2 clean water #BangladeshFloods @WFP",Resource Requests,train,True
"WHO CAN HELP US WITH MOBILITY AIDS? My grandma needs wheelchair & oxygen in Kerala, but no access due 2 floods #KeralaFloods @RedCross",Resource Requests,train,True
"HELP NEEDED @NDRF pls assist group of 12 stuck in delhi water logged colonies, kids 8 & 6 both feverish #DelhiFloods",Resource Requests,train,True
"URGENT @RedCross need medical aid @streetlight hospital in pattaya, doctor on site for 10 critical patients, pls send ASAP #PattayaFloods",Resource Requests,train,True
"PLEASE SHARE @keralafoodbank we need 500 units of clean blood in ernakulam, pls donate NOW #KeralaFloods",Resource Requests,train,True
"CAMP KRIPAL, SALT LAKE, NEED POWER GENERATOR ASAP, 20 kids w/ critical medical conditions, pls help #BengalFloods",Resource Requests,train,True
"IF ANYONE HAS GENERATORS, PLEASE DM @btsarmy WE NEED THEM @golden gate hawaii, 12 families lost power, pls help #HawaiiFloods",Resource Requests,train,True
"PLEA FOR CLOTHES @thiruvananthapuram kids here r in need of warm clothing, pls donate at kerala relief center #KeralFloods",Resource Requests,train,True
"EMERGENCY CALLING ALL GOOD SAMARITANS IN MUMBAI, NEED 100 LITRES WATER @malad west, pls send now #MumbaiFloods",Resource Requests,train,True
"@keralarescue pls coordinate 4 a transport service from trivandrum to ernakulam, 20 people in need #KeralaFloods",Resource Requests,train,True
"URGENT @society4help pls send us baby supplies @calicut medical college, 5 critical births expected tonight #KeralFloods",Resource Requests,train,True
"GROUP OF 30 NEED SHELTER AT HYDERABAD, SIRISEELA, pls arrange NOW, kids 2 & 4 w/ medical conditions #TelanganaFloods",Resource Requests,train,True
"PLEASE HELP! 20 stranded in pandanadu, water & food scarce for 36hrs, near health centre on pandanadu terrace #keralaFloods @RedCross @NDRF",Resource Requests,train,True
"group of 12 need oxygen & medicine, ages 5-65, severe respiratory issues, near chalakudy bridge, pls send ASAP #disasterrelief #keralaFloods @ERNAKULAMDO",Resource Requests,train,True
"KOTTAYAM: 50 ppl stranded, 10 critically ill, need immediate ambulance service to kottayam general hospital, pls contact @NDRF #keralaFloods",Resource Requests,train,True
"plz retweet & share contact 9847373747 for ppl stranded in ernakulam, needing shelter & food, pls send assistance ASAP #keralafloodrelief",Resource Requests,train,True
"urgent: 3 families in kochi require baby essentials, diapers, formula, milk powder, pls donate to @cmdrf or @redcross #keralaFloods",Resource Requests,train,True
"we need u @RedCross send emergency food & water to puthukkudy village, 1.5 km from kannur bus stand, ASAP pls #keralafloods",Resource Requests,train,True
"urgent rescue req in malappuram: 10 ppl trapped on top of 10-storey building on 11/6, near kannur bus stand, pls send help ASAP #keralaFloods",Resource Requests,train,True
"PLEASE HELP 100+ ppl in kannur stranded in a flooded church, no food, water, medical aid, pls send assistance ASAP #keralaFloods",Resource Requests,train,True
"plz donate for kerala relief efforts, its critical we receive funds ASAP to rebuild & restore, use link below or @paypal #KeralaFloods",Resource Requests,train,True
"group of 15 ppl, ages 10-60, need immediate medical aid & shelter, pls contact 8086889898 for help near thiruvalla #keralafloodrelief",Resource Requests,train,True
URGENT NEED IN KATHMANDU please send more medical supplies our hospital is at capacity with wounded ppl #NepalEarthquake @RedCross @NDRF,Resource Requests,train,True
"PLZ HELP! 12 family members trapped in basement of 15th street, Sector 12, Noida - need rescue team ASAP! #UttarPradeshFloods @NDMA",Resource Requests,train,True
PLEASE HELP! our shelter for elderly & kids in Thane is running out of food & water - please donate ASAP! 250 ppl depend on us #MumbaiRains @ReliefHub,Resource Requests,train,True
GROUP OF 12 NEED HELP - our bus got stuck in waist deep water in Kozhikode - need a tractor to pull us out! #KeralaFloods @KSRTC,Resource Requests,train,True
NEED BABY SUPPLIES - 20 newborns in shelter in Odisha need diapers & formula - pls donate ASAP! #CycloneFani @UNICEF,Resource Requests,train,True
CALLING ALL DRIVERS - we need transport to rescue 50 ppl stranded in Guwahati - please come help! #AssamFloods @NHAI,Resource Requests,train,True
URGENT MEDICAL AID NEEDED - 20 ppl in Delhi shelter have severe injuries - need 1st aid kits & ambulance ASAP! #DelhiFloods @AIIMS,Resource Requests,train,True
NEED POWER SUPPLIES - 15 houses in Chandigarh lost power in storm - need generators ASAP! #HimachalFloods @PSEB,Resource Requests,train,True
PLEASE PROVIDE SHELTER - 30 ppl in Chennai are living under a tree - need tents & bedding ASAP! #TamilNaduFloods @ChennaiCollector,Resource Requests,train,True
WE NEED A DOCTOR - our camp in Srinagar has 20 ppl with serious medical conditions - need a doctor ASAP! #JammuKashmirFloods @AIIMS,Resource Requests,train,True
"NEED HELP ASAP! 12 ppl stranded in Kerala, India, no food or water in Kozhikode, need emergency supplies! #KeralaFloods @NDRF",Resource Requests,train,True
"URGENT WE NEED MEDICAL SUPPLIES, DOCTORS & NURSES 2 HELP 20 PEOPLE INJURED IN OKLAHOMA TORNADO @AmericanRedCross @OKC_EMD",Resource Requests,train,True
"PLEASE HELP GROUP OF 12 NEED FOOD, WATER, & SHELTER IN NEW ORLEANS, LA, AFTER HURRICANE LARRY @FEMA @RedCrossNOLA",Resource Requests,train,True
"NEBBIAVALLE, ITALY NEEDS WATER & SANITATION SUPPLIES FOR 10 FAMILIES, 30 CHILDREN UNDER 5 YEARS OLD #ItalyFloods @CroceRossa @NDRF",Resource Requests,train,True
"CALLING ALL DRIVERS NEED 4X4 VEHICLES 2 RESCUE 50 PEOPLE STRANDED IN WILKINSON CO, IOWA AFTER TORNADO @IAEmergencyMgmt @RedCross",Resource Requests,train,True
"HARVEY, TX - 25 PPL NEED BABY SUPPLIES, DIAPERS & FORMULA @RedCross @HarrisCountyEM",Resource Requests,train,True
"PLEASE HELP US IN CAGLIARI, SARDINIA, NEED POWER GENERATORS & CHARGERS FOR 100 FAMILIES AFTER EARTHQUAKE #ItalyEarthquake @ISACOORD @NDRF",Resource Requests,train,True
"WE NEED RESCUE TEAMS 2 HELP 10 CHILDREN TRAPPED UNDER DEBRIS IN SANTA MONICA, CA #SantaMonicaDisaster @SantaMonicaFire @LosAngelesFD",Resource Requests,train,True
"URGENT: WE NEED FOOD & WATER FOR 100 SHELTER RESIDENTS IN MIAMI, FL, AFTER HURRICANE ISABEL @DadeCountyEM @RedCrossMiami",Resource Requests,train,True
"NEED HELP IN KOTA KINABALU, MALAYSIA - 20 PPL NEED MEDICAL AID, DOCTORS & NURSES 2 TREAT INJURIES CAUSED BY FLOODING #MalaysiaFloods @MA63 @WHO",Resource Requests,train,True
"PLEASE HELP WE NEED WATER ASAP in Lower Parel, Mumbai! We r 30 & need min 500 bottles plz #MumbaiFloods @NDRF",Resource Requests,train,True
Kerala floods update - 50 ppl stranded in Kozhikode need FOOD & shelter NOW! #KeralaFloods @FoodForThoughtNGO,Resource Requests,train,True
"EMERGENCY in Kurla, Mumbai! Group of 12 need POWER generators & medical aid pls #KurlaCrisis @NMC_Naidu",Resource Requests,train,True
@RedCross pls provide medical supplies & aid to our village in Wayanad! We r 200 & need help ASAP #WayanadDisaster,Resource Requests,train,True
"HELP pls! Family of 5 in Chennai needs baby supplies, diapers & milk powder ASAP! #ChennaiRains @CuddlesBabyCare",Resource Requests,train,True
"WE R STRANDED IN KANDIVALI, MUMBAI! Need RESCUE team to help us, pls DM #KandivalliRescue @MumbaiRescue",Resource Requests,train,True
"NEED TRANSPORT help in Thane! 20 ppl stuck in flooded areas, can someone pls help? #ThaneFloods @OlaCabs",Resource Requests,train,True
PLEASE HELP US! 10 families in Nagapattinam need shelter & food ASAP! #NagapattinamCrisis @TamilNaduGovIn,Resource Requests,train,True
ITS BEEN 3 DAYS & WE HAVE NO WATER IN PALGHAR! Need bottles & generators pls! #PalgharCrisis #MaharashtraFloods @MaharashtraCM,Resource Requests,train,True
GROUP OF 5 NEED MEDICAL AID IN VADODARA! Doctor & nurse on standby pls! #VadodaraEmergency @IndianRedCross,Resource Requests,train,True
PLEASE HELP my 10 yr old son in KERALA FLOODS our house in Thrissur is flooded #KeralaFloods @NDRF,Resource Requests,train,True
"GROUP OF 12 NEED RESCUE in #HurricaneHelp area in Tampa, FL, ppl stuck @RedCross @FEMA",Resource Requests,train,True
"URGENT NEED FOR WATER & FOOD in Srinagar, Kashmir, 500 ppl stranded pls donate @UNICEFIndia @NDMA",Resource Requests,train,True
PLZ HELP US my pregnant wife is having trouble breathing in Houston after #HurricaneHarvey @RedCross @HHS,Resource Requests,train,True
"NEED SAFE SHELTER for 20 families in #PuertoRicoHurricane aftermath, kids & elderly @NDRF @USACE",Resource Requests,train,True
"PLEASE SEND MEDICINE for my 3 yr old daughter in Kerala, she needs antibiotics ASAP #KeralaFloods @WHO",Resource Requests,train,True
"GROUP OF 12 PEOPLE NEED RESCUE in #HurricaneMaria aftermath, in San Juan, PR, ppl stuck @NDRF @RedCross",Resource Requests,train,True
"URGENT NEED FOR GENERATORS in Srinagar, Kashmir, many ppl without power @NDMA @PowerGridIndia",Resource Requests,train,True
"NEED BABY SUPPLIES in #NepalEarthquake aftermath, 100 kids in need in Kathmandu @UNICEF @RedCross",Resource Requests,train,True
"PLEASE DONATE for medical aid in #PhilippinesTyphoon aftermath, many ppl wounded @WHO @NDRF",Resource Requests,train,True
"PLEASE HELP! group of 12 need food water & shelter in katrina dev zone, lafayette st, new orleans, pls DM @RedCross #HurricaneHelp",Resource Requests,train,True
"URGENT: need rescue team @NDRF ASAP in old town, kolkata, 50 ppl stuck, many injured #KolkataFloods",Resource Requests,train,True
"group of friends stuck on gulf shore blvd, miami, need transport 2 evacuation center, pls help @FEMA #HurricaneRelief",Resource Requests,train,True
"urgent medical supply needed in chennai, tamil nadu, pls donate @Medlife #ChennaiFloods",Resource Requests,train,True
"NEED WATER ASAP! 20 ppl stranded in kutia st, mumbai, pls help @MumbaiPolice #MumbaiFloods",Resource Requests,train,True
"@NDRF pls help 10 fams in kerala, need shelter food & clothes, contact us @9446891234 #KeralaFloods",Resource Requests,train,True
"URGENT: need power generator 4 hospital in st martin, caribbean, 200 patients need electricity #HurricaneHelp",Resource Requests,train,True
"baby supplies needed in puerto rico, pls donate diapers formula & meds @SalvationArmy #PuertoRicoRelief",Resource Requests,train,True
"PLEASE HELP! group of 5 ppl need rescue in old fort area, kolkata, stuck in water @NDRF #KolkataFloods",Resource Requests,train,True
"need transport 4 group of 15 seniors in west palm beach, pls help @FEMA #HurricaneRelief",Resource Requests,train,True
PLEASE HELP WE R ON 5TH FLOOR BUILDING BLDG NO 12 JLN ST IN DELHI NEED RESCUE ASAP #DelhiFloods @NDRF @RedCross,Resource Requests,train,True
GROUP OF 12 NEED 4 COTS & BLANKETS 2 HELP 8 FAMILIES DISPLACED BY KERALA FLOODS #KeralaFloods,Resource Requests,train,True
NEED BLOOD DONORS FOR 7 YR OLD LAVANYA WITH LIVER FAILURE IN KOLKATA CAN U HELP? @NACO @RedCross,Resource Requests,train,True
URGENT NEED 500 KGS OF RICE & DAAL 4 200 FAMILIES IN FLOOD HIT RAJASTHAN #RajasthanFloods @FoodBank @NGO,Resource Requests,train,True
PLZ HELP WE R IN NEED OF 10 PAILS OF CLEAN WATER 4 50 PEOPLE IN MUMBAI @CocaCola @WaterAid,Resource Requests,train,True
URGENT NEED MEDICAL SUPPLIES 4 15 FAMILIES IN ANDAMAN & NICOBAR ISLANDS AFTER CYCLONE #AndamanCyclone @AIIMS,Resource Requests,train,True
NEED 20 BOTTLES OF O2 4 3 BABIES WITH RESPIRATORY ISSUES IN GUWAHATI CAN U HELP? @ICMR @AIIMS,Resource Requests,train,True
WE R IN NEED OF GENERATORS 4 15 HOUSEHOLDS IN FLOOD HIT UTTAR PRADESH #UttarPradeshFloods @Luminous @Crompton,Resource Requests,train,True
HELP 12 WOMEN EXPECTING INFANTS IN KERALA NEED OXYGEN & FOOD SUPPLIES #PregnantWomen #KeralaFloods @WHO @UNICEF,Resource Requests,train,True
"NEED VOLUNTEERS 4 RESCUE & RELIEF WORK IN THALASSEMBLY, MUMBAI AFTER RAINS #MumbaiRains @NDRF @RedCross",Resource Requests,train,True
"URGENT PLEASE HELP at 123 Main St, #FloodedHomes in Brooklyn 200 ppl stranded, need FOOD & WATER ASAP #HurricaneHelp @RedCross @NYPD",Resource Requests,train,True
"PLEASE SHARE my mom needs MEDICAL OXYGEN @Allapuzha Medical Mission Hospital, 9961452906 #KeralaFloods @CMOKerala",Resource Requests,train,True
"GROUP of 12 need RESCUE 5 kids, 2 seniors with heart conditions from 456 Oceanview Apt, #HurricaneZone, LA @NDRF @LAfiredept",Resource Requests,train,True
"CALLING ALL DRIVERS 4-WHEEL DRIVE pls HELP us transport FOOD to 789 Flooded Rd, #Tornado Alley, OK @AmericanRedCross @OKStateTroopers",Resource Requests,train,True
NEED SHELTER for 15 families with young kids & pets @LacofD @EmergencyNetNews,Resource Requests,train,True
"HELP @RedCross pls send POWER GENERATORS 2,000 homes without electricity in #HurricaneDorian #BahamasRelief @BAHAMAS Gov",Resource Requests,train,True
"PLEASE we r in desperate NEED of BABY SUPPLIES diapers, formula, nappies @PuertoRicoRelief @SalvationArmyUSA",Resource Requests,train,True
"URGENT CALL pls @RedCross we need TRANSPORT for critical patients from 321 Hospital Rd, #FloodedHospitals #KeralaCrisis",Resource Requests,train,True
PLEASE SHARE my grandma needs BABY FOOD 100+ elderly with medical conditions need assistance @NDRF @IndianRedCross,Resource Requests,train,True
"GROUP of 3 in medical NEED please HELP @NYPD @FDNY pls send MEDICAL SUPPLIES & STAFF to 456 Riverwood Apt, #FloodedHomes #HurricaneZone",Resource Requests,train,True
"PLEASE HELP! group of 5 ppl stranded in KERALA FLOODS need WATER & FOOD ASAP in Pettah, Kochi #KeralaFloods @NDRF",Resource Requests,train,True
"URGENT need MEDICAL SUPPLIES for 3 kids aged 2, 4 & 6 with fever in Jammu Kashmir flood zone pls DM @RedCross #JammuFloods & #KashmirFloods",Resource Requests,train,True
"stuck on 3rd floor in DELHI FLOODS with 8 month old baby need BABY FOOD & POWER GENERATOR ASAP in Sector 16, Noida #DelhiFloods @NDRF",Resource Requests,train,True
"GROUP OF 12 NEED TRANSPORT to escape FLOODS in Assam, need boats or rafts pls help @IndianNavy #AssamFloods",Resource Requests,train,True
"@RedCross pls send HELP to Thane, MUMBAI FLOODS 5 ppl stuck in water, need RESCUE BOAT ASAP #MumbaiFloods",Resource Requests,train,True
"PLEASE SEND WATER & FOOD to Nagpur, MAHARASHTRA FLOODS 12 families in Shanti Nagar, need supplies ASAP #MaharashtraFloods @NDRF",Resource Requests,train,True
"GROUP OF 5 NEED SHELTER in Chennai, need TENT & BLANKETS pls help @TamilNaduGovt #ChennaiFloods",Resource Requests,train,True
anyone in #Bangladesh FLOODS have POWER GENERATORS 2 pls donate to help 20 families in Jamalpur #BangladeshFloods @UNICEF,Resource Requests,train,True
"PLEASE HELP 10 ppl in Kerala FLOODS need BABY DIAPERS & WIPES ASAP in Ernakulam, need baby supplies #KeralaFloods @NDRF",Resource Requests,train,True
"GROUP OF 7 NEED RESCUE in Odisha, need HELICOPTER HELP ASAP in Puri, need rescue contact info pls DM @IndianAirForce #OdishaFloods",Resource Requests,train,True
"PLEASE HELP! group of 12 need food & water in Queens, NY! our building has no power #HurricaneHelp @RedCross @NDRF",Resource Requests,train,True
"just found out our hospital's running out of antibiotics 4 kids with diabetes, pls help! contact @ICU4Kids @NYC_Emergency",Resource Requests,train,True
kerala floods are a nightmare. cant imagine 400 ppl stranded in Ernakulam & we r running out of food pls help #KeralaFloods @NDMA,Resource Requests,train,True
"i m stuck in puerto rico, no food, no water, no power. pls send supplies ASAP! address is 123 10th st, san juan #HurricaneRelief @FEMA",Resource Requests,train,True
"@NYPD need ppl 2 help search 4 my 80yr mom, missing in Brooklyn since hurricane. pls RT & DM with info #NYCStorm #HurricaneRelief",Resource Requests,train,True
"urgent help needed in New Orleans, LA! 300 ppl need shelter, pls DM @RedCross @NDRF",Resource Requests,train,True
"just got word our community center is a hub 4 hurricane aid, pls donations of diapers, formula, & wipes #HurricaneHelp @NOLAReady",Resource Requests,train,True
"anyone have a generator 2 lend in Brooklyn? pls DM me ASAP, its getting dark & power's out #NYCStorm @NYPD",Resource Requests,train,True
"my 2yr old has asthma, pls send inhalers & oxygen masks to 456 main st, baltimore, md #HurricaneRelief @MD_Emergency",Resource Requests,train,True
"rescue team needed 4 flooded areas in Mumbai, pls DM @NDMA @NDRF #MumbaiFloods",Resource Requests,train,True
"PLEASE HELP, 20 families stuck in #CalgaryFlood shelter at 345 17th ave sw, no food, no blankets, pls send help ASAP.",Resource Requests,train,True
"URGENT ppl stranded in #HondurasHurricane shelter on 14th st & 5th ave, need baby food & diapers 4 30 kids, pls send ASAP.",Resource Requests,train,True
"Group of 12 ppl need medical aid at #SriLankaFlood hospital on Colombo Rd, need insulin 4 2 ppl w diabetes, contact @RedCross pls.",Resource Requests,train,True
"Cant find food @ #IndonesiaFlood market @ gandaria village, need rice 4 50 ppl, pls help, send to @BPKP_ID.",Resource Requests,train,True
"Need transportation help @ #MyanmarFlood airport, 100 ppl stranded, pls contact @NDRF, need rescue ASAP.",Resource Requests,train,True
"URGENT: 50 ppl w chronic medical conditions @ #PhilippinesFlood shelter on Makati Rd, need oxygen tanks, pls respond @PhilRedCross.",Resource Requests,train,True
"PLEASE RESPOND, have no phone signal @ #PapuaNewGuineaFlood island of Manus, need rescue boat ASAP, 50 ppl stranded.",Resource Requests,train,True
"Group of 12 ppl stuck @ #MexicoEarthquake hotel on calle 1, need food, water, medical aid, pls send help, cc @SARMexico.",Resource Requests,train,True
"NEED HELP ASAP, 100 ppl stranded @ #SomaliaFlood shelter on Mogadishu St, need shelter, water, food, contact @UNHCR pls.",Resource Requests,train,True
"PLEASE HELP! @RedCross & @NDRF my neighbor at 1431 Oak St, Apt 3 has a 4 yr old w/ asthma need OXYGEN & FOOD ASAP #FloodRelief #TexasFloods",Resource Requests,train,True
"Need a group of 12 people rescued from 3456 Pine St, we r trapped in our homes & cannot move due to heavy rain #CaliforniaFloods #RescueMission",Resource Requests,train,True
"@NDRF pls send more ambulances 2 area of flooding @ 23rd Main Rd, BTM Layout, Bangalore we need MEDICAL AID 4 our critically injured loved ones #BangaloreFloods #MedicalEmergency",Resource Requests,train,True
"its been 3 days since the storm hit, still no power @ 123 Main St, NYC we are dying of heat pls send GENERATOR ASAP #HurricaneHelp #PowerOutage",Resource Requests,train,True
"NEED FOOD & WATER for my family of 6 at 4567 Elm St, we've been stuck in our home for 2 days & r running out of supplies pls HELP #MichiganFloods #FloodRelief",Resource Requests,train,True
"group of seniors at Sunshine Home, 901 Oak St need MEDICAL SUPPLIES & TRANSPORTATION to hospitals ASAP #TornadoRelief #SeniorCare",Resource Requests,train,True
"my sister's newborn is struggling 2 breathe at 2345 Cedar St, @NDRF pls send OXYGEN TANK ASAP #TornadoRelief #NewbornCare",Resource Requests,train,True
"NO POWER @ 6789 Maple St, need GENERATOR ASAP to keep our oxygen machines running pls HELP #CaliforniaFloods #DisasterRelief",Resource Requests,train,True
"plz send rescue team 2 3456 Maple St, we r trapped in our flooded basement with 2 kids, pls hurry #TornadoRelief #RescueMission",Resource Requests,train,True
"NEED BABY SUPPLIES (diapers, formula, etc) 4 our little one at 1234 Oak St, we are stranded here with limited resources pls HELP #FloodingInHouston #BabyCare",Resource Requests,train,True
"@RedCross pls help get medical aid 2 3 families stranded in flooded homes n old town road, kerala. babies & elderly r at risk #KeralaFloods",Resource Requests,train,True
"NEED HELP ASAP!! group of 12 need shelter at 123 main st, coastal town, florida. we r stuck & out of food & water #HurricaneHelp",Resource Requests,train,True
"URGENT HELP reqd @NDRF aunt & 2 kids (3 & 6) trapped at 456 river view, uttarkashi. pls send team 2 help us #UttarakhandFloods",Resource Requests,train,True
"PLZ help @RedCross 20 people stuck on roof at 78 water front, katrina beach, louisiana. no food or water 4 days #KatrinaFloods",Resource Requests,train,True
"GROUP OF 5 NEED RESCUE FROM 321 high ground, houston. elderly mom has heart condition. pls send team 2 help #HurricaneHarvey",Resource Requests,train,True
"NEED WATER & FOOD 4 my 2 yr old son @NDRF we r stuck at 901 river side, gujarat. pls help #GujaratFloods",Resource Requests,train,True
"PLEASE HELP @RedCross my grandma has diabetes & needs insulin. we r stranded at 145 beach road, orissa. pls send team 2 help #OdishaFloods",Resource Requests,train,True
"GROUP OF 10 NEED SHELTER AT 234 mountain view, nepal. we r trapped & out of food. pls help #NepalEarthquake",Resource Requests,train,True
"PLZ SHARE @NDRF my mom's contact num 9876543210. she needs rescue from 567 hill top, andhra pradesh. pls help #AndhraFloods",Resource Requests,train,True
"NEED RESCUE TEAM 2 HELP at 901 forest view, assam. my sister has broken leg & 50 people r trapped #AssamFloods",Resource Requests,train,True
"HELP NEEDED IN ORRIS, IOWA, WATER RESCUE REQUIRED ASAP FOR 5 PEOPLE TRAPPED IN FLOODWATER, @FEMA @IowaDNR #IowaFloods",Resource Requests,train,True
"PLEASE SHARE, GROUP OF 12 NEED BABY SUPPLIES (DIAPERS, FORMULA) IN WOODLAWN, NEW ORLEANS, ASAP, @RedCross @NOLA #HurricaneHelp",Resource Requests,train,True
"WE NEED TRANSPORTATION TO EVACUATE 8 ELDERLY RESIDENTS FROM STORM-DAMAGED BUILDING IN MIAMI, FL, @FEMA @MiamiDade #FloridaHurricane",Resource Requests,train,True
"GROUP OF 5 FAMILIES NEED SHELTER IN HILTON HEAD, SC, SHELTERS ARE FULL, SEEKING HELP FROM LOCAL RESIDENTS & BUSINESSES, @SCEMD @RedCross #HurricaneHelp",Resource Requests,train,True
"WE HAVE A FAMILY OF 4 STRANDED IN BROWNSVILLE, TX, NEED MEDICAL CARE ASAP FOR 2 YOUNG CHILDREN, @HHS @TXDOH #HurricaneRelief",Resource Requests,train,True
"PLZ HELP, 12-YEAR-OLD GIRL NEEDS GLUCOSE TEST STRIPS IN ST. PETERSBURG, FL, TYPE 1 DIABETIC, @FEMA @SPDH #FloridaHurricane",Resource Requests,train,True
"EMERGENCY RESCUE REQUIRED IN KATRINA-AFFECTED NEW ORLEANS NEIGHBORHOOD, 10 PEOPLE TRAPPED IN COLLAPSED BUILDING, @RedCross @NOLA @FEMA #HurricaneKatrina",Resource Requests,train,True
"NEED HELP TRANSPORTING 15 PEOPLE FROM SHELTER TO DISABILITY-SPECIFIC MEDICAL CARE IN CHARLESTON, SC, @SCEMD @DisabilitySC #HurricaneRelief",Resource Requests,train,True
"PLEASE DONATE TO SHELTER FOR DOGS TRAPPED IN PUERTO RICO, FOSTER HOMES & FOOD NEEDED, @PuertoRico @HumaneSocPR #PuertoRico",Resource Requests,train,True
"WE HAVE 5 PEOPLE NEEDING ELECTRICITY RESTORED IN DOWNTOWN ATLANTA, GA, PLEASE HELP @GeorgiaPower @FEMA #TornadoRelief",Resource Requests,train,True
"NEED MEDICAL SUPPLIES @RedCross pls help our elderly neighbors in Oakwood, TX, 300 ppl affected, many w/ diabetes",Resource Requests,train,True
Group of 12 ppl stranded in downtown New Orleans need transport to safety plz DM for location,Resource Requests,train,True
"Shelter needed 4 our family of 5 in coastal Kerala, India, strong winds & flooding #KeralaFloods @NDRF",Resource Requests,train,True
"URGENT: Water shortage in Jackson, MO, schools closed, 1000s without access to clean drinking wtr pls help",Resource Requests,train,True
10 babies @ the local maternity hospital in Puerto Rico need formula & diapers pls donate @AmericanRedCross,Resource Requests,train,True
"We r organizing a #HurricaneHelp convoy to bring aid 2 North Carolina, 50 vehicles & 100 volunteers needed @FEMA",Resource Requests,train,True
"PLEASE HELP my friend's family in affected #Louisiana area, 200 ppl stranded without food, pls DM 4 location & resources",Resource Requests,train,True
"2 of my neighbors in Florida have special dietary needs & require gluten-free & dairy-free food, plz deliver ASAP @FeedingAmerica",Resource Requests,train,True
"@RedCross u r our only hope 4 a family of 6 in devastated #California area, need shelter & warm blankets pls help ASAP",Resource Requests,train,True
"Anyone in the Dallas, TX area pls help me get medical aid 2 my neighbor who's been injured, her number is 1-555-123-4567 @TarrantCounty",Resource Requests,train,True
PLEASE HELP NEED FOOD SHELTER FOR 20 PEOPLE TRAPPED AT 123 OAK ST #KeralaFloods @RedCross @NDRF,Resource Requests,train,True
"URGENT NEED WATER & MED SUPPLIES FOR KIDS AT LOCAL SCHOOL, 12 YR OLD WITH DIABETES AT ST PETERS NAGPUR #OdishaFloods @NDRFIndia",Resource Requests,train,True
"GROUP OF 12 NEED EMERGENCY SHELTER AT 456 MAPLE ST, 3 YOUNG CHILDREN NEED DIAPER SUPPLIES #HurricaneHelp @RedCross",Resource Requests,train,True
"PLS HELP MY GRANDMA, 85, HAS BROKEN ANKLE & NEED OXYGEN TANK ASAP WE'RE AT 789 JUNIPER ST #TornadoRelief @DisasterAssist",Resource Requests,train,True
"WE'RE 10 KM FROM COAST, NEED RESCUE BOAT ASAP 4 FAMILIES WITH PETS #HurricaneMaria @USCG",Resource Requests,train,True
"NEED EMERGENCY MEDICAL AID AT 321 ELDERBERRY ST, 17 YR OLD WITH SEIZURES #WildfireRelief @AmericanRedCross",Resource Requests,train,True
"URGENT NEED BABY SUPPLIES (DIAPERS, FORMULA) FOR MOM & BABY AT 456 MAIN ST, 3 WEEKS OLD #KeralaFloods @UNICEF",Resource Requests,train,True
"GROUP COLLECTING DONATIONS AT 789 BIRCH ST, NEED WATER, FOOD, BEDSHEETS #PuertoRicoRelief @FEMA",Resource Requests,train,True
"PLEASE SHARE, NEED TRANSPORT FOR 5 FAMILIES TO SAFETY, 3 MILES FROM FLOOD ZONE #Flooding @TransportForAll",Resource Requests,train,True
"WE NEED HELP AT 123 PINE ST, RESIDENTS WITH MEDICAL CONDITIONS (ASTHMA, HEART DISEASE), NEED OXYGEN TANKS & EPI-PENS ASAP #TornadoRelief @DisasterAssist",Resource Requests,train,True
"PLEASE HELP 12 ppl in #Delhi flood affected in Kalkaji need food, water, shelter ASAP. @NDRF pls send help. #DelhiFloods",Resource Requests,train,True
Group of 20 ppl in #Kerala flood affected in Thiruvananthapuram need medical aid plz. @RedCross help us with doctors & supplies. #KeralaFloods,Resource Requests,train,True
WE NEED POWER anyone with generators pls send help 500 ppl stuck in #Florida hurricane without electricity. @FloridaPower @EMA,Resource Requests,train,True
"12 families in #SriLanka need baby supplies milk powder, diapers, bottles pls help. @UNICEF pls coordinate with local authorities. #LKA",Resource Requests,train,True
URGENT NEED FOR RESCUE contact @NDRF @Navy rescue team need help in #Bangalore landslide in BTM Layout area. #Karnataka,Resource Requests,train,True
Group of 15 ppl in #PuertoRico need transport to hospital need medical equipment & help pls. @RedCross @FederalAid. #MariaRelief,Resource Requests,train,True
"PLZ HELP 50 ppl in #Nepal earthquake affected in Lalitpur need shelter, food, water ASAP. @NepalGovt pls send help. #NepalQuake",Resource Requests,train,True
Need transport in #Haiti anyone with cars pls send to #PortAuPrince help ppl in urgent need. @UNHCR pls help us. #HaitiCrisis,Resource Requests,train,True
GROUP OF 8 WOMEN IN #INDIA'S #Assam NEED MEDICAL AID pls help with pregnancy related issues. @WHO pls send doctors & supplies. #AssamFloods,Resource Requests,train,True
"PLEASE SEND HELP 200 ppl in #Mexico earthquake affected in Ensenada need food, water, shelter ASAP. @RedCross @MexicoGovt pls send aid. #MexicoQuake",Resource Requests,train,True
PLEASE HELP WE NEED WATER & FOOD 4 12 FAMILIES STRAND @NDRF @PMOIndia #KeralaFloods,Resource Requests,train,True
URGENT HELP REQUIRED FOR MY 6 MONTH OLd SON LOST BOTTLES OF FOrmula IN KERALA FLOODS #Keralarescue #KeralaRelief,Resource Requests,train,True
GROUP OF 12 NEED SHELTER & MEDICAL SUPPLIES @RedCross @NRC @UNICEF #DominicaHurricane,Resource Requests,train,True
PLZ RETWEET FOR MY BROTHER IN LAGOS HIS APARTMENT FLOODED NO POWER #LagosFloods #NigeriaRelief,Resource Requests,train,True
WE R 30 FAMILIES STAND @ EAST KADUNGALLOR ALUVA CHENGAMATA RD WE NEED RESCUE @NDRF #KeralaFloods #KeralaRescue,Resource Requests,train,True
@PMOIndia PLEASE HELP US WITH FOOD PACKETS WE HAVE 15 SICK FAMILY MEMBERS @KeralaRedCross,Resource Requests,train,True
NEED RESCUE TEAM @NDRF @IndianNavy @RakshaMantri KERALA FLOODS HITTING BAD #Keralarescue #KeralaRelief,Resource Requests,train,True
"URGENT HELP REQUIRED FOR THE RESIDENTS OF HARRIS STREET, BAYSHORE NEIGHBORHOOD IN DOMINICA WE NEED WATER, FOOD & SHELTER @DominicaRedCross",Resource Requests,train,True
GROUP OF 10 NEED TRANSPORTATION TO SAFETY FROM KERALA FLOOD ZONE WE HAVE 5 SICK CHILDREN IN TOYOTA #Keralarescue #KeralaRelief,Resource Requests,train,True
PLZ HELP US WE R RUNNING OUT OF FOOD & WATER IN ALUVA NEIGHBORHOOD NO PHONES WORKING @KeralaRedCross #KeralaFloods,Resource Requests,train,True
"PLEASE HELP! @RedCross @NDRF group of 12 need shelter at 1456 Ocean St, Long Beach, CA 90802. Babies & seniors among us. #HurricaneHelp",Resource Requests,train,True
"We r running low on water @RedCross pls send to our camp at 213 Main St, Houston, TX 77002 ASAP. 200 ppl here. #HurricaneHarvey",Resource Requests,train,True
"Location Kottayam, District Kottayam. Varunn on 9876543210. Food & shelter needed for 800 members. pls help. #KeralaFloods",Resource Requests,train,True
"Need medical aid @WorldHealthOrg for 5yr old girl at Oakwood St, New Orleans, LA 70115. She needs antibiotics. #HurricaneMaria",Resource Requests,train,True
"@NDRF pls send water & candles 2 our camp at 3456 Broadway, New York, NY 10013. 120 ppl here. #NortheastFlood",Resource Requests,train,True
"RT @disasterrelief Group of 50 ppl stranded in our neighborhood @ 1235 Maple St, Chicago, IL 60614. Need rescue ASAP. #IllinoisFlood",Resource Requests,train,True
"Dont4get the animals pls help us 2 find food & shelter 4 10 cats & dogs @ 789 Cedar St, Miami, FL 33134. #HurricaneIrma",Resource Requests,train,True
"URGENT @RedCross food needed 4 300 ppl at our shelter @ 456 Elm St, Newark, NJ 07102. Canned goods & water pls. #HurricaneHelp",Resource Requests,train,True
"Group of 40 ppl from @RedCross camp need medical aid at 901 Walnut St, Philadelphia, PA 19107. Senior citizens among us. #PhillyFlood",Resource Requests,train,True
"@disasterrelief pls send shelter 4 25 ppl @ 789 Oak St, Sacramento, CA 95814. We have babies & elderly. #CaliforniaFlood",Resource Requests,train,True
"WE NEED FOOD ASAP! 50 ppl stranded in flooded homes in Lakewood, CO #ColoradoFloods @RedCross",Resource Requests,train,True
urgent need 4 baby diapers & formula in ravaged #FloridaKeys 20 newborns in urgent need @SalvationArmyUS,Resource Requests,train,True
PLEASE HELP WE R ON ROOF OF 3RD FLOOR BUILDING IN #HurricaneIda affected area need 4 rescue boat @USCG,Resource Requests,train,True
group of 12 need shelter 4 nxt 48 hrs in #Texas flood zone pls send tents & blankets @SamaritansPurse,Resource Requests,train,True
medical aid needed in #Louisiana now! 1 yr old w/ diabetes needs insulin pls contact @RedCross @NDRF,Resource Requests,train,True
"our neighborhood in St. Pete, FL needs generators pls donate 4/1 @TampaElectric",Resource Requests,train,True
12 families in flooded homes in #PuertoRico need food & water pls send supplies to @FoodBankPR,Resource Requests,train,True
Kerala floods in Perumbavoor - need help 4 20 ppl stranded in homes w/o power pls contact @KeralaGov @NDRF,Resource Requests,train,True
WE'RE STUCK IN OUR CAR! need 4 transport 2 safety in #Alaska flood zone pls send 4x4 truck @AlaskaStateTroopers,Resource Requests,train,True
need 4 rescue team 2 locate 80 yr old w/ dementia in #California wildfire zone pls contact @Cal_OES @NPS,Resource Requests,train,True
"PLS HELP WE NEED WATER n food @NDRF, WE R 20 ppl stranded in kaloor 4 a day pls send @keralafood 1k liters water urgently #keralafloods",Resource Requests,train,True
we need medical aid @RedCross 4 elderly woman with diabetes @DrKochupillai we r at 45th st erankulam pls help #keralaaid,Resource Requests,train,True
"WE R 20 ppl stuck in mumbai, need transport 2 kerala, plz DM me @NDRF @KeralaCM @Airtel_Phone my number 9876543210 #keralafloods",Resource Requests,train,True
"PLEASE RT our shelter request in alapakkam, 30 ppl need tents, beds n blankets @NDRF @TamilNaduCM #TamilNaduFloods",Resource Requests,train,True
"GROUP OF 12 NEED FOOD, WATER n medical aid @RedCross we r at 12th st poonchery pls send help ASAP #kashmirFloods",Resource Requests,train,True
"WE R LOST contact with my grandma @nycgov, she's in astoria, need rescue team ASAP pls help #houstonfloods",Resource Requests,train,True
"PLS SEND BABY SUPPLIES @Unicef 2 kerala, 15 infant formula n diapers needed @DrKavitaChandra #keralafloods",Resource Requests,train,True
"@RedCross @NDRF WE NEED POWER n electricity @LancoInfratech 4 100 ppl in vijayawada, pls help ASAP #AndhraFloods",Resource Requests,train,True
"PLEASE HELP US @NDRF, WE NEED SHOES @Nike 4 25 ppl stuck in thiruvananthapuram, pls send 5k pairs ASAP #keralafloods",Resource Requests,train,True
"PLS DM US @NDRF, WE NEED RESCUE TEAM 4 50 ppl stuck in kathmandu, nrgency 2 save lives #nepalfloods",Resource Requests,train,True
PLEASE HELP we r stranded in pattambi with 5 kids no food or water pls dm @keralaready for help #KeralaFloods #KeralaRelief,Resource Requests,train,True
Group of 12 need oxygen cylinders 4 3 kids with asthma @NDRF can u pls assist keralaemergencyrelief keralafloods,Resource Requests,train,True
URGENT WE NEED 4 generators in valanchery ppl r dying without electricity @CERCOfficial pls help #KeralaFloods #ReliefAid,Resource Requests,train,True
@RedCross can u pls help 20 elderly ppl stranded in thiruvalla with no access 2 medical aid? We r waiting 4 ur response #KeralaFloods #MedicalAid,Resource Requests,train,True
Kottayam needs 4 post-disaster housing pls consider donating 2 the keralafloodrelieffund keralafloods reliefwork,Resource Requests,train,True
PLEASE DM we r a family 0f 4 stranded in kulgam with no food no water pls help @JammuKashmirHelp #KashmirFloods #ReliefAid,Resource Requests,train,True
WE NEED a transport plan 2 evacuate stranded ppl in idukki pls assist @NDRF @IndianAirForce #KeralaFloods #RescueOp,Resource Requests,train,True
PLEASE SHARE we r a group 0f 15 ppl stranded in kannur with no medical supplies pls donate 2 the kannurrelieffund #KeralaFloods #MedicalAid,Resource Requests,train,True
EMERGENCY WE NEED 20 0f baby diapers 4 the stranded ppl in kollam pls assist @UNICEFIndia #KeralaFloods #BabySupplies,Resource Requests,train,True
WE R A COMMUNITY 0f 50 ppl stranded in chengannur with no access 2 clean water pls help @keralaready #KeralaFloods #WaterAid,Resource Requests,train,True
"NEED URGENT HELP @RedCross @NDRF at 123 Main St, NYC a group of 12 ppl trapped inside a flooded apt w/ elderly & young kids pls send rescue team ASAP #HurricaneHelp",Resource Requests,train,True
"PLEASE HELP @RedCross @NDRF we r cut off in #Kurigram, Bangladesh with my kids & elderly mom no food, water, or medicine 4 days pls send relief ASAP #BangladeshFloods",Resource Requests,train,True
"GROUP OF 7 NEED HELP in #Fresno, CA, need transport & shelter ASAP storm knocked out power & roads #CaliforniaFloods",Resource Requests,train,True
"URGENT NEED 4 WATER & NON-PERM FOOD in #Houston, TX @RedCross we r 30 ppl stuck inside with no access to basic necessities #HurricaneHelp",Resource Requests,train,True
"PLEASE @NDRF @RedCross send medical aid 2 #Assam, India @ 456 Street, Guwahati a lady with diabetes & kidney issues needs immediate attention #AssamFloods",Resource Requests,train,True
"NEED FOOD & WATER 4 my 3 young kids & husband in #Orlando, FL @RedCross please help we r out of everything #FloridaFloods",Resource Requests,train,True
"WE R STUCK in #Cuttack, Odisha, India need help w/ food, water, & shelter ASAP storm knocked out power & roads pls send rescue team #OdishaFloods",Resource Requests,train,True
"PLEASE HELP US in #Nagaland, India need transport & medical aid ASAP a group of 10 ppl injured in landslide #NagalandEarthquake",Resource Requests,train,True
"EMERGENCY NEED 4 BABY SUPPLIES in #Tampa, FL @RedCross my 6 month old baby out of diapers, formula, & baby food pls send ASAP #FloridaFloods",Resource Requests,train,True
"GROUP OF 20 NEED HELP in #Kolkata, India need shelter, food, & water ASAP a group of elderly ppl stranded in flooded apt pls send rescue team ASAP #KolkataFloods",Resource Requests,train,True
"PLEASE HELP!!! group of 12 need O2 cylinders & defibrillators in katmandu, nepal for elderly patients #NepalFloods @RedCross @NepalDisaster",Resource Requests,train,True
"@NDRF plz can we have 2 generators 2kW each at 14th street, Sector 3, Mumbai? power outage affecting ppl w/ dialysis machines #MumbaiFloods",Resource Requests,train,True
"URGENT! someone with a boat pls help rescue kids & elderly from flooded homes in low lying areas of phuket, thailand #PhuketFloods @ThaiRescue",Resource Requests,train,True
"anyone near kochi, india with a car pls volunteer 2 transport ppl & food 2 affected areas #KeralaFloods @RedCross",Resource Requests,train,True
"NEED WATER ASAP! over 20 ppl stranded in 5th avenue, Brooklyn, NY after hurricane sandy #HurricaneHelp @FEMA",Resource Requests,train,True
"GROUP OF 4 NEED FOOD, BLANKETS & SHOES for kids in 10th street, New Orleans, LA pls volunteer @RedCross @NOLArescue",Resource Requests,train,True
@NDRF can u pls provide a list of drop off points 4 donations in mumbai? need help ppl affected by flooding #MumbaiFloods,Resource Requests,train,True
URGENT CALL 2 ACTION! we need a ambulance service 4 medical emergency response in affected areas of nepal #NepalFloods @NepalDisaster,Resource Requests,train,True
"doctors & nurses pls volunteer 2 help in affected areas of houston, TX #HurricaneHelp @RedCross @HoustonTX",Resource Requests,train,True
"need ppl 2 help distribute food & water 2 over 50 ppl affected by flood in 17th street, Sydney, NSW #AustraliaFloods",Resource Requests,train,True
URGENT HELP NEEDED IN KASHMIR its 100+ families trapped in Zoji La with no FOOD or WINTER GEAR @RedCross pls send aid ASAP,Resource Requests,train,True
GROUP OF 12 NEED WHEELCHAIR ACCESSIBLE SHELTER in Banda neighborhood of Jakarta pls help,Resource Requests,train,True
BABY SUPPLIES NEEDED for new mom & her infant in ravaged part of Srinagar pls send diapers & formula ASAP @UNICEF,Resource Requests,train,True
PLS HELP MY GRANNY she's 75yrs & needs MEDICAL ATTENTION in badly affected area of Kathmandu @NDRF,Resource Requests,train,True
NEIGHBORS HAVE BEEN RESCUED BUT NOW WE'VE RUN OUT OF WATER in flood-hit Chittagong pls send bottled water ASAP,Resource Requests,train,True
WE NEED POWER GENERATORS TO RECHARGE MOBILES in devastated area of Freetown pls send support @UN,Resource Requests,train,True
EMERGENCY RESCUE TEAM NEEDED in flood-stricken zone of Kerala pls contact @NDRF,Resource Requests,train,True
URGENT HELP NEEDED FOR 5-YR-OLD GIRL with BROKEN leg in disaster-hit town of Nablus pls send medical aid ASAP,Resource Requests,train,True
WE NEED TRANSPORTATION TO HELP RESCUE ELDERS in remote areas of Sri Lanka pls donate 4-wheel drive vehicles @RedCross,Resource Requests,train,True
PLEASE HELP US with WATER PURIFICATION TABLETS in flood-affected region of Bangladesh @UNICEF,Resource Requests,train,True
"PLEA 4 HELP IN KATY, TX - WE NEED WATER & FOOD 4 50 FAMILIES STRANDED BY FLOODWATERS #HurricaneHarvey",Resource Requests,train,True
"@NDRF pls help us in Juhu, Mumbai - our building has collapsed & we r stuck under RUBBLE #MumbaiFloods",Resource Requests,train,True
urgent need 4 medical aid at our shelter in New Orleans - 10 ppl w/ injuries frm hurricanekatia #HurricaneKatia,Resource Requests,train,True
"Group of 12 need shelter & blankets in Brooklyn, NYC - anyone can help? #HurricaneHelp",Resource Requests,train,True
@RedCross pls send food & blankets 2 my neighborhood in Chennai - we r without power 4 3 days #Chennaifloods,Resource Requests,train,True
Help! My mom's oxygen tank is empty in Houston & we cant get 2 the store #HurricaneHarvey,Resource Requests,train,True
@SOSIndia pls tell your ppl 2 send us WATER & FOOD in Kerala - we r desperate #KeralaFloods,Resource Requests,train,True
Can someone pls drop off baby formula & diapers @ our shelter in Nashville? #TennesseeFloods,Resource Requests,train,True
URGENT! We need generators 4 our hospital in Puerto Rico - pls RT & tag @NPR #HurricaneMaria,Resource Requests,train,True
"@DisasterResponse can you pls send a convoy w/ food, water & blankets 2 our town in Bihar? 200 ppl r stranded #BiharFloods",Resource Requests,train,True
PLEASE HELP in chennai neyveli area 50 ppl r stranded no food water pls contact @NDRF @IndianNavy #TamilNaduFloods,Resource Requests,train,True
we r a group of 12 need shelter and blankets in delhi gurgaon border pls help we r from kerala #DelhiShelter #KeralaFloods,Resource Requests,train,True
PLEASE SHARE in kerala kannur area 5 families need medical aid doctors pls contact #KeralaFloods #HurricaneHelp,Resource Requests,train,True
Urgently need water bottles and first aid kits in goa panjim city contact 9323194751 #GoaFloods #WaterDonation,Resource Requests,train,True
friends in trivandrum we need generators to power hospitals pls contact @APDIALimayum #KeralaFloods #PowerRelief,Resource Requests,train,True
group of 20 ppl need baby supplies in andhra pradesh vizag city pls help contact 9849001559 #AndhraFloods #BabySupply,Resource Requests,train,True
PLEASE HELP in orissa bhadrak area 8 families r stranded no transport pls contact @IndianArmy #OdishaFloods #Transportation,Resource Requests,train,True
WE NEED FOOD in maharashtra pune area 15 ppl r hungry pls contact 8082356456 #MaharashtraFloods #FoodDonation,Resource Requests,train,True
NEED DOCTORS IN ASSAM GUWAHATI 12 ppl r injured pls contact @AssamMedSociety #AssamFloods #MedicalHelp,Resource Requests,train,True
urgent help needed in tamilnadu thane area 5 families lost homes pls contact 9840356520 #TamilNaduFloods #ShelterNeeded,Resource Requests,train,True
need 4 blankets & a tent in north side of #HurricaneMaria hit San Juan pls DM me @RedCross,Resource Requests,train,True
just got word my sister's family of 5 got trapped in #FloodedStreet in Littleton CO we r trying 2 get them out plz help,Resource Requests,train,True
URGENT a group of 12 need medical aid & water in #Katrina devastated Algiers need transport 2 hospital ASAP @NDRF,Resource Requests,train,True
@CityOfMiami pls send help 2 NE Miami-Dade County! 200 people stuck in my apt building no food water,Resource Requests,train,True
baby supplies needed urgently @StJude 20 babies in need in #HurricaneIda hit Port Arthur,Resource Requests,train,True
my grandma's oxygen machine broke in #Californiawildfires & we got no power 4 weeks straight @RedCross pls send help,Resource Requests,train,True
NEED URGENT RESCUE my sister in law stranded in #FlashFlood in Boulder CO got her 2 year old in car pls @NDRF,Resource Requests,train,True
pls send generators 2 #HurricaneFlood victims in #SouthCarolina we r cooking on fire @CityOfColumbia,Resource Requests,train,True
need 2 transport 30 seniors from #FloodedNursingHome in #Tennessee 2 higher ground ASAP @RedCross,Resource Requests,train,True
just got word 50 families r running out of food in #HurricaneMaria hit town of Añasco need grocery delivery ASAP @FedEx,Resource Requests,train,True
"PLEASE HELP @RedCross we r 12 families in need of shelter in Oakwood St, Queens, NY, after Hurricane Sandy",Resource Requests,train,True
"URGENT 30 ppl in shelter on 5th St, Miami, need food and water ASAP pls #HurricaneHelp",Resource Requests,train,True
"@NDRF pls help us in Calicut, Kerala, our baby just got sick & we need diapers AND formula ASAP #KeralaFloods",Resource Requests,train,True
Group of 12 need transport 2 get 2 safety in Lower Manhattan after the storm #NYCFlood #Transport,Resource Requests,train,True
"EMERGENCY CALL 4 medical aid in Rockaway Park, 15 ppl with medical conditions need ASAP #HurricaneRelief",Resource Requests,train,True
PLEASE SHARE & HELP we r in need of generators 4 power in Staten Island #NYCFloodRelief,Resource Requests,train,True
"Contact @RedCross 4 help in Jersey City, our nursing home needs water & food #HurricaneHelp",Resource Requests,train,True
"HELP NEEDED in Brooklyn, 10 ppl stranded on 4th St, no transport 2 safety pls #NYCFlood",Resource Requests,train,True
"@SOSIndia pls help us distribute food 2 50 families in Thrissur, Kerala #KeralaFloods",Resource Requests,train,True
"URGENT CALL 4 rescue in Manhattan, 20 ppl stuck in building on 14th St, need ASAP #NYCFlood",Resource Requests,train,True
"PLEASE HELP my grandma @NDRF we need water & meds urgently in Sector 14, Faridabad, her diabetes & BP r out of control #DelhiFloods",Resource Requests,train,True
"we are a group of 12 stuck in Srinagar, need RESCUE ASAP @JammuKashmir govt pls send help & transport #KashmirFloods",Resource Requests,train,True
"URGENT call 4 shelter in #Nepal floods! my friend's family of 5, incl 2 toddlers, r without a roof, need a tent #NepalEarthquake",Resource Requests,train,True
"need pls help w/ generators & batteries in coastal Gujarat, #CycloneMaha - power outages r crippling our hospitals #GujaratDisaster",Resource Requests,train,True
"PLEASE HELP get baby formula & diapers 4 the 40 families stranded in #Assam floods, pls DM me 4 pickup & delivery #AssamFloods",Resource Requests,train,True
"@IndianRedCross we r 30 ppl stranded in #Jammu without food, water & shelter, pls HELP, our 3 day supply just ended #JammuFloods",Resource Requests,train,True
"NEED transport ASAP 4 the 20 families in #Meghalaya stranded due 2 landslides, pls DM me 4 pickup & drop points #MeghalayaDisaster",Resource Requests,train,True
"EMERGENCY HELP reqd 4 the 10 elderly ppl in #Odisha stuck in 3' of water, pls send rescue boats ASAP #OdishaFloods",Resource Requests,train,True
"plz donate cash or essentials 4 the 25 families in #Kerala without homes or power, we r a local org #KeralaFloods",Resource Requests,train,True
"need power banks & first aid kits 4 the 50 rescue workers in #TamilNadu floods, pls send ASAP to Chennai @TamilNaduGovt #TamilNaduDisaster",Resource Requests,train,True
URGENT: 10 ppl stranded at 145 Oak St in #KeralaFloods pls help @NDRF get us to shelter ASAP #EmergencyRelief,Resource Requests,train,True
@RedCross we need food and water 4 our 3 yr old with severe food allergies at 234 Main St in #FloodingHouston pls #Katastrofahilfe,Resource Requests,train,True
Group of 12 need 2 be airlifted out of #HurricaneIan affected area @NavyHelicopter pls help us reach safe ground #RescuePlease,Resource Requests,train,True
If anyone is in #HurricaneMaria affected area of PR pls DM me I need 2 get my elderly mom meds #PuertoRicoRelief,Resource Requests,train,True
PLEASE HELP: 5 families trapped at 101 Beach Rd in #TyphoonDamaged area need water & shelter ASAP pls @RedCross #HelpDesperately,Resource Requests,train,True
We r 20 people w/ medical conditions stuck at 456 Hilltop Dr in #FloodedCommunity need medical aid & rescue pls @EmergencyServices #Emergency,Resource Requests,train,True
PLEASE HELP US: 3 families lost power & water at 789 Maple St in #PowerOutage neighborhood pls send generators & fuel @UtilityCompany #HelpNow,Resource Requests,train,True
2 groups of 6 ppl in #EarthquakeDamage area need transport 2 safe zone pls DM me @EmergencyHelpline #TransportationHelp,Resource Requests,train,True
I need 2 get baby formula & diapers 4 my 6 month old at 234 Elm St in #HurricaneIda affected area pls anyone help @ParentResourceCenter #BabySupplies,Resource Requests,train,True
Group of 5 ppl with disabilities need wheelchair ramps & medical equipment 4 safe evacuation pls @DisabilityServices #AccessibilityMatters,Resource Requests,train,True
"PLEASE HELP! 300+ ppl trapped in Kerala's Perumbavoor Rd, need RESCUE & FIRST AID NOW! #KeralaFloods @NDRF @RedCross",Resource Requests,train,True
"URGENT! Group of 12 need FOOD, WATER, & BABY SUPPLIES in Puerto Rico's Humacao, 10 babies under 3yo, pls rt! #HurricaneHelp @FEMA",Resource Requests,train,True
@RedCross pls send OXYGEN TANKS 4 critically ill patients in cyclone-hit Bangladesh's Cox's Bazar! Life-saving! #CycloneRelief,Resource Requests,train,True
"Need POWER GENERATORS 4 entire neighborhood of 50 homes in Texas, hit by Harvey! Anyone donating?! #HarveyRelief @Raytheon",Resource Requests,train,True
"Urgent: 15 families in Nepal's Langtang Valley need SHOES, WARM CLOTHES & MEDICAL KITS! Send relief! #NepalEarthquake @UNICEF",Resource Requests,train,True
"GROUP OF 10 NEED DISABILITY AID, WHEELCHAIRS & MEDICAL SUPPLIES in India's Kashmir Valley, pls help! #KashmirRelief @NDRF",Resource Requests,train,True
@FEMA pls send EMERGENCY LIGHTS & WATER PUMP 4 200 stranded ppl in Florida's Key West! #HurricaneMaria @Cuba,Resource Requests,train,True
"PLZ HELP US! 40 ppl stuck in Indonesia's Lombok island need FOOD, WATER, & TOILET FACILITIES! Send aid! #LombokEarthquake",Resource Requests,train,True
URGENT! Send RESCUE TEAMS & DOGS 4 critically trapped ppl in California's Paradise fire zone! #CaliforniaWildfires @CalFire,Resource Requests,train,True
"NEED SHOES, CLOTHES, & TOYS 4 50 underprivileged kids in Bangladesh's Rangpur, hit by cyclone! PLS RT! #CycloneRelief @UNICEF",Resource Requests,train,True
"HELP! group of 12 need food, water & shelter in Oakwood St, New Orleans, LA after hurricane. pls RT! #HurricaneRelief",Resource Requests,train,True
"@NDRF, can u pls send rescue teams to West Delhi, India? 5 ppl trapped in flooded basement. its been 5 hours! #DelhiFloods",Resource Requests,train,True
"URGENT! mom & 2 yr old daughter stuck in tree at 123 Maple St, Houston, TX. need power saw 2 cut them down ASAP #HoustonFlood",Resource Requests,train,True
"WE NEED BABY SUPPLIES! 15 families in need of diapers, formula & wipes in flood-hit Kerala. pls donate! #KeralaFloods",Resource Requests,train,True
"PLEASE HELP! grandma's house flooded in Jackson Heights, NYC. need volunteers 2 help with cleanup & repairs ASAP #NYCFlood",Resource Requests,train,True
"EMERGENCY MEDICAL AID NEEDED in Jammu, India. group of 8 ppl injured in landslide. need doctors & equipment ASAP #JammuLandslide",Resource Requests,train,True
@RedCross pls provide shelter 4 25 families displaced by cyclone in Mozambique. we're in urgent need of tents & blankets #MozambiqueCyclone,Resource Requests,train,True
"NEED TRANSPORT! 20 ppl stranded in flooded areas of Chennai, India. need boats 2 rescue them ASAP #ChennaiFlood",Resource Requests,train,True
"HELP US HELP 100 ppl in flood-hit Sri Lanka. need donations 2 buy food, water & shelter. every cent counts! #SriLankaFloods",Resource Requests,train,True
"GROUP OF 15 NEED RESCUE! trapped in flooded building in downtown Miami, FL. need swift response ASAP #MiamiFlood",Resource Requests,train,True
"PLEASE HELP my family needs food, water & shelter in #FloridaFloods @FEMA, can you pls assist? 100 people stuck in our neighborhood with kids & elderly.",Resource Requests,train,True
@RedCross we r in desperate need of medical supplies & emergency kits in #HurricaneIda @NDRF pls send help ASAP.,Resource Requests,train,True
GROUP OF 18 NEED 150 BAGS OF BREAD & 20 LTR WATER in #CaliforniaWILDFIRE our village has been cut off for 4 days @SOS @NATIONALGRID.,Resource Requests,train,True
"WHO CAN SEND PLZ? we need 20 wheelchairs, oxygen concentrator & medicine for my uncle in #AssamFloods @NDRF @IndianArmy pls help!",Resource Requests,train,True
@Tesla we need generators & power banks in #CycloneMaha our entire neighborhood is dark! @NDRF pls assist us ASAP.,Resource Requests,train,True
"HELP US @NASA, WE NEED RESCUE BOATS & LIFE JACKETS in #FloodsBangladesh @UNICEF pls send us aid quickly!",Resource Requests,train,True
"NEEDED IMMEDIATELY 150 FURNITURE, CLOTHES, FOOD & TOYS 4 50 KIDS & 10 FAMILIES @RedCross pls assist @SOS.",Resource Requests,train,True
WHO HAVE EXTRA BOTTLED WATER? pls send us to our village in #TexasFloods @NDRF @FEMA help us ASAP!,Resource Requests,train,True
MY MUM NEED OXYGEN TANK IN #UttarakhandFloods @RedCross pls send us help ASAP.,Resource Requests,train,True
CAN VOLUNTEER @NDRF SEND US PLZ? WE NEED VOLUNTEERS TO LIFT PEOPLE OUT OF THE WATER in #KeralaFloods @UNICEF.,Resource Requests,train,True
"WE NEED WATER ASAP!! We r stuck in Srinagar, Kashmir w/ kids & no water plz help @RedCross #KashmirFloods",Resource Requests,train,True
GROUP OF 12 NEED FOOD & MEDICAL SUPPLIES 2 families stuck in Jammu w/ infant & elderly pls help @NDRF #IndiaFloods,Resource Requests,train,True
"@RedCross PLEASE HELP US! 5 families trapped in Houston's Meyerland neighborhood no power, no food, pls assist #HurricaneHarvey",Resource Requests,train,True
Need shelter 4 2 families in Kerala's Cochin district after their homes 2nd & 3rd floors got flooded pls help @NDRFIndia #KeralaFloods,Resource Requests,train,True
WE R STRANDED IN ODISHA NEED RESCUE! 1 family stuck in Balasore district w/ elderly woman need help ASAP @NDRFIndia #OdishaFloods,Resource Requests,train,True
"PLEASE HELP! We r a family of 4 stuck in Bangladesh's Sylhet district no power, no water, pls send rescue team #SylhetFloods",Resource Requests,train,True
GROUP EFFORT NEEDED! We r collecting baby supplies & medical aid 4 10 families in Maharashtra's Pune district pls donate @UNICEFIndia #MaharashtraFloods,Resource Requests,train,True
WE R STUCK IN KERALA NEED POWER! 1 family stuck in Thiruvananthapuram district w/ paralyzed husband need generator pls help @KSEB #KeralaFloods,Resource Requests,train,True
"PLEASE HELP US! We r 2 families stuck in Houston's Energy Corridor no food, no water, pls send aid #HurricaneHarvey",Resource Requests,train,True
2 families in Bihar's Patna district NEED TRANSPORT! Stuck in knee-deep water need help 2 reach safer area pls assist @NDRFIndia #BiharFloods,Resource Requests,train,True
PLEASE HELP NEED EMERGENCY BLOOD SUPPLIES FOR 5 CHILDREN IN KERALA FLOOD ZONE #KeralaFloods @RedCross @NDRF,Resource Requests,train,True
anyone in pune with generators pls let us know we r 20 families w/o power #MaharashtraFloods @PMOIndia,Resource Requests,train,True
group of 12 need oxygen tanks for seniors in flooded neighborhood of mumbai need it NOW #MumbaiFloods @NDMA,Resource Requests,train,True
URGENT CALL FOR BABY FORMULA & DIAPERS FOR 50 NEWBORN CHILDREN IN TORNADO-AFFECTED OKLAHOMA #OklahomaTornado @RedCross @FEMA,Resource Requests,train,True
looking 4 ppl in dallas w cars 2 transport 50 seniors from flooded nursing home #TexasFloods @NDRF @DallasPD,Resource Requests,train,True
WE R IN NEED OF CLEAN WATER & FOOD FOR 200 PEOPLE IN FLOODED TOWN OF KOLKATA #KolkataFloods @NGOIndia @UNICEF,Resource Requests,train,True
PLEASE SEND WATER TRUCKS 2 THIS NEIGHBORHOOD ASAP 300+ RESIDENTS NEED WATER #FloridaHurricane #HurricaneHelp @RedCross @FEMA,Resource Requests,train,True
need ppl in miami with 4x4 trucks 2 rescue 30 families trapped in flooded neighborhood #MiamiFloods @NDRF @MiamiPD,Resource Requests,train,True
PLEASE DONATE 2 HELP FUND EMERGENCY SHELTER FOR 100 FAMILIES IN DISASTER ZONE #DisasterRelief @UNICEF @WFP,Resource Requests,train,True
URGENT NEED 4 PLANE WITH CEMENT 2 FIX ROADS IN FLOOD-AFFECTED VILLAGE OF ASSAM #AssamFloods @PMOIndia @NDRF,Resource Requests,train,True
NEED WATER ASAP IN WITNEY ST ALBERTA 10 FAMILIES NO ACCESS 2 CLEAN DRINKING WATER @RedCross pls help us,Resource Requests,train,True
group of 12 need rescue & food at 4321 15th st SW calgary pls send ppl @NDRF,Resource Requests,train,True
its been 12 hrs since the flood hit OUR HOME IS UNDER WATER WE NEED SHELTER @KeralaFloods #KeralaFloods,Resource Requests,train,True
URGENTLY NEED ELECTRICITY IN KAKINADA AP INDIA OUR HOSPITAL IS LOSING POWER @NDRF #TelanganaFloods,Resource Requests,train,True
PLEASE SHARE HELP US 150 PEOPLE STRANDED AT CHINA CREEK BRIDGE @AustralianRedCross #QueenslandFloods,Resource Requests,train,True
WE NEED BABY SUPPLIES IN NEW ORLEANS 20 INFANTS NO DIAPERS OR FORMULA HELP US @RedCross #HurricaneHelp,Resource Requests,train,True
NEED RESCUE TEAM TO REACH US WE'RE 10 MILES FROM HIGHWAY 101 KENNETT SASKATCHEWAN @CanadianRedCross #SaskatchewanFloods,Resource Requests,train,True
PLEASE HELP 3 KIDS WITH DIABETES NO ACCESS TO INSULIN IN TULSA OKLAHOMA @RedCross #OklahomaFloods,Resource Requests,train,True
group of 30 need generators & food at 123 MAIN ST WINDSOR NO POWER OR WATER @NDRF #OntarioFloods,Resource Requests,train,True
PLEASE HELP US FIND OUR MISSING FAMILY MEMBER 65 YR OLD MAN WITH HIP PROBLEMS WE CAN'T REACH HIM @IAF_MVR #BangladeshFloods,Resource Requests,train,True
NEED MEDICAL SUPPLIES IN CAYO 50 PEOPLE NEED TREATMENT FOR BURNS & CUTS WE NEED HELP NOW @RedCross #HurricaneRelief,Resource Requests,train,True
PLEASE HELP 10 kids @ shelter on 33rd & Main need diapers & formula ASAP #HurricaneRelief #KidsInNeed,Resource Requests,train,True
group of 12 need transport 2 safety pls @RedCross @NDRF 2 help us out #FloodEvacuation #TransportationAid,Resource Requests,train,True
medical aid needed 4 elderly woman at 1456 Oak St 77001 #MedicalHelp #DisasterResponse,Resource Requests,train,True
can u pls DM us 4 a water delivery @NDRF we hv 50 ppl in our house #DroughtStricken #WaterCrisis,Resource Requests,train,True
HELP US PLEASE! 3yr old boy needs oxygen at 12345 Cedar Dr 33023 #MedicalEmergency #ChildInNeed,Resource Requests,train,True
water & food 4 50 people @ shelter on 4567 Pine St 12345 plz @AmericanRedCross #DisasterRelief #FoodSupply,Resource Requests,train,True
PLEASE SHARE @NDRF we need generators 4 our whole neighborhood #PowerOutage #NeighborhoodHelp,Resource Requests,train,True
anyone in #Florida know where we can get baby supplies @ shelters? #DisasterAid #BabyNeeds,Resource Requests,train,True
URGENT need 4 rescue 2 stranded ppl @ 9012 Maple St 77002 @NDRF pls help #RescueMission #DisasterResponse,Resource Requests,train,True
group of 20 ppl in need of shelter @ hotel on 2345 Oakwood Dr 12345 pls DM us @RedCross #DisasterShelter #HotelHelp,Resource Requests,train,True
PLEASE HELP! Group of 12 stranded at Kollam bus stand need FOOD & WATER ASAP #KeralaFloods @NDRF @KeralaGov,Resource Requests,train,True
"URGENT NEED for oxygen & nebuliser 4 10yr old with asthma in #KatrinaHurricane hit Biloxi, MS pls DM us @RedCross @FEMA",Resource Requests,train,True
"Group of 12 people need MEDICAL AID & shelter in Chennai, contact us @9987654321 #TamilNaduFloods #CycloneGaja",Resource Requests,train,True
"Need 4-wheel drive to reach stranded family in remote Hilo neighborhood, Big Island, HI, pls DM @HawaiiNewsNow @USAFRHurricane",Resource Requests,train,True
"50+ families at Infant Jesus Church, Kadukutty need WATER & FOOD supplies ASAP #KeralaFloods @NDRF @KeralaGov 95262 29447",Resource Requests,train,True
"PLEASE SHARE, we're running out of diapers & formula 4 20 babies stranded in Puerto Rico after #HurricaneMaria @UNICEF @CARE",Resource Requests,train,True
Need 5 volunteers 2 help set up medical tent in flood hit #AssamIndia contact us 876543210 #AssamFloods @RedCross,Resource Requests,train,True
PLEASE HELP! Group of 5 elderly ppl in wheelchair need POWER supply & food 2day #FloridaHurricane @FPL @FEMA,Resource Requests,train,True
"Need 4 medical rescue equipment 2 help 10 ppl trapped in #NepalEarthquake zone, pls DM @RedCross @UNOCHA",Resource Requests,train,True
Stranded family w/ 2yr old & 2mo old need BABY SUPPLIES & FOOD in #HurricaneMaria hit Dominica pls DM 876543210 #DominicaRelief,Resource Requests,train,True
PLEASE HELP! West Othara in Thiruvalla Chengannur area is totally flooded #KeralaFloods @RedCross @NDRF,Resource Requests,train,True
Urgent req 4 food & water 4 families in #HurricaneMaria affected Ponce Puerto Rico pls DM 4 dropoff info,Resource Requests,train,True
Group of 12 need shelter ASAP in Bayou La Batre Alabama after Hurricane Irma @FEMA @SBAgov pls help,Resource Requests,train,True
Just got word from friends in #FlorenceSC neighborhood that 10 homes are underwater NEED RESCUE TEAM ASAP,Resource Requests,train,True
Need 4 medical supplies & equipment @StJohnsHospital to care 4 patients in StCatherine Jamaica after hurricane,Resource Requests,train,True
Plz if u have generator & fuel in Lake Pontchartrain area send 2 #MariaRelief @RedCross @NGO,Resource Requests,train,True
Baby supplies needed 4 3 month old with eczema in #FloridaHurricane zone can u pls donate @SaveTheChildren,Resource Requests,train,True
Rescue needed 2 families stuck in floodwaters in #HoustonHarvey Oak Forest neighborhood @USCG @NFD,Resource Requests,train,True
Pls can we get 100 bottles of water 2 residents of 70s in #CaliforniaW Wildfire affected Paradise neighborhood ASAP,Resource Requests,train,True
Group of volunteers in Thiruvalla need transport 2 & from flooded areas 2 #KeralaFloodRelief camp @RedCross @SamaritanPurse,Resource Requests,train,True
PLS HELP 100 families stuck in flooding in East Village NYC water & shelter needed ASAP #NYCFloods @RedCross @NYCgov,Resource Requests,train,True
"Group of 12 need food, meds & transport 4 elderly & kids from 1200 block of Oak St in Houston after Ida #HurricaneRelief @FEMA @RedCross",Resource Requests,train,True
"URGENT 4 ppl with medical conditions (diabetes, epilepsy) in flooded area of Little Haiti, Miami need insulin & emergency meds NOW #HurricaneHelp @MiamiDadeEM @RedCross",Resource Requests,train,True
"@USArmy & @NDRF plz assist, 500+ ppl trapped on top floor of Plaza Towers in Tulsa, OK need rescue ASAP, incl 100+ kids #TulsaTornado",Resource Requests,train,True
"WE ARE RUNNING OUT OF WATER in coastal town of Nagapattinam, India after Cyclone Nisha need aid ASAP #CycloneNisha @NDRF @UNICEF",Resource Requests,train,True
"PLEASE HELP, 200 families in Puerto Rico need generators 4 power @FEMA @USACE @RedCross",Resource Requests,train,True
2 elderly ppl w/ heart condition & oxygen dependency stranded in flooded streets of downtown New Orleans need medical transport #HurricaneHelp @NOEMS @RedCross,Resource Requests,train,True
"GROUP OF 7 NEED SHOWER KITS, TOWELS & BABY SUPPLIES (diapers, formula) 4 newborns in storm-ravaged area of Florida #FloridaHurricane @SalvationArmy @RedCross",Resource Requests,train,True
"PLS send help 4 300+ ppl in homeless shelter in Santa Rosa, CA need food, water, toiletries & warm blankets #CaliforniaFires @RedCross @SalvationArmy",Resource Requests,train,True
"IF ANYONE HAS A ROOFING TRUCK & CREW IN THE AREA, PLEASE GET IN TOUCH @NORCALSENTER @RedCross #HoustonFloods",Resource Requests,train,True
@RedCross pls help us in kaloor kerala we r in desperate need of food and water 4 our 30 family members,Resource Requests,train,True
KeralaFloods SOS pls help us in chakka ernakulam need shelter 4 50 ppl incl 2 aged ppl and a kid it's raining heavily,Resource Requests,train,True
we need ur help pls donate medical supplies (bandages & gloves) 2 our shelter in kalamassery kerala ppl r suffering,Resource Requests,train,True
@NDRF & @CMO Kerala help us in palarivattom ernakulam need transport 4 12 ppl 2 safety its getting worse,Resource Requests,train,True
need baby supplies ASAP (diapers & milk) 4 our group of 12 in kochi need ppl with heart pls respond,Resource Requests,train,True
SOS in kerala! need power generator in our shelter in vyttila pls contact us freely 9447732101,Resource Requests,train,True
group of 12 need shelter in thripunithura pls help us c u @RedCross @NDRF keralaFloods its raining heavily,Resource Requests,train,True
its an emergency! 25 ppl stuck in flooded area in kadavanthra kerala need rescue help pls hurry,Resource Requests,train,True
pls share this tweet! we r in urgent need of water purifiers in our shelter in ernakulam kerala ppl r suffering,Resource Requests,train,True
ERNALAKULAM need medical aid pls help us ASAP with doctors & nurses 4 our shelter in kerala keralaFloods its getting worse,Resource Requests,train,True
"HELP! Group of 12 ppl stuck in Kerala's Thrissur district, need FOOD & SHLT ASAP #KeralaFloods @RedCross @NDRF",Resource Requests,train,True
"URGENT: pls send WATER trucks 2 Trivandrum's Puthenvelikkara area, 50 families stranded @NDMA @GOI",Resource Requests,train,True
"PLEASE HELP! 8yr old son has diabetes, need MEDICAL SUPPLIES in Alappuzha, Kerala #MedicalAid @WHO",Resource Requests,train,True
"Cyclone shelters FULL in Odisha, need EMERGENCY POWER backup in Puri district #CycloneAlert @PowerGridInd",Resource Requests,train,True
"Rescue team stuck in Nepal's Sindhupalchok district, need TRANSPORT 4 emergency evac #NepalQuake @NDRG",Resource Requests,train,True
PLEASE ASSIST! Group of seniors at Bengaluru's Jayanagar 4th block need FOOD & WATER delivery @BMRC @Karnataka,Resource Requests,train,True
"NEED URGENT HELP in Tamil Nadu's Rameswaram, low tide stranded 200 ppl, need RESCUE BOATS #RameswaramFloods @IndianNavy",Resource Requests,train,True
"Group of expectant mothers in Kolkata's Sovabazar area need MEDICAL CARE ASAP, pls HELP! @IIFM @WBHealth",Resource Requests,train,True
"PLEASE REPOST! We r organizing FOOD & CLOTHES distribution in Gujarat's Surat, need DONATIONS @SDRF @GujaratGov",Resource Requests,train,True
"URGENT: 12 families in Assam's Guwahati, need SHLTR & FOOD, pls send HELP ASAP #AssamFloods @AssamPolice",Resource Requests,train,True
"NEED URGENT HELP IN FLOODED KERALA NEED OXYGEN TANKS FOR 50 PEOPLE IN KOCHI, WE R RUNNING OUT OF TIME #KeralaFloods @RedCross @NDRF",Resource Requests,train,True
"PLEASE HELP WE R 7 FAMILY MEMBERS TRAPPED IN A 3RD FLOOR APARTMENT ON 34TH AVE IN QUEENS, NY, WE R RUNNING OUT OF FOOD & WATER",Resource Requests,train,True
"EMERGENCY NEED 10,000 LITERS OF BOTTLED WATER FOR 120 FAMILIES IN FLORIDA STRONGEST HIT HURRICANE MARIA PLEASE HELP @FEMA @GovernorScott",Resource Requests,train,True
"GROUP OF 12 NEED RESCUE FROM FLOODED NEIGHBORHOODS OF SURAT, GUJARAT, INDIA, PLEASE DM US WITH RESCUE COORDINATES #IndianFloods @NDR",Resource Requests,train,True
PLZ SHARE WE R IN NEED OF BABY FORMULA & PAMPERS FOR NEWBORN BABY IN HOSPITAL IN PUERTO RICO DUE 2 HURRICANE MARIA @UNICEF @GovPR,Resource Requests,train,True
NEED POWER GENERATORS FOR 20 HOMES IN STORM DAMAGED NEW ORLEANS WE R LOST POWER FOR 5 DAYS NOW,Resource Requests,train,True
"@AmericanRedCross PLEASE HELP WE R A FAMILY OF 4 FROM STORM DAMAGED SRI LANKA WE NEED FOOD, SHOWER & SHELTER FOR 1 WEEK",Resource Requests,train,True
PLEASE HELP WE R IN NEED OF MEDICAL AID FOR 30 PEOPLE IN FLOODED KERALA NEED DOCTORS & MEDICINES ASAP #KeralaFloods @WHO,Resource Requests,train,True
"GROUP OF 8 NEED RESCAPED FROM FLOODED AREA OF CHANDIGARH, PUNJAB, INDIA PLEASE DM US WITH RESCUE COORDINATES @BSF",Resource Requests,train,True
"URGENT NEED 1000 BOTTLES OF WATER & 50 ENERGY BARS FOR 50 PEOPLE IN FLOODED AREAS OF MIAMI, FL WE R IN NEED OF HELP ASAP",Resource Requests,train,True
"PLEASE WE NEED WATER at 1456 Maple St, Houston, 50 ppl, pls send ASAP #HurricaneHarvey",Resource Requests,train,True
"anyone near 12th St, LA with medical supplies pls DM me, grandma needs her meds #LAFires",Resource Requests,train,True
"group of 12 need rescue at 345 W Main, Puerto Rico, can anyone help? #MariaRelief",Resource Requests,train,True
"NEED FOOD at 1234 S Broadway, CA, 30 ppl, ages 2-8, diapers, formula #CampFireAid",Resource Requests,train,True
"@NDRF pls send help, we are stuck in 78th St, Chennai, 10 ppl, elderly #KeralaFloods",Resource Requests,train,True
"if u r in NYC, pls donate @RedCross supplies, we need them @ 4567 6th Ave, Brooklyn #NYCFloods",Resource Requests,train,True
"HELP, grandma at 901 E Jefferson, Baton Rouge, needs insulin, pls send ASAP #HurricaneHelp",Resource Requests,train,True
"if anyone has a generator, pls send to 5678 Oak St, San Francisco, 20 ppl, pls #PowerOutage",Resource Requests,train,True
"PLEASE HELP, my baby (3 mos) needs diaper change, we r at 1111 N Main, Miami #HurricaneIrma",Resource Requests,train,True
"anyone near our campsite at 2345 Big Sur, CA, can u pls bring us water, we r 20 ppl #MontereyFires",Resource Requests,train,True
"URGENT pls help @RedCross @NDRF we r trapped in 3rd flr @ 1420 oak st, new orleans, 8 people incl 2 infants & 2 elderly w/diabetes #HurricaneHelp",Resource Requests,train,True
"NEIGHBORHOOD NEEDS pls bring water @water & non-perishable food 2 1234 elm st, brooklyn, 15 families affected #NYCaid",Resource Requests,train,True
"GIVE ME BACK MY FAMILY pls rescue 8 people @ 2345 cherry st, las vegas, 2 kids 4 & 3 yrs #LasVegasStorm",Resource Requests,train,True
"GROUP OF 12 NEED SHOWER & BATH SUPPLIES @ 5678 oak blvd, san francisco, 30 people incl 5 elderly #SanFranAid",Resource Requests,train,True
"WHERE R THE RESCUES @? my grandma @ 9012 maple st, atlanta, has heart condition & cant leave home #AtlantaStorm",Resource Requests,train,True
"PLEASE HELP 100S FAMILIES @ 1111 pine st, miami, NEED FOOD & WATER #MiamiAid",Resource Requests,train,True
"WE R OK BUT NEED MED SUPPLIES @ 3232 palm st, los angeles, 50 people incl 10 w/diabetes #LALifeaid",Resource Requests,train,True
"PLEASE BRING BATTERIES & FLASHLIGHTS @ 5656 willow st, detroit, 20 families affected #DetroitAid",Resource Requests,train,True
"WE R STUCK IN 4TH FLR @ 7890 main st, philadelphia, 10 people incl 2 kids & 2 elderly #Phillystorm",Resource Requests,train,True
"NEED Generator & POWER SUPPLIES @ 1212 broad st, boston, 50 people incl 10 w/electric wheelchairs #BostonAid",Resource Requests,train,True
"WE NEED HELP @NDRF PLEASE SEND RESCUE TEAMS TO KANDIVALI, MUMBAI WE R STUCK UNDER DEBRIS #MumbaiFloods",Resource Requests,train,True
"Group of 12 need shelter & food ASAP in Katihar, Bihar, after cyclone hit pls DM me #BiharCyclone",Resource Requests,train,True
"URGENT: family of 3 needs medical aid @RedCross we r in need of EpiPens & blood pressure meds in Salmabad, Telangana #TelanganaFloods",Resource Requests,train,True
"WHERE IS THE POWER @ElectricityDept WE NEED GENERATORS IN BENGALURU, KARNATAKA pls help #PowerOutage",Resource Requests,train,True
"plz send water bottles to this old lady - 80yrs old, diabetic - we r in Thane, Maharashtra #WaterEmergency",Resource Requests,train,True
"We r in desperate need of wheelchairs & crutches in earthquake hit areas of Kathmandu, Nepal pls contact @NepalRedCross #NepalEarthquake",Resource Requests,train,True
"Group of ppl stranded in flooded areas of Ranchi, Jharkhand need rescue boats @NDRF pls help #JharkhandFloods",Resource Requests,train,True
baby supplies pls! we need nappies & formula for 12 babies in cyclone hit areas of Odisha @UNICEFIndia #OdishaCyclone,Resource Requests,train,True
"Need a helicopter for emergency rescue in landslide hit areas of Shimla, Himachal Pradesh pls contact @IAF_MCC #HimachalLandslide",Resource Requests,train,True
"URGENT: family of 5 needs shelter, food & blankets in flood hit areas of Kozhikode, Kerala pls help @RedCross #KeralaFloods",Resource Requests,train,True
HURRICANE HELP in Port Arthur Texas @FEMA @AmeriCares 40 seniors & disabled need FOOD & WATER delivered 2 doorsteps pls help,Resource Requests,train,True
GROUP OF 12 NEED RESCUE help us @Navy @CGO @USCG we r in coastal zone of cyclone affected Odisha pls send boats & crew,Resource Requests,train,True
PLEASE RETWEET my mum in #HurricaneIota hit area needs BLOOD TRANSPORT due to injury @RedCross @AmericanRedCross,Resource Requests,train,True
"HELP NEEDED FOR KIDS 20 toddlers in shelter @SaveTheChildren @Unicef require diapers, baby wash, & milk in #FloodRelief",Resource Requests,train,True
CALLING OUT TO ppl in #CaliforniaWildfires we r in need of generators & gas @PGandE @CaliforniaFire,Resource Requests,train,True
IF U CAN HELP pls send 2x4s & plywood 2 1st street in hurricane damaged Long Beach we need to fix homes @HomeDepot @Menards,Resource Requests,train,True
PLEASE SHARE IN #HurricaneRelief my friend in Puerto Rico needs MEDICAL OXYGEN for her dad @CrisisText @UnitedHealthcare,Resource Requests,train,True
GROUP OF 8 FAMILIES NEED TENT SHELTER @SalvationArmyUS @SamaritanPurse in #TornadoZone of Arkansas pls send ASAP,Resource Requests,train,True
CALLING ALL VETS pls RT & DM me we need MEDICAL ASSISTANCE 4 injured veteran @VA @DOD in flood zone #HurricaneDisaster,Resource Requests,train,True
PLEEEEEEASE HELP us its rinni and sammy 4 & 2 in need of diapers n wipes in #HurricaneZone @RedCross,Resource Requests,train,True
urgent need for drinking water in kerala flood hit areas 50 ppl need atleast 50 bottles of water 2day @NDRF pls help,Resource Requests,train,True
GROUP OF 12 NEED TRANSPORT 2 SAFETY ISLAND its located near highway 10 please send help ASAP #KeralaFloods,Resource Requests,train,True
"need med aid ASAP, 3yr old with high fever in #HurricaneMaria hit island send 4 more medicine & doctors @NDRF pls help",Resource Requests,train,True
"its getting dark n cold in #FloodedCity, need shelter 4 200 ppl, can someone pls help n donate shelter materials @RedCross",Resource Requests,train,True
"PLEASE HELP, my neighbor's house is flooded n the baby is stuck upstairs with her mom #HurricaneDorian",Resource Requests,train,True
we r stuck in #KeralaFloods & need air lift 4 150 ppl pls help @NDRF send us 12 choppers ASAP 2day,Resource Requests,train,True
"need more food & gas 4 family of 8, hurricane dorian is coming pls help send n get 2 safety #HurricaneDorian",Resource Requests,train,True
"PLEASE, someone rdy 2 donate shelter n warm food 4 120 elderly ppl in #KeralaFloods pls help @NDRF @RedCross",Resource Requests,train,True
URGENT NEED 4 GENERATOR in #HurricaneMaria hit island 200 ppl r left w no power n light @NDRF pls help,Resource Requests,train,True
"PLEAS HELP us @RedCross our home is flooding in #FloridaKeys, need evacuation transport ASAP for 30 ppl incl seniors & babies #HurricaneHelp",Resource Requests,train,True
"NEEDED in coastal #Orissa, 50 ppl stranded in flooded village, pls send medical aid & rescue teams to Rairangpur ASAP #Odiyclouds",Resource Requests,train,True
"GROUP OF 12 NEED shelter & food in rural #Jharkhand, our village is cut off, pls DM @NDRF for location & resources #JharkhandFloods",Resource Requests,train,True
"PPL in #PuertoRico need generators, pls send them 2 our address 123 Avenida de la Constitución San Juan #PuertoRicoStrong",Resource Requests,train,True
"WE R in dire need of water & baby formula in #Bangladesh, pls help @UNICEF send aid to Sylhet ASAP #BangladeshFloods",Resource Requests,train,True
"MY FATHER IN LAW needs oxygen tank in #Sikkim, pls send medical aid to Jorethang ASAP #SikkimFloods",Resource Requests,train,True
"NEED 2 know if anyone can provide shelter 4 families w/ disabilities in #Assam, pls DM @IndiaRedCross #AssamFloods",Resource Requests,train,True
"PLEASE HELP us @WFP send food & shelter 2 #Nepal's Dolakha district, 200 ppl affected by floods #NepalFloods2019",Resource Requests,train,True
"WHO CAN provide temporary power generators to our hospital in #Punjab, pls DM @Electricdept #PunjabFloods",Resource Requests,train,True
"GROUP OF 40 PPL IN need shelter & food in #Uttarakhand's Tehri Garhwal, pls send aid to Dharasu ASAP #UttarakhandFloods",Resource Requests,train,True
PLEASE HELP WE R 30 PPL STRANDED IN KERALA FLOODS NEED RESCUE @NDRF @RedCross #KeralaFloods,Resource Requests,train,True
"URGENT NEED 500 LITRE DRINKING WATER & FOOD PACKS FOR 75 PPL IN BANDARABARAN, COCHIN #KeralaFloods @Kerala Gov",Resource Requests,train,True
"WE NEED URGENTLY 12 BLOW UP BEDS, 20 BLANKETS, 10 RUGS & FOOD PACKS 4 35 PPL IN MANNAR, COIMBATORE @TN Gov @RedCross",Resource Requests,train,True
"PLEASE HELP 20 PPL ARE STUCK IN OUR FLAT NO 145, 1ST FLOOR, PUNE, MAHARASHTRA, NEED RESCUE ASAP #HindustanFloods @NDRF",Resource Requests,train,True
"GROUP OF 12 NEED FOOD, WATER, MEDICINE, CLOTHES 4 3 DAYS IN KOHIMA, NAGALAND #NagalandFloods @Nagaland Gov @RedCross",Resource Requests,train,True
"PLEASE HELP 5 KIDS & 2 OLD PPL NEED BABY FOOD, DIAPERS, CLOTHES & MEDICINE IN BENGALURU, KARNATAKA #KarnatakaFloods @Karnataka Gov",Resource Requests,train,True
"URGENT NEED 3 GENERATORS 4 POWER 20 HOMES IN CHENNAI, TAMILNADU, FLOODS HIT 50000 PPL #TamilNaduFloods @TamilNadu Gov",Resource Requests,train,True
"PLEASE HELP 2 PPL WITH DIABETES NEED MEDICINE & FOOD IN RAICHUR, KARNATAKA #KarnatakaFloods @RedCross @Karnataka Gov",Resource Requests,train,True
"WE ARE 20 PPL STUCK ON ROOF NO 34, 2ND FLOOR, BHOPAL, MP, NEED RESCUE ASAP PLEASE CONTACT @MP Gov @NDRF #MadhyaPradeshFloods",Resource Requests,train,True
"PLEASE SEND DOCTORS 4 25 PARENTS & KIDS IN FLOOD AFFECTED AREAS OF ORISSA, NEED MEDICAL AID ASAP #OrrisaFloods @Orrisa Gov @RedCross",Resource Requests,train,True
#KeralaFloods PLEASE HELP WE R STUCK IN TRIVANDRUM NEED RESCUE NOW 10 PEOPLE TRAPPED,Resource Requests,train,True
@NDRF @IndianRedCross need medical aid stat! 15 kids in our neighborhood are sick in Ooty,Resource Requests,train,True
group of 12 need shelter ASAP in delhi please help us find a safe place 4 tonight,Resource Requests,train,True
its been 3 days we r without power and water in karnal pls send some help,Resource Requests,train,True
NEED FOOD AND WATER SUPPLIES FOR 50 PEOPLE IN FLOOD HIT AREAS OF GUJARAT,Resource Requests,train,True
PLZ HELP US FIND OUR LOST CHILDREN WE R LOOKING EVERYWHERE IN BENGALURU,Resource Requests,train,True
need rescue contact info ASAP have 20 ppl stuck in kerala floods HELP,Resource Requests,train,True
can someone pls donate baby supplies urgently? we r in need of diapers and formula,Resource Requests,train,True
@UNICEF & @RedCross can you pls send food and shelter for 150 ppl affected by cyclone in odisha,Resource Requests,train,True
NEED TRANSPORT TO GET TO SAFETY FROM KERALA FLOOD HIT AREAS OF KOCHI,Resource Requests,train,True
"PLEASE HELP 4 THE FAMILIES IN DOWNTOWN LITTLE ROCK AR, WATER SHORTAGE IS GETTING WORSE, 30 PPL NEED CLEAN WATER ASAP #hurricaneflooding #ArkansasHelp",Resource Requests,train,True
"GROUP OF 12 NEED FOOD SUPPLIES IN BROOKLYN NY, ESPECIALLY FOR KIDS UNDER 5 & ppl w/ diabetes #brooklynNY #hurricane relief",Resource Requests,train,True
NEED ANYONE IN THE AREA OF HOUSTON TX WITH 4WD VEHICLES TO HELP RESCUE FAMILIES TRAPPED IN FLOODWATERS #HurricaneHarvey #HoustonTX,Resource Requests,train,True
"WE ARE IN NEED OF BABY SUPPLIES (DIAPERS, FORMULA, BABY FOOD) IN NEW ORLEANS, PLEASE DONATE ASAP #NOLANaturalDisaster #BabyRelief",Resource Requests,train,True
CONTACT @AmericanRedCross IF U CAN PROVIDE SHOWER TRUCKS FOR FAMILIES DISPLACED BY FLOODING IN LOUISIANA #RedCrossRelief #LouisianaFlood,Resource Requests,train,True
NEED MEDICAL AID FOR SENIOR CITIZENS IN ST PETE FLA ESPECIALLY THOSE WITH PNEUMONIA #MedicalRelief #FloridaFlood,Resource Requests,train,True
PLEASE RETWEET IF U CAN HELP TRANSPORT FAMILIES FROM FLOOD AREAS IN CHICAGO ILL TO SAFE SHELTERS #HelpFloodVictims #ChicagoRelief,Resource Requests,train,True
"WE NEED GENERATORS TO POWER LIFE SAVING EQUIPMENT IN HOSPITALS IN NYC, PLEASE DONATE ASAP #NYCRelief #HurricaneHelp",Resource Requests,train,True
"IF U R IN THE AREA OF MIAMI FLA & HAVE A BOAT, WE NEED U TO HELP RESCUE FAMILIES TRAPPED IN FLOODWATERS #MiamiFlood #RescueBoats",Resource Requests,train,True
"WE R A GROUP OF 20 IN NEED OF SHOWER TRUCKS & CLEAN CLOTHING IN OMAHA NEB AFTER FLOODING, PLEASE HELP #OmhaFlood #ShowerTrucks",Resource Requests,train,True
"PLEASE HELP ME FIND FOOD & WATER 4 MY 3 YOUNG KIDS IN DELHI, NEAR ASAF ALI ROAD - WE R OUT OF STOCK #DelhiFloods @narendramodi",Resource Requests,train,True
"group of 12 need medical aid 2day, can ppl pls DM us w/ resources 2 help our injured neighbor in MUMBAI #HurricaneHelp @RedCross",Resource Requests,train,True
"URGENT, WATER & FOOD SUPPLIES NEEDED 4 FAMILIES IN FLOOD-AFFECTED AREAS OF KERALA, SPECIFICALLY IN KAKKANADU #KeralaFloods @NDRF",Resource Requests,train,True
friend lost house in the storm & needs new clothes & essentials 4 HER 2 YRS OLD SON @NOLA @RedCross,Resource Requests,train,True
if u have a boat or a truck pls help! we r collecting supplies 4 the affected neighborhoods in NEW ORLEANS #HurricaneHelp @FEMA,Resource Requests,train,True
"anyone in BENGALURU pls help us find shelter 4 the night, my grandma is 82 & needs a place 2 stay #BengaluruFloods @BBMP",Resource Requests,train,True
"WE R IN URGENT NEED OF RESCUE HELP IN THE CARIBBEAN, SPECIFICALLY IN ST. THOMAS #IrmaRelief @UNFPA",Resource Requests,train,True
"PLEASE SHARE W/ YOUR NETWORK: WE NEED BABY SUPPLIES (DIAAPER, FORMULA, ETC.) 4 THE NEWBORN SICK W/ DIARRHEA IN THE SHELTER IN DELHI #DelhiFloods @UNICEF",Resource Requests,train,True
"pls ppl help us raise funds 2 buy a portable generator 4 my neighborhood in ORISSA, we r out of power #OdishaFloods @OdishaGovernment",Resource Requests,train,True
"if u R A DOCTOR or a nurse pls DM me, our hospital in KERALA is running out of medical supplies #KeralaFloods @KeralaHealth",Resource Requests,train,True
"URGENT HELP NEEDED in Littleton CO, entire 3rd st flooded, 20 ppl stranded, pls send power generators!",Resource Requests,train,True
"@RedCross we r in desperate need of baby formula & diapers in #HurricaneHelp devastated neighborhoods of Tampa FL, pls donate!",Resource Requests,train,True
"GROUP OF 12 NEED MEDICAL AID in flooded NYC apt bldg, 2 infants require oxygen therapy, contact @NDRF @NY1 pls help!",Resource Requests,train,True
"any 1 w a 4x4 pls come 2 123 Oak St in Nashville TN, water rising fast, need rescue NOW",Resource Requests,train,True
"PLEASE HELP 8 families in rural TX w no access 2 food, water & shelter after #HurricaneHarvey",Resource Requests,train,True
"NEED 1st AID KITS & VOLUNTEERS 4 search & rescue ops in #KeralaFloods hit areas of Alappuzha district, @UNICEF pls help!",Resource Requests,train,True
"URGENT CALL 2 ALL DRIVERS in Miami FL: pls transport ppl 2 shelter from flooded Liberty City area, 20+ families need help",Resource Requests,train,True
"PLEASE SEND FOOD SUPPLIES 2 #KeralaFloods victims in Trivandrum city, 50 families stuck w/o basic necessities",Resource Requests,train,True
"NEED VOLUNTEERS & TRUCKS in devastated Puerto Rico town of Cabo Rojo, 100+ ppl need medical & food aid, contact @FEMA",Resource Requests,train,True
"URGENT HELP NEEDED 4 PUPS & KITTENS in flooded San Jose CA pet shelter, pls send food & water, @BestFriends pls help!",Resource Requests,train,True
HELP WE NEED WATER ASAP in Puna Hawaii 5 people stuck on Kilauea Road 5yo with severe asthma,Resource Requests,train,True
PLZ DM @RedCross we got group of 12 need shelter in Port Au Prince 3 infants need warm clothes #HurricaneHelp,Resource Requests,train,True
VERIFIED @NDRF we need med aid for 30 ppl in Kerala Kochi 10 have severe cuts need stitches #KeralaFloods,Resource Requests,train,True
@NYC Mayor we r stranded on Staten Island need power back on ASAP 500 ppl affected #HurricaneRelief,Resource Requests,train,True
GOING LIVE on @facebook need ppl 2 donate baby food n diapers in Houston TX #HurricaneHarvey,Resource Requests,train,True
GROUP OF 12 NEED FOOD in Noida Sector 62 pls contact 9876543210 #IndiaFloods,Resource Requests,train,True
